reference,doi,pub_type,substrate_polymer,mcp_carrier,antimicrobial,prep_method,manufacturing_temp_c,trigger_mechanism,rh_conditions_pct,storage_temp_c,mcp_loading,release_method,release_duration,kinetic_model,release_result,produce_tested,package_vol_mass,quality_outcomes,mechanical_props,barrier_props,antimicrobial_outcomes,limitations,scaleup_relevance,concept_relevance,work_id,year,venue,authors,source,oa_status,fulltext_source,fulltext_chars,screen_decision,extraction_model,extracted_at,n_full_text_cells,n_abstract_cells,n_not_stated,n_unverifiable,n_blanked,row_confidence
Zhaoxin Cao et al. (2024). Preparation of carvacrol β-cyclodextrin inclusions and 1-methylcyclopropene-α-CD coated paper by water-free method for postharvest preservation of peach.,10.21203/rs.3.rs-4251760/v1,original_research,filter paper,α-cyclodextrin,carvacrol,coating,45 °C,humidity_moisture,"30, 98 %","4, 25, 45 °C",,gravimetric,8 days,,"92%, 88%, 73%",peach,6.9 L; 1200 ± 50 g L; g,"decay index, weight loss rate, hardness, total soluble solid (TSS), L* and a*",,,inhibition of M. fructicola mycelial growth,,low,core,doi:10.21203/rs.3.rs-4251760/v1,2024,,Zhaoxin Cao; Jingyi Su; Yali Luo; Xinyu Wang; Zhiming Liu; Yanqi Chen; Yijing Zou; Wen Shen; Xuemei Ge,epmc,,oa_pdf:https://www.researchsquare.com/article/rs-4251760/latest.pdf,77564,include,qwen3.6:35b-a3b,1785488087.9393606,17,0,5,0,0,high
"Aaruba Maqbool et al. (2024). Studies on extending the shelf life of golden delicious apples through the application of 1-methylcyclopropene (1-MCP) and KMnO4 and using various packaging materials. International Journal of Advanced Biochemistry Research, 8, 627-634.",10.33545/26174693.2024.v8.i6h.1390,original_research,polymeric film,SmartFresh cards,,,,,,,,,,,,Golden Delicious apples,,colour,,,,,high,core,doi:10.33545/26174693.2024.v8.i6h.1390,2024,International Journal of Advanced Biochemistry Research,Aaruba Maqbool; Mushtaq A Beigh; Quraazah A Amin; Towseef A Wani; Shahnaz Parveen; Shazia Akhter,openalex,diamond,oa_pdf:https://www.biochemjournal.com/archives/2024/vol8issue6/PartH/8-6-71-432.pdf,58167,include,qwen3.6:35b-a3b,1785488344.4284058,6,0,16,0,0,medium
"Prisma Espinal-Hernández et al. (2021). Postharvest effects of 1-MCP and Chitosan/Oleic acid coating in Pitaya (Stenocereus griseus H.). Journal of the Professional Association for Cactus Development, 23, 43-57.",10.56890/jpacd.v23i.322,original_research,chitosan,sachet,chitosan,coating,,liquid_water,,,,,,,,Pitaya (Stenocereus griseus H.),,"weight loss, skin firmness, total soluble solids (TSS), ethylene production, rotting incidence",,,,lab-only conditions and manual processing; requires further optimization for industrial scale,low,adjacent_material,doi:10.56890/jpacd.v23i.322,2021,Journal of the Professional Association for Cactus Development,Prisma Espinal-Hernández; María Teresa Colinas-León; Ma. Carmen Ybarra-Moncada; Sergio M. Méndez-Zúñiga; Joel Corrales-García,openalex,diamond,oa_pdf:https://jpacd.org/jpacd/article/download/322/312,53313,include,qwen3.6:35b-a3b,1785488506.4081483,10,0,12,0,0,high
"Soesiladi Esti Widodo (2015). Effects of 1-Methylcyclopropene and Chitosan on the Fruit Shelf-Life and Qualities of Two Different Ripening Stages of ‘Cavendish’ Banana. Journal of Food and Nutrition Sciences, 3, 54.",10.11648/j.jfns.s.2015030102.20,original_research,chitosan,,,,,,,,,,,,,‘Cavendish’ banana,,"slow color development, fruit quality deterioration, decrease of fruit firmness, decrease of soluble solid content, increase of acidity",,,,,not_assessable,adjacent_material,doi:10.11648/j.jfns.s.2015030102.20,2015,Journal of Food and Nutrition Sciences,Soesiladi Esti Widodo,openalex,hybrid,oa_html:https://doi.org/10.11648/j.jfns.s.2015030102.20,16834,include,qwen3.6:35b-a3b,1785488778.4181647,5,0,17,0,0,medium
"Dorota Wichrowska et al. (2026). Antioxidant potential and storage stability of sweet cherries (Prunus avium L.) depending on the use of 1- methylcyclopropene in the innovative form of a sticker. Scientific Reports, 16, 13467.",10.1038/s41598-026-42369-3,original_research,,Vidre+ stickers,,,,,90–95 %,2–3 °C,"1, 2, 4 uL of 1-MCP per liter uL/L",,24 h h,,,sweet cherries (Prunus avium L.),"One Liter clamshells, 6 kg batches L, kg","weight loss, firmness, stem browning, visual index, dry matter, vitamin C, total polyphenols, anthocyanins, total soluble solids, reducing and total sugars, antioxidant capacity",,,,Lack of actual concentration measurement,low,low,doi:10.1038/s41598-026-42369-3,2026,Scientific Reports,Dorota Wichrowska; Andrzej Wolan; Tim Malefyt,epmc,gold,epmc_jats:PMC13111586,46799,include,qwen3.6:35b-a3b,1785488926.734344,11,0,10,1,1,high
"Xukai Hou et al. (2026). The impact of 1-MCP treatment combined with polyethylene film bag packaging on the quality of ‘Shannong Su’ pears during storage. Food Chemistry: Molecular Sciences, 12, 100358.",10.1016/j.fochms.2026.100358,original_research,polyethylene film bag,,,,,,90-95 %,4.00 ± 0.50 °C,1 μL/L,gc_fid,120 days,,inhibited ethylene production,'Shannong Su' pears,,"Firmness, ethylene release rate, total sugar content, titratable acid content, total antioxidant capacity, starch content, protopectin content, cellulose content",,,,The study is limited to a single pear cultivar and requires validation across other cultivars with different physiological traits.,high,core,doi:10.1016/j.fochms.2026.100358,2026,Food Chemistry: Molecular Sciences,Xukai Hou; Rui Zhang; Xinmeng Zhou; Lu Li; Sumin Qi; Nan Wang; Zongying Zhang; Xuesen Chen,epmc,gold,epmc_jats:PMC12870802,42605,include,qwen3.6:35b-a3b,1785489132.8830295,12,0,10,0,0,high
Dorota Wichrowska et al. (2025). Antioxidant Potential and Storage Stability of Sweet Cherries (Prunus Avium L.) Depending on the Use of 1- Methylcyclopropene.,10.21203/rs.3.rs-6546955/v1,original_research,,sticker,,,,,90–95 %,2–3 °C,"1, 2, 4 uL/L uL/L",,,,,sweet cherries (Prunus avium L.),1 Liter clamshells L,"weight loss, stem browning, firmness, fruit quality, dry matter, vitamin C, total polyphenols, anthocyanins, total soluble solids, reducing sugars, total sugars, antioxidant capacity (FRAP)",,,,"The study relies on theoretical dosing without verifying actual internal concentrations, and uses a small-scale laboratory setup with plastic bags rather than industrial packaging conditions.",medium,adjacent_mechanism,doi:10.21203/rs.3.rs-6546955/v1,2025,,Dorota Wichrowska; Andrzej Wolan; Tim Malefyt,"crossref,epmc",,oa_pdf:https://www.researchsquare.com/article/rs-6546955/latest.pdf,59851,include,qwen3.6:35b-a3b,1785489310.6657395,10,0,10,2,2,high
"H D Ariyanto et al. (2019). Effect of 1-Methylcyclopropene Release from Inclusion Complexes Powder on the Quality of Tomato by Short-Term Treatment. IOP Conference Series: Earth and Environmental Science, 309, 012065.",10.1088/1755-1315/309/1/012065,conference_paper,,α-cyclodextrin,1-MCP,,,,,,"5, 15 and 30 mg mg",,,,,tomatoes,,red colour index,,,,Small sample size and lab-only conditions; short-term storage evaluation.,low,core,doi:10.1088/1755-1315/309/1/012065,2019,IOP Conference Series: Earth and Environmental Science,H D Ariyanto; M N Bercis; H Yoshii,openalex,diamond,oa_html:https://doi.org/10.1088/1755-1315/309/1/012065,6308,include,qwen3.6:35b-a3b,1785489510.1275017,8,0,13,1,1,medium
"Cheng Zhao et al. (2026). Combined application of 1-methylcyclopropene and silicon-window modified atmosphere packaging delays cell wall degradation and softening in cold-stored ‘Saiwaihong’ apples. Food Chemistry, 523, 150131.",10.1016/j.foodchem.2026.150131,original_research,,,,,,,,,,,,,,'Saiwaihong' apples,,"firmness loss 21.50%, weight loss 6.23%",,,,,,core,doi:10.1016/j.foodchem.2026.150131,2026,Food Chemistry,Cheng Zhao; Jiefen Cui; Hao Wu; Xuanming Tang; Xueping Wang; Mengyu Ma; Ting Liu; Yanfang Pan; Jinkai Zheng,epmc,,oa_html:https://research.wur.nl/en/publications/combined-application-of-1-methylcyclopro,5791,include,qwen3.6:35b-a3b,1785489634.836603,3,0,18,1,1,medium
"Liying Yang et al. (2026). Efficient Preservation of Perishable Fruits by Erasable Metal‐Organic Frameworks. Advanced Science, 13, e19222.",10.1002/advs.202519222,original_research,carboxymethyl chitosan (CMCS),,clove essential oil (CEO),coating,,,75 %,25 °C,,,,,,emperor bananas,,,tensile strength: 30–35 MPa MPa,water-vapour transmission rate: 1104.99 ± 5.37 g m −2 day −1 g m −2 day −1,,high energy consumption and reliance on organic solvents,low,core,doi:10.1002/advs.202519222,2026,Advanced Science,Liying Yang; Jia Kong; Haoran Bai; Xiaojie Wu; Douxin Xiao; Ming Du; Peng Yang; Alideertu Dong,epmc,gold,epmc_jats:PMC12970200,46000,include,qwen3.6:35b-a3b,1785489738.8834412,11,0,9,2,2,high
"Hongsheng Zhou et al. (2025). Improving the Surface Color and Delaying Softening of Peach by Minimizing the Harmful Effects of Ethylene in the Package. Foods, 14, 2472.",10.3390/foods14142472,original_research,,,,,,,,22 ± 2 °C,1.5 μL·L −1,,8 d,,,Honey peach,,"firmness, color change, anthocyanin content, weight loss",,,,,low,background,doi:10.3390/foods14142472,2025,Foods,Hongsheng Zhou; Siyu Ma; Jing Zhao; Ying Gao; Wen Huang; Yingtong Zhang; Jun Ling; Qian Zhou; Pengxia Li,epmc,gold,epmc_jats:PMC12295221,44149,include,qwen3.6:35b-a3b,1785489938.7573035,7,0,14,1,1,medium
"Laras Putri Wigati et al. (2025). Influence of cellulose nanocrystal formulations on the properties of pregelatinized cornstarch and cornmint essential oil films. Scientific Reports, 15, 18997.",10.1038/s41598-025-03318-8,original_research,pregelatinized cornstarch,,cornmint essential oil,solution_casting,60 °C,,,,,,,,,Apples,,,,"water vapor transmission rate, water vapor permeability g h −1 m −2, g mm h −1 m 2 kPa",,Reduced mechanical strength at higher CNC concentrations and lack of real-world food application testing.,medium,adjacent_material,doi:10.1038/s41598-025-03318-8,2025,Scientific Reports,Laras Putri Wigati; Ata Aditya Wardana; Francis Ngwane Nkede; Meng Fanze; Mohammad Hamayoon Wardak; M. A. Reshaka Kavindi; Tran Thi Van; Xirui Yan; Fumina Tanaka; Fumihiko Tanaka,epmc,gold,epmc_jats:PMC12125276,63589,include,qwen3.6:35b-a3b,1785490099.3318079,9,0,11,2,2,medium
"Zhibin Pan et al. (2024). Effects of oregano essential oil Pickering emulsion and ZnO nanoparticles on the properties and antibacterial activity of konjac glucomannan/carboxymethyl chitosan nanocomposite films. RSC Advances, 14, 6548-6556.",10.1039/d3ra07845k,original_research,konjac glucomannan/carboxymethyl chitosan,,oregano essential oil,solution_casting,45 °C,,,,,,,,,,,,,,inhibition zones against E. coli and S. aureus,,low,adjacent_material,doi:10.1039/d3ra07845k,2024,RSC Advances,Zhibin Pan; Weiquan Zhong; Jingting Xu; Danjie Li; Junhan Lin; Weibin Wu; Jie Pang; Chunhua Wu,epmc,gold,epmc_jats:PMC10882515,32153,include,qwen3.6:35b-a3b,1785490289.2281501,7,0,13,2,2,medium
"Anna Yu. Pnevskaya et al. (2026). In Situ Diffuse Reflectance Infrared Fourier‐Transform Spectroscopy Investigation of 1‐Methylcyclopropene Adsorption in Cobalt–Formate Metal–Organic Framework. ChemistryOpen, 15, e202500559.",10.1002/open.202500559,original_research,,,1-methylcyclopropene (1-MCP),other,,temperature,,ca. 55 °C,,other,about 20 min,,>90% of 1-MCP capture efficiency by Co-FA at room temperature,banana fruits,,"yellow color, solid texture, brown spotting, darker color, soft composition, mold",,,,Lack of humidity control in validation tests led to mold growth after 12 days across all groups.,not_assessable,adjacent_mechanism,doi:10.1002/open.202500559,2026,ChemistryOpen,Anna Yu. Pnevskaya; Andrei A. Tereshchenko; Aram Bugaev,epmc,gold,epmc_jats:PMC12949449,26629,include,qwen3.6:35b-a3b,1785490452.0985932,12,0,8,2,2,high
"Yuxuan Ban et al. (2026). Preparation of a Pickering emulsion film loaded with essential oils extracted from chili pepper leaves and its application in the post-harvest preservation of fresh broccoli. Current Research in Food Science, 12, 101411.",10.1016/j.crfs.2026.101411,original_research,chitosan/polyvinyl alcohol,,chili pepper leaf essential oil (CPLEO),solution_casting,40 °C,,90 ∼ 95 %,4 ± 2 °C,,,,,,fresh broccoli,,,"18.5 MP tensile strength, 280% elongation at break MP, %",2.0 g/m<sup>2</sup>/h water vapor permeability g/m<sup>2</sup>/h,inhibition zone diameter increased by 50% against Listeria monocytogenes and 158% against Erwinia carotovora,Preservation efficacy validated only for broccoli under short-term refrigerated conditions; lacks industrial scalability data and safety assessments of CPLEO migration.,low,adjacent_material,doi:10.1016/j.crfs.2026.101411,2026,Current Research in Food Science,Yuxuan Ban; Juntao Wang; Xiaoqian Guo; Uğur Yegül; Xianghong Wang; Si Mi,epmc,gold,epmc_jats:PMC13138034,64508,include,qwen3.6:35b-a3b,1785490638.3417547,13,0,8,1,1,high
"Kyoungook Kim et al. (2025). Effects of sachet-type 1-methylcyclopropene (1-MCP) treatment on
                    fruit quality during ambient and cold storage of Hongro
                    apples. Food Science and Preservation, 32, 595-602.",10.11002/fsp.2025.32.4.595,original_research,,,,,,liquid_water,,"20±2°C, 0±0.5°C °C",,,,,,Hongro apples,10 kg box kg,"firmness (64.0-65.2 N), colour (L*, a*, b*), soluble solids (SSC), weight loss, ethylene concentration (IEC: 0.4-14.4 μL/L)",,,,Requires further studies to determine optimal SFIS concentration for practical grower application,low,core,doi:10.11002/fsp.2025.32.4.595,2025,Food Science and Preservation,Kyoungook Kim; Areum Han; Eonji Kim; Jung-Geun Kwon; Nay Myo Win; Jingi Yoo; In-Kyu Kang,crossref,,oa_html:https://doi.org/10.11002/fsp.2025.32.4.595,24177,include,qwen3.6:35b-a3b,1785490867.1376832,8,0,13,1,1,medium
"Jia Kan et al. (2025). Interfacial Engineering of High-Performance Pickering Emulsion–Gelatin Composite Films for Active Packaging. Foods, 14, 3978.",10.3390/foods14223978,original_research,gelatin,,oregano essential oil,solution_casting,35 °C,passive_diffusion,,25 °C,,other,,fickian,The Korsmeyer–Peppas model showed higher correlation coefficients (R 2 = 0.9592 for 50% ethanol and 0.9518 for 10% ethanol) than the Higuchi model (R 2 = 0.8941 for 50% ethanol and 0.8879 for 10% ethanol). The release exponent ( n ) values of 0.2389 and 0.1991 (<0.45) confirmed that the OEO release followed a Fickian diffusion mechanism,,,,"tensile strength: 41.2 MPa, elongation at break: 97.5%, modulus: 744.9 MPa, puncture: exceptional resistance MPa, %","WVP: 3.98 × 10 −14 g·cm·cm −2 ·s −1 ·Pa −1, OP: 1.89 × 10 −17 cm 3 ·cm·cm −2 ·s −1 ·Pa −1 g·cm·cm −2 ·s −1 ·Pa −1, cm 3 ·cm·cm −2 ·s −1 ·Pa −1","inhibition zones: E. coli 22.32 ± 0.24 mm, S. aureus 39.58 ± 0.74 mm",,medium,adjacent_material,doi:10.3390/foods14223978,2025,Foods,Jia Kan; Mingzhu Li; Menghuan Liu; Ning Jiang; Zefeng Yue; Hao Yu; Rongxue Sun; Qianyuan Liu; Saikun Pan; Cheng Wang,epmc,gold,epmc_jats:PMC12652791,65119,include,qwen3.6:35b-a3b,1785491035.4724424,14,0,8,0,0,high
"Qiyuan Feng et al. (2025). Tannic Acid-Modified Sodium Caseinate Pickering Emulsion Coatings: Characterization, Enhanced Mechanical/Antibacterial Properties, and Application in Cherry Tomato Preservation. Foods, 14, 3190.",10.3390/foods14183190,original_research,carboxymethyl tara gum,,bergamot essential oil,coating,,,,,,other,,,relatively stable and slower than SC,cherry tomatoes,,"weight loss, firmness, TSS (soluble solids), lycopene, vitamin C, MDA",,,inhibition zones against Escherichia coli and Staphylococcus aureus,Lab-only conditions without supply chain simulations.,not_assessable,adjacent_mechanism,doi:10.3390/foods14183190,2025,Foods,Qiyuan Feng; Hesheng Wang; Xinyu Yang; Linna Wang; Tian Li; Limin Guo; Silong Jia; Yaqian Yang; Youwei Yu; Shaoying Zhang,epmc,gold,epmc_jats:PMC12469039,58846,include,qwen3.6:35b-a3b,1785491302.576215,11,0,8,3,3,low
"Andreas Romulo et al. (2024). Enhancing Antimicrobial Activity of Thyme Essential Oil Through Cellulose Nano Crystals-Stabilized Pickering Emulsions. Foods, 13, 3706.",10.3390/foods13223706,original_research,sodium alginate,,thyme essential oil (TEO),solution_casting,35 °C,,,,,,,,,,,,,,MIC50 of 4096 µg/mL against Staphylococcus aureus and Escherichia coli; MIC50 > 8192 µg/mL for 5% TEO,Formulation requires further optimization and broader application testing,low,adjacent_material,doi:10.3390/foods13223706,2024,Foods,Andreas Romulo; Vania Salsabila Anjani; Ata Aditya Wardana,epmc,gold,epmc_jats:PMC11593629,43832,include,qwen3.6:35b-a3b,1785491490.9328604,8,0,14,0,0,medium
"Peng Liu et al. (2015). Research on SO&lt;sub&gt;2&lt;/sub&gt; Controlled Release Packaging on the Preservation Performance of ‘Kyoho’ Grapes. Applied Mechanics and Materials, 731, 369-373.",10.4028/www.scientific.net/amm.731.369,conference_paper,,,,,,,,23±1 °C,,,,,,Kyoho grapes,,"appearance quality, water loss, stem browning, solidity, TSS and TA, rot rate, stem browning index",,,,,,core,doi:10.4028/www.scientific.net/amm.731.369,2015,Applied Mechanics and Materials,Peng Liu; Dong Li Li; Wen Cai Xu; Ya Bo Fu,openalex,hybrid,oa_html:https://doi.org/10.4028/www.scientific.net/amm.731.369,7619,include,qwen3.6:35b-a3b,1785491675.9442036,4,0,17,1,1,medium
"Liufeng Wang et al. (2026). Chitosan-Based Composite Films Reinforced with Zein–Inulin–Thyme Essential Oil Pickering Emulsion for Enhanced Structural Integrity and Preservation Capacity. Foods, 15, 484.",10.3390/foods15030484,original_research,chitosan,,thyme essential oil,solution_casting,35 °C,,,,,,,,,blueberries,,"weight loss, firmness decline, pH increase, total soluble solids content, reducing sugar content, appearance/decay",,,"inhibition zone diameter, total plate count (TPC), yeasts and molds (Y&M) counts",biosafety and migration behavior not evaluated; practical applicability requires further study,low,low,doi:10.3390/foods15030484,2026,Foods,Liufeng Wang; Hongxin Xue; Yujie Ling; Xinping Zhong; Kuntai Li; Qiuming Zheng; Xiaoqing Chen; Xinyi He; Minghui Tan,epmc,gold,epmc_jats:PMC12896857,46708,include,qwen3.6:35b-a3b,1785491795.7587252,10,0,9,3,3,low
"Niloofar Shirdam et al. (2026). Synthesis, characterization, and evaluation of antimicrobial double-layer mat incorporating nisin and thyme essential oil to enhance food safety. Scientific Reports, 16, 10265.",10.1038/s41598-025-34848-w,original_research,"chitosan, poly (vinyl alcohol), cellulose acetate",,"nisin, thyme essential oil",electrospinning,90 °C,,,,,,,,,,,,elongation at break of 21.66 ± 0.62% %,,inhibition zones reaching 27.26 ± 1.60 mm for L. monocytogenes and 25.13 ± 1.40 mm for E. coli; reduced L. monocytogenes by 2 logs,"Evaluated only in broth-based model systems with two reference strains, lacking testing in real food matrices, variable storage conditions, migration behavior, release kinetics, sensory impacts, barrier properties, and techno-economic assessments.",high,adjacent_mechanism,doi:10.1038/s41598-025-34848-w,2026,Scientific Reports,Niloofar Shirdam; Mohammad Mir-Derikvand; Ali Hossein Rezayan; Mahsa Kalantar,epmc,gold,epmc_jats:PMC13031788,45688,include,qwen3.6:35b-a3b,1785491963.53408,9,0,12,1,1,medium
"Xiuxiu Teng et al. (2025). 4D printed deformation labels with machine learning for monitoring and preservation of respiring climacteric fruits. Nature Communications, 16, 11525.",10.1038/s41467-025-66554-6,original_research,konjac glucomannan grafted with methacrylic anhydride,,garlic essential oil,printing,25 °C,mechanical,93 %,25 °C,,other,10 days,korsmeyer_peppas,cumulative release of 1 upper layer-30%-60° labels was 42.32% higher than that of 4-upper layer-30%-90° labels on 10 th day,"kiwi fruits, green mangoes, and persimmons",,"hardness, titratable acid content, soluble solid content, weight loss rate, sensory evaluation",,,total bacterial count,Requires dedicated packaging space and is restricted to climacteric fruits,low,core,doi:10.1038/s41467-025-66554-6,2025,Nature Communications,Xiuxiu Teng; Min Zhang; Arun S. Mujumdar; Chunli Li,epmc,gold,epmc_jats:PMC12749378,76789,include,qwen3.6:35b-a3b,1785492150.3944736,17,0,4,1,1,high
"Yiping Liu et al. (2025). Application of a Pickering Emulsion Stabilized by Zein and Cellulose Nanocrystalline Composite Particles to Preserve Kiwifruit. Molecules, 30, 3478.",10.3390/molecules30173478,original_research,zein colloidal particles (ZCPs) and cellulose nanocrystals (CNCs),,carvacrol,other,,,,,,,,,,kiwifruit,,decay,,,inhibition rate against Botryosphaeria dothidea,,,adjacent_material,doi:10.3390/molecules30173478,2025,Molecules,Yiping Liu; Weixiang Qiu; Yalan Mo; Jing Tian; Muxiang Liao; Binghong Jia; Qian Zhou; Feichi Liu; Xiaogang Li,epmc,gold,epmc_jats:PMC12430640,41682,include,qwen3.6:35b-a3b,1785492390.7911036,7,0,13,2,2,medium
"Mariangela de Fátima Silva et al. (2025). Chitosan-Lemongrass Essential Oil on Paperboard for Active Food Packaging Applications. Polymers, 17, 473.",10.3390/polym17040473,original_research,paperboard,,lemongrass essential oil,coating,120 °C,,,,,,,,,,,,,,,lab-only extrapolation from medical device cytotoxicity standards using drastic extraction conditions not reflective of real packaging use,low,adjacent_material,doi:10.3390/polym17040473,2025,Polymers,Mariangela de Fátima Silva; Julia Vaz Ernesto; Alessandra Rigo Rinaldi; Ana Paula Reis Noletto; Patricia Santos Lopes; Rosemary Aparecida de Carvalho; Vitor Augusto dos Santos Garcia; Cristiana Maria Pedroso Yoshida,epmc,gold,epmc_jats:PMC11859360,44969,include,qwen3.6:35b-a3b,1785492581.5060704,7,0,13,2,2,medium
"Tianyu Jiang et al. (2025). Sustainable active packaging developed using starch-based foam incorporating 1-Methylcyclopropene@α-Cyclodextrin. Carbohydrate Polymers, 347, 122696.",10.1016/j.carbpol.2024.122696,original_research,starch-based foam sheets,α-Cyclodextrin,1-MCP,,,,,,,,,,"significant reduction in ethylene production and respiration rates by up to 60.49 % and 57.50 % respectively, leading to an extension of the shelf life of climacteric fruits by 5-10 days",,,"ethylene production reduction (60.49 %), respiration rate reduction (57.50 %), shelf life extension (5-10 days)",,,,,,core,doi:10.1016/j.carbpol.2024.122696,2025,Carbohydrate Polymers,Tianyu Jiang; Yuqing Song; Limeng Chang; Qiang Huang; Wanlin He; Hongsheng Liu,"epmc,openalex",closed,,0,include,qwen3.6:35b-a3b,1785492746.4211316,0,6,0,16,1,medium
"Limeng Chang et al. (2026). Humidity-responsive starch foam pads for humidity-triggered release of 1-methylcyclopropene in litchi fruit preservation. Food Wellness, 2, 100060.",10.1016/j.foodw.2026.100060,original_research,starch foam,α-cyclodextrin,,extrusion,,humidity_moisture,93 %,25 °C,18.5 g/m² and 27.8 g/m² g/m²,,,,18.5 g/m² exhibited a more regular and sustained release profile; 27.8 g/m² showed incomplete and less regular release,litchi,,"pericarp browning, ethylene production, respiration rate, membrane stability, quality deterioration",,,,limited to litchi fruit; requires validation on other species before broader application,,core,doi:10.1016/j.foodw.2026.100060,2026,Food Wellness,Limeng Chang; Liying Peng; Jiayi Xu; Shaobo Zhang; Long Yu; Yuanhong Luo; Hongsheng Liu,"crossref,openalex",hybrid,,0,include,qwen3.6:35b-a3b,1785492887.0842404,0,12,0,10,1,medium
"Yanyi Xue et al. (2026). Morphology-regulated Pickering emulsions stabilized by soybean residue-derived nanocellulose for tunable-release bio-based food packaging. International Journal of Biological Macromolecules, 376, 153411.",10.1016/j.ijbiomac.2026.153411,original_research,chitosan,,lemon essential oil,,,,,,,,,,,blueberry,,"weight loss, firmness, titratable acidity",20.38 MPa,7.30 × 10<sup>-7</sup> g/m·s·Pa,,,high,core,doi:10.1016/j.ijbiomac.2026.153411,2026,International Journal of Biological Macromolecules,Yanyi Xue; Xinyi Zheng; Yuhang Sun; Yishuai Fu; Long Xing; Junwen Pu; Wenliang Wang,epmc,,,0,include,qwen3.6:35b-a3b,1785493026.034231,0,8,0,14,0,medium
"Wei Zhou et al. (2021). 3D printed nanocellulose-based label for fruit freshness keeping and visual monitoring. Carbohydrate Polymers, 273, 118545.",10.1016/j.carbpol.2021.118545,original_research,cellulose nanofibers (CNF),chitosan,1-methylcyclopropene (1-MCP),printing,,other,,,,,,,sustained release behavior,litchis,,shelf life,,,,,,core,doi:10.1016/j.carbpol.2021.118545,2021,Carbohydrate Polymers,Wei Zhou; Zhengguo Wu; Fengwei Xie; Shuwei Tang; Jiawei Fang; Xiaoying Wang,"epmc,openalex",bronze,,0,include,qwen3.6:35b-a3b,1785493154.8064258,0,9,0,13,1,medium
"Syariful Mubarok et al. (2022). Impact of 1-Methylcyclopropene combined with chitosan on postharvest quality of tropical banana ‘Lady Finger’. International Journal of Food Properties, 25, 1171-1185.",10.1080/10942912.2022.2074028,original_research,,,,,,,,,,,,,,Lady Finger banana,,"pH, TA, TSS, total sugar, color index, weight loss, shelf life",,,,,,,doi:10.1080/10942912.2022.2074028,2022,International Journal of Food Properties,Syariful Mubarok; Ikrima Maulida Rahman; Nadia Nuraniya Kamaluddin; Eso Solihin,openalex,gold,,0,include,qwen3.6:35b-a3b,1785493301.9739127,0,2,0,20,2,medium
"J.H. Hotchkiss et al. (2007). Release of 1‐Methylcyclopropene from Heat‐Pressed Polymer Films. Journal of Food Science, 72.",10.1111/j.1750-3841.2007.00391.x,original_research,,alpha-cyclodextrin,1-methylcyclopropene,other,above 100 degrees C,,>/= 75 %,,8/140 mg/mg polymer,gc_fid,36 to 48 h,,rapid and high,,,,,,,,,,doi:10.1111/j.1750-3841.2007.00391.x,2007,Journal of Food Science,J.H. Hotchkiss; C.B. Watkins; D.G. Sanchez,"epmc,openalex",closed,,0,include,qwen3.6:35b-a3b,1785493429.8270624,0,9,0,13,4,low
"Hermawan Dwi Ariyanto et al. (2026). Effectiveness of 1‐Methylcyclopropene Coated Paper–Based Shellac Solution During Postharvest Treatment of ‘Orin’ Apples as Functional Packaging for Extending Shelf Life. Packaging Technology and Science, pts.70101.",10.1002/pts.70101,original_research,paper,"alpha-cyclodextrin, inclusion complex",,coating,,humidity_moisture,,"4, 20 °C",,,15 days days,other,320 μL L −1,'Orin' Apples,,,,,,,,,doi:10.1002/pts.70101,2026,Packaging Technology and Science,Hermawan Dwi Ariyanto; Vita Paramita; Miho Tatsuki; Hidefumi Yoshii,openalex,closed,,0,include,qwen3.6:35b-a3b,1785493592.8370388,0,9,0,13,1,medium
"Jiarui Tong et al. (2026). Trans-2-hexenal-loaded gelatin/dialdehyde starch/nanocellulose cushioning aerogel: synergistic postharvest preservation of Chinese bayberry with 1-MCP. Food Research International, 230, 118612.",10.1016/j.foodres.2026.118612,original_research,gelatin/dialdehyde starch,,trans-2-hexenal,lyophilization,,,,4 °C,,,,first_order,sustained E2H release behavior,Chinese bayberry,,"decay, firmness",,,Penicillium citrinum,,,,doi:10.1016/j.foodres.2026.118612,2026,Food Research International,Jiarui Tong; Xiangrong Zhu; Xiumei Chen; Nengguo Tao,epmc,,,0,include,qwen3.6:35b-a3b,1785493748.9626954,0,9,0,13,0,medium
"Jiayan Zhang et al. (2025). An active packaging film prepared from aqueous two-phase Pickering emulsion and chitosan for fruit preservation. Food Chemistry, 493, 146033.",10.1016/j.foodchem.2025.146033,original_research,chitosan,,,,,,,,,,,,,bananas and tomatoes,,,,,,,not_assessable,adjacent_material,doi:10.1016/j.foodchem.2025.146033,2025,Food Chemistry,Jiayan Zhang; Changyong Cai; Yuxiao Hu; Zhijian Tan,"crossref,epmc",,,0,include,qwen3.6:35b-a3b,1785493881.7281542,0,4,0,18,0,medium
Han Zhang (2016). Optimization of encapsulation methods and conditions to maximize 1-MCP loading in modified beta-cyclodextrins.,10.7282/t39z970v,original_research,,modified β-cyclodextrin (MβCD),,other,,,,,0.535 %,,,,,,,,,,,,,core,doi:10.7282/t39z970v,2016,,Han Zhang,openalex,green,,0,include,qwen3.6:35b-a3b,1785494003.2310555,0,4,0,18,1,medium
"Suliman Khan et al. (2026). Carvacrol-enriched chitosan/berry wax active films via Pickering emulsion: a sustainable solution for extending meat shelf-life. Food Chemistry, 512, 148945.",10.1016/j.foodchem.2026.148945,original_research,chitosan/berry wax,,carvacrol essential oil,other,,,,4 °C,,,,,,rabbit meat,,,,,"Escherichia coli, Staphylococcus aureus, and Pseudomonas aeruginosa",,,,doi:10.1016/j.foodchem.2026.148945,2026,Food Chemistry,Suliman Khan; Ke Zhang; Sulafa B.H. Hashim; Mohammad Rezaul Islam Shishir; Naymul Karim; Muhammad Bilal; Zhihua Li; Xiaodong Zhai; Xiaobo Zou; Fujun Li,epmc,,,0,include,qwen3.6:35b-a3b,1785494147.905,0,6,0,16,3,low
"Lin Zhu et al. (2026). Construction of Pickering Emulsion of Amomum tsaoko Essential Oil Based on Cellulose Nanocrystals to Enhance Pullulan Film: Structure, Antibacterial Property, and Preservation Effect of Mango. Foods, 15, 2282.",10.3390/foods15132282,original_research,pullulan,,Amomum tsaoko essential oil,,,,,,,,,,,Mango,,"weight loss, soluble solids",,,,,not_assessable,adjacent_material,doi:10.3390/foods15132282,2026,Foods,Lin Zhu; Jiameng Liu; Zhikai Zhuang; Shaokai Zhang; Lijing Lin,"crossref,epmc",,,0,include,qwen3.6:35b-a3b,1785494276.9393773,0,6,0,16,1,medium
"Chongfeng He et al. (2025). Construction of magnetic response nanocellulose particles to realize smart antibacterial of Pickering emulsion. International Journal of Biological Macromolecules, 294, 139408.",10.1016/j.ijbiomac.2024.139408,original_research,cellulose nanocrystal,,oregano essential oil,other,,other,,,,,0-8 h h,,"The OEO released rapidly within 0-8 h followed by the slow release when the emulsion was stimulated by 0.2 T, 0.4 T and 0.6 T magnetic field.",,,,,,close to 100 %,,not_assessable,adjacent_mechanism,doi:10.1016/j.ijbiomac.2024.139408,2025,International Journal of Biological Macromolecules,Chongfeng He; Qishu Bai; Jingshao Huang; Zhou Xue; Min Wu; Yanna Lv,epmc,,,0,include,qwen3.6:35b-a3b,1785494393.796308,0,9,0,13,0,medium
"Mahmoud Younis et al. (2025). Improving Barhi date shelf life with cellulose nanocrystals/cinnamon oil Pickering emulsion incorporated into sodium alginate-based films. International Journal of Biological Macromolecules, 309, 143058.",10.1016/j.ijbiomac.2025.143058,original_research,sodium alginate,,cinnamon essential oil,,,,,,,,,,over 60 %,Barhi dates,,firmness,,42.23 % %,over 60 %,,,,doi:10.1016/j.ijbiomac.2025.143058,2025,International Journal of Biological Macromolecules,Mahmoud Younis; Reham M. Kamel; Abdulla Alhamdan; Enas El. Fadly; Assem I. Zein El-Abedein; Mohamed N. Saleh,epmc,,,0,include,qwen3.6:35b-a3b,1785494538.0842352,0,7,0,15,0,medium
Zou X et al. (2025). Incorporation of Schizochytrium limacinum oil-based pickering emulsion in chitosan active composite films for strawberry preservation.,,original_research,chitosan,,Schizochytrium limacinum (SL) oil,solution_casting,,,,,,,,,,strawberry,,"weight loss, firmness",,1.354 × 10⁻¹² g·cm/cm²·s·Pa,"28.84, 14.90, 95.19, 88.19",,,,title:45c3c1ec100b,2025,,Zou X; Zhao S; Xu K; Liu K; Li L; Zhang M; Yan C; Zhang X; Fang C.,epmc,,,0,include,qwen3.6:35b-a3b,1785494659.3359818,0,7,0,15,3,low
"Özge Horzum & Randolph M. Beaudry (2025). “In-box” 1-methylcyclopropene (1-MCP) treatments improve quality retention of ‘Red Delicious’ apple fruit. The Journal of Horticultural Science and Biotechnology, 101, 527-536.",10.1080/14620316.2025.2574319,original_research,corrugated cardboard,,1-methylcyclopropene,,,humidity_moisture,~98.5 %RH,,,,1 day,,The release of 1-MCP from IBP was found to be highly dependent on the relative humidity of the environment but was essentially complete within 1 day at near saturation (~98.5%RH) at 0°C.,'Red Delicious' apple,,"respiration rate, ethylene production, colour, firmness, volatiles, soluble solids, acidity, weight loss, and sensory attributes",,,,"Current efficacy could be improved by adjusting box venting, construction materials, release kinetics, and active ingredient dosage.",,core,doi:10.1080/14620316.2025.2574319,2025,The Journal of Horticultural Science and Biotechnology,Özge Horzum; Randolph M. Beaudry,openalex,closed,,0,include,qwen3.6:35b-a3b,1785494807.95116,0,10,0,12,2,medium
"Chang Shu et al. (2023). Effect of Humidity-Triggered Controlled-Release 1-Methylcyclopropene (1-MCP) on Postharvest Quality of Papaya Fruit. Horticulturae, 9, 1062.",10.3390/horticulturae9101062,original_research,,,,,,humidity_moisture,85 %,,,,,,"inhibited fruit softening, and reduced weight loss and peel color deterioration",Papaya (Carica papaya L.),,"fruit softening, weight loss, peel color deterioration",,,,,,core,doi:10.3390/horticulturae9101062,2023,Horticulturae,Chang Shu; Marisa M. Wall; Peter A. Follett; Nobuko Sugimoto; Jinhe Bai; Xiuxiu Sun,"crossref,openalex",gold,,0,include,qwen3.6:35b-a3b,1785494956.3793337,0,6,0,16,2,medium
"Custódia Gago et al. (2022). 1-Methylcyclopropene and lemongrass essential oil nanocoatings effect on the preservation of cold stored ‘Rocha’ pear. Postharvest Biology and Technology, 192, 111992.",10.1016/j.postharvbio.2022.111992,original_research,sodium alginate,,lemongrass essential oil,,,,90–95 %,0 °C,312 nL L−1,,,,,‘Rocha’ pear,,"color CIE (L*, hue), firmness, soluble solids content (SSC), titratable acidity (TA), weight loss",,,,,,core,doi:10.1016/j.postharvbio.2022.111992,2022,Postharvest Biology and Technology,Custódia Gago; Adriana Guerreiro; Sandra Cruz; Nuno Martins; Maria João Cabrita; Maria Graça Miguel; Maria Leonor Faleiro; Maria Dulce Antunes,openalex,hybrid,,0,include,qwen3.6:35b-a3b,1785495127.775796,0,8,0,14,1,medium
"Esmat F. Ali et al. (2022). The Efficacies of 1-Methylcyclopropene and Chitosan Nanoparticles in Preserving the Postharvest Quality of Damask Rose and Their Underlying Biochemical and Physiological Mechanisms. Biology, 11, 242.",10.3390/biology11020242,original_research,,,,,,,,4 or 20 °C,,,,,,damask rose,,"weight loss, relative water content, volatile oil, total anthocyanins, total carotenoids, total phenolics, antioxidant activity, ethylene evolution, H2O2 generation, malondialdehyde content, cell membrane functions, catalase activity, ascorbate peroxidase activity, polyphenol oxidase activity, lipoxygenase activity",,,,,,adjacent_material,doi:10.3390/biology11020242,2022,Biology,Esmat F. Ali; Ahmed A. Issa; Hatim M. Al-Yasi; Kamel Hessini; Fahmy A. S. Hassan,openalex,gold,,0,include,qwen3.6:35b-a3b,1785495281.261076,0,4,0,18,1,medium
"Sofia M. Costa et al. (2021). Active natural-based films for food packaging applications: The combined effect of chitosan and nanocellulose. International Journal of Biological Macromolecules, 177, 241-251.",10.1016/j.ijbiomac.2021.02.105,original_research,chitosan,,,solution_casting,,,,,,,,,,chicken meat,,,,,,,,,doi:10.1016/j.ijbiomac.2021.02.105,2021,International Journal of Biological Macromolecules,Sofia M. Costa; Diana P. Ferreira; Pilar Teixeira; Lina F. Ballesteros; José A. Teixeira; Raul Fangueiro,openalex,gold,,0,include,qwen3.6:35b-a3b,1785495416.7058325,0,3,0,19,0,medium
"Weina Wu et al. (2021). Novel packaging film for humidity-controlled manipulating of ethylene for shelf-life extension of Agaricus bisporus. LWT, 145, 111331.",10.1016/j.lwt.2021.111331,original_research,polysaccharide,palladium on carbon,,lamination,,humidity_moisture,50 to 100 % RH,,,other,,,controlled by adjusting the humidity,Agaricus bisporus,,"softening, browning, weight loss, soluble solid content",,,,,,core,doi:10.1016/j.lwt.2021.111331,2021,LWT,Weina Wu; Xiaoyu Ni; Ping Shao; Haiyan Gao,"epmc,openalex",closed,,0,include,qwen3.6:35b-a3b,1785495526.606649,0,10,0,12,2,medium
"Liping Kou et al. (2012). Extending the Shelf Life of Edible Flowers with Controlled Release of 1‐Methylcyclopropene and Modified Atmosphere Packaging. Journal of Food Science, 77.",10.1111/j.1750-3841.2012.02683.x,original_research,,,,,,,,5 °C,,,,,significantly extended storage life,carnations and snapdragons,,"flower quality, overall quality, electrolyte leakage, abscission, dehydration",,,,,,,doi:10.1111/j.1750-3841.2012.02683.x,2012,Journal of Food Science,Liping Kou; Ellen R. Turner; Yaguang Luo,openalex,closed,,0,include,qwen3.6:35b-a3b,1785495666.0346403,0,4,0,18,4,low
"Sobia Naseem et al. (2026). Chlorogenic acid crosslinked cellulose nanocomposite film embedded with chitosan for improved mechanical and barrier properties. International Journal of Biological Macromolecules, 355, 151570.",10.1016/j.ijbiomac.2026.151570,original_research,chitosan,,Chlorogenic acid,,,,,,,,,,,strawberries,,,,water-vapour permeability g/m<sup>3</sup> s Pa,,increased CNC content reduces tensile strength,low,adjacent_material,doi:10.1016/j.ijbiomac.2026.151570,2026,International Journal of Biological Macromolecules,Sobia Naseem; Muhammad Rizwan; Awais Ahmad,epmc,,,0,include,qwen3.6:35b-a3b,1785495820.2851367,0,7,0,15,1,medium
Ahn S et al. (2026). Controlled release system inducing change in stability of volatile essential oil emulsion incorporated in a hydrogel using a responsive polymer for practical active food packaging.,,original_research,polyvinyl alcohol (PVA),,lemongrass essential oil (LO),solution_casting,,humidity_moisture,"30, 50, 70, and 90 %",,,,72 h,,decreasing to 9.98 ± 1.42 % at 90 % RH,,,,,,,,,core,title:c1d0d98454af,2026,,Ahn S; Park U; Kim H; Ban C; Lim S.,epmc,,,0,include,qwen3.6:35b-a3b,1785495965.5414884,0,8,0,14,1,medium
"Ke Liu et al. (2026). L-cysteine modified carboxymethyl chitosan composite film: sustained release of cinnamon essential oil, enhanced antibacterial properties, and application in shrimp preservation. International Journal of Biological Macromolecules, 338, 149604.",10.1016/j.ijbiomac.2025.149604,original_research,oxidized hyaluronic acid and thiol-modified carboxymethyl chitosan,,cinnamon essential oil (CEO),,,other,,,,,42 h h,,sustained release over 42 h,shrimp,,"weight loss 10.54 %, TVB-N content 27.55 mg/100 g, MDA content 0.51 mg/100 g, TVC 4.88 log CFU/g, ORP -49.51 mV","elongation at break 59.83 %, puncture strength 5.89 kg/mm2 %, kg/mm2","water vapor permeability 7.14 × 10-12 g/m·s·Pa, oxygen permeability 16 × 10-9 g/m2 s g/m·s·Pa, g/m2 s",,,,adjacent_mechanism,doi:10.1016/j.ijbiomac.2025.149604,2026,International Journal of Biological Macromolecules,Ke Liu; Jinghe Sun; Xinting Zhang; Chaohui Wang; Jingfeng Yang,epmc,,,0,include,qwen3.6:35b-a3b,1785496089.064662,0,10,0,12,1,medium
"Yayue Wang et al. (2026). Moisture-triggered one-step encapsulation of cinnamaldehyde in β-cyclodextrin for humidity responsive release and food preservation. Food Chemistry, 516, 149345.",10.1016/j.foodchem.2026.149345,original_research,β-cyclodextrin,,cinnamaldehyde,spray_drying,,humidity_moisture,,,,,,,CIN release was humidity-responsive with sustained kinetics.,blueberries and cherry tomatoes,,,,,"Staphylococcus aureus, Escherichia coli, Botrytis cinerea, and Penicillium expansum",,high,core,doi:10.1016/j.foodchem.2026.149345,2026,Food Chemistry,Yayue Wang; Xiaofei Wang; Pengtao Zhao; Xinzhong Hu; Tian Ren,"crossref,epmc",,,0,include,qwen3.6:35b-a3b,1785496244.4591475,0,9,0,13,0,medium
"Tingting Zhang et al. (2026). TEMPO-oxidized cellulose nanofiber/chitosan composite films stabilized by cumin essential oil-loaded Pickering emulsions for multifunctional food preservation. International Journal of Biological Macromolecules, 362, 152106.",10.1016/j.ijbiomac.2026.152106,original_research,,,cumin essential oil,,,,,,,,,,,tomatoes and blueberries,,"weight loss, firmness decline, pH changes",mechanical strength up to 45.2 MPa MPa,"water vapor transmission ~60%, oxygen permeability lower %",inhibition zone diameters 19.5 mm for Staphylococcus aureus and 24.00 mm for Escherichia coli,,,,doi:10.1016/j.ijbiomac.2026.152106,2026,International Journal of Biological Macromolecules,Tingting Zhang; Lanfeng Hui; Zhiqiang Zhao; Rongyao Zhu; Jieting Xin; Mingyue Zhao,epmc,,,0,include,qwen3.6:35b-a3b,1785496373.6315124,0,6,0,16,1,medium
"Xiaotong Zou et al. (2025). Development and characterization of corn starch-based films enhanced with Chlorella vulgaris nanocellulose-stabilized Pickering emulsion of Zanthoxylum bungeanum essential oil for cherry tomato preservation. International Journal of Biological Macromolecules, 304, 140837.",10.1016/j.ijbiomac.2025.140837,original_research,corn starch,,Zanthoxylum bungeanum essential oil (ZBEO),,,,,,,,,,,cherry tomatoes,,"weight loss, acidity, total soluble solids",,,,,,,doi:10.1016/j.ijbiomac.2025.140837,2025,International Journal of Biological Macromolecules,Xiaotong Zou; Shaohua Zhao; Kaiwei Xu; Ke Liu; Chang Yan; Xiaojuan Zhang; Jing Chen; Youliang Cheng; Changqing Fang,epmc,,,0,include,qwen3.6:35b-a3b,1785496505.331745,0,4,0,18,2,medium
Li M et al. (2025). Performance of konjac glucomannan/tragacanth gum-stabilized eugenol particles in konjac glucomannan/chitosan films and their application in blueberry preservation.,,original_research,konjac glucomannan/chitosan,,eugenol,,,,,,,,,,,blueberries,,"decay rate, weight loss, firmness, and soluble solids",,,,,,,title:2bc4315097f8,2025,,Li M; Wei H; Wang X; Wang Y; Lei X; Dai O; Wen C; Pang J.,epmc,,,0,include,qwen3.6:35b-a3b,1785496624.2815533,0,4,0,18,3,low
"Xiaoxue Wang et al. (2025). Preparation, Characterization and Application of Antimicrobial Pectin-Konjac Glucomannan Composite Films Incorporating Cellulose Nanocrystals Stabilized Clove Essential Oil Pickering Emulsion.",10.2139/ssrn.5102163,original_research,pectin and konjac glucomannan,,clove essential oil,,,,,,,,,,CCPE could further slow down the release rate of CEO from composite films,grape,,,tensile strength: 23.58 MPa MPa,water-vapour permeability: 1.05 × 10⁻¹⁰ g/m·s·Pa g/m·s·Pa,"inhibition zone diameters: 38.77 mm (S. aureus), 29.03 mm (E. coli)",,low,core,doi:10.2139/ssrn.5102163,2025,,Xiaoxue Wang; Shasha Li; Mingwan Zeng; Haisheng Gong; Zhiqing Zhang; Xiangyang Yuan; Man Zhou; Anjun Chen; Hejun Wu,"crossref,epmc",,,0,include,qwen3.6:35b-a3b,1785496740.6437194,0,9,0,13,0,medium
"Xiaoxue Wang et al. (2025). Preparation, characterization and application of antimicrobial pectin-konjac glucomannan composite films incorporating cellulose nanocrystals stabilized clove essential oil pickering emulsion. LWT, 225, 117855.",10.1016/j.lwt.2025.117855,original_research,pectin and konjac glucomannan,,clove essential oil,,,,,,,,,,,grape,,,23.58 MPa MPa,1.05 × 10 −10 g/m·s·Pa g/m·s·Pa,38.77 mm and 29.03 mm,,,core,doi:10.1016/j.lwt.2025.117855,2025,LWT,Xiaoxue Wang; Shasha Li; Mingwan Zeng; Haisheng Gong; Zhiqing Zhang; Xiangyang Yuan; Man Zhou; Anjun Chen; Yuntao Liu; Hejun Wu,openalex,gold,,0,include,qwen3.6:35b-a3b,1785496877.3262024,0,7,0,15,1,medium
"Anna Yu. Pnevskaya & Aram L. Bugaev (2023). Theoretical screening of M3(btc)2 metal–organic frameworks for ethylene and 1-methylcyclopropene storage. Results in Chemistry, 5, 100831.",10.1016/j.rechem.2023.100831,original_research,,MOFs,,,,,,,,,,,,,,,,,,"The study relies solely on theoretical/computational screening without experimental validation, limiting its direct utility as practical evidence.",low,adjacent_material,doi:10.1016/j.rechem.2023.100831,2023,Results in Chemistry,Anna Yu. Pnevskaya; Aram L. Bugaev,openalex,gold,,0,include,qwen3.6:35b-a3b,1785497018.14759,0,4,0,18,0,medium
"Putri Amanda et al. (2022). Carrageenan functional film integrated with Pickering Emulsion of Oregano Oil Stabilized by Cationic Nanocellulose for Active Packaging. Food Science and Technology International, 30, 61-72.",10.1177/10820132221132912,original_research,carrageenan,,Oregano essential oil,other,,,,,,,,,,,,,,,,,,adjacent_material,doi:10.1177/10820132221132912,2022,Food Science and Technology International,Putri Amanda; Ismadi Ismadi; Riska Surya Ningrum; Syarifah Nabila; Kurnia Wiji Prasetyo,crossref,,,0,include,qwen3.6:35b-a3b,1785497122.5916393,0,4,0,18,1,medium
"Alana Gabrieli de Souza et al. (2021). Cinnamon Essential Oil Nanocellulose-Based Pickering Emulsions: Processing Parameters Effect on Their Formation, Stabilization, and Antimicrobial Activity. Polysaccharides, 2, 608-625.",10.3390/polysaccharides2030037,original_research,nanocellulose,,cinnamon essential oil,other,,,,,,,,,,,,,,,inhibition halos,,low,adjacent_material,doi:10.3390/polysaccharides2030037,2021,Polysaccharides,Alana Gabrieli de Souza; Rafaela Reis Ferreira; Elisa Silva Freire Aguilar; Leonardo Zanata; Derval dos Santos Rosa,openalex,gold,,0,include,qwen3.6:35b-a3b,1785497245.68978,0,6,0,16,0,medium
"Gregor Lavrič et al. (2021). Functional Nanocellulose, Alginate and Chitosan Nanocomposites Designed as Active Film Packaging Materials. Polymers, 13, 2523.",10.3390/polym13152523,original_research,"chitosan, alginate",,,,,,,,,,,,,,,,,"WVTR reduced by 15-45%, OTR up to 45% %",,,,,doi:10.3390/polym13152523,2021,Polymers,Gregor Lavrič; Ana Oberlintner; Inese Filipova; Uroš Novak; Blaž Likozar; Urška Vrabič-Brodnjak,openalex,gold,,0,include,qwen3.6:35b-a3b,1785497380.461793,0,2,0,20,3,low
"Tao Yang et al. (2026). Hydrocolloid-based stimuli-responsive nanofiber films: Precision-controlled release of essential oils for sustainable food packaging. Current Research in Food Science, 12, 101260.",10.1016/j.crfs.2025.101260,review,,,,,,,,,,,,,,,,,,,,The document is a review summarizing existing literature rather than presenting original experimental data; it explicitly notes unresolved challenges in scalability and regulatory compliance.,low,core,doi:10.1016/j.crfs.2025.101260,2026,Current Research in Food Science,Tao Yang; Luís Marangoni Júnior; Roniérik Pioli Vieira; P. Ananthi; Shanshan Li; Aswathi Raj K V; Swarup Roy; Guanghua Xia,epmc,gold,epmc_jats:PMC12743375,76847,include,qwen3.6:35b-a3b,1785497518.0050464,3,0,19,0,0,medium
"Zhijun Hu et al. (2017). 1-Methylcyclopropene (MCP)-Containing Cellulose Paper Packaging for Fresh Fruit and Vegetable Preservation: A Review. BioResources, 12.",10.15376/biores.12.1.2234-2248,review,cellulosic paper,,,,,humidity_moisture,,,,,,,,,,,,,,"The document is a review that proposes a conceptual packaging system without original experimental validation, explicitly stating that future research is required to develop optimized application technologies.",high,core,doi:10.15376/biores.12.1.2234-2248,2017,BioResources,Zhijun Hu; Chunxia Tang; Zhibin He; Jiang Lin; Yonghao Ni,"crossref,openalex",gold,oa_html:https://doi.org/10.15376/biores.12.1.2234-2248,46380,include,qwen3.6:35b-a3b,1785497663.1517124,5,0,17,0,0,medium
"Anand Kumar et al. (2026). Chitosan-Based Active Packaging for Shrimp Preservation: Development, Functionalization, and Industrial Prospects. Foods, 15, 1043.",10.3390/foods15061043,review,chitosan,,thymol,solution_casting,,,,,,,,,,,,,,,,"The study is constrained by a non-meta-analytic approach, reliance on English language publications, and the rapid pace of discovery in the field.",low,low,doi:10.3390/foods15061043,2026,Foods,Anand Kumar; Gebremichael Gebremedhin Hailu; Abhirup Mitra; Sadaqat Ali; Sapna Baghel; Zefu Wang; Yang Liu; Wen Xia; Yantao Yin; Shucheng Liu; Shuai Wei,epmc,gold,epmc_jats:PMC13025528,68520,include,qwen3.6:35b-a3b,1785497790.16731,6,0,16,0,0,medium
"Bruna Moura Bastos et al. (2026). Lipid-Enriched Biopolymer Films for Active Packaging: A Review of Structure, Properties, and Preservation Performance. Polymers, 18, 870.",10.3390/polym18070870,review,,,,,,,,,,,,,,,,,,,,lab-only conditions / limited to laboratory scale,low,core,doi:10.3390/polym18070870,2026,Polymers,Bruna Moura Bastos; Janaína Oliveira Gonçalves; Mariano Michelon; Luiz Antonio de Almeida Pinto,epmc,gold,epmc_jats:PMC13074946,69200,include,qwen3.6:35b-a3b,1785497937.3491607,3,0,19,0,0,medium
"Reshma Krishnan et al. (2025). Emerging Trends and Application of Edible Coating as a Sustainable Solution for Postharvest Management in Stone Fruits: A Comprehensive Review. Comprehensive Reviews in Food Science and Food Safety, 24, e70179.",10.1111/1541-4337.70179,review,,,,,,,,,,,,,,,,,,,,,low,core,doi:10.1111/1541-4337.70179,2025,Comprehensive Reviews in Food Science and Food Safety,Reshma Krishnan; Manjusri Misra; Jayasankar Subramanian; Amar Mohanty,epmc,gold,epmc_jats:PMC12079166,126955,include,qwen3.6:35b-a3b,1785498070.5420635,2,0,20,0,0,medium
"Siphumle Owen Jama et al. (2026). Edible Coatings for Fresh Fruits: Functional Roles, Optimization Strategies, and Analytical Perspectives. Plants, 15, 132.",10.3390/plants15010132,review,,,,,,,,,,,,,,,,,,,,"Variability in barrier and mechanical properties, challenges in industrial-scale application, insufficient long-term validation under commercial cold-chain conditions, and regulatory uncertainty for active formulations.",low,background,doi:10.3390/plants15010132,2026,Plants,Siphumle Owen Jama; Robert Lufu; Umezuruike Linus Opara; Elke Crouch; Alemayehu Ambaw Tsige,epmc,gold,epmc_jats:PMC12788044,104993,include,qwen3.6:35b-a3b,1785498239.7944095,3,0,19,0,0,medium
"W. M. C. B. Wasala et al. (2021). Application of 1-Methylcyclopropene (1-MCP) for Delaying the Ripening of Banana: A Review. Asian Research Journal of Agriculture, 44-56.",10.9734/arja/2021/v14i130118,review,,,,,,,,,,,,,,banana,,,,,,,,core,doi:10.9734/arja/2021/v14i130118,2021,Asian Research Journal of Agriculture,W. M. C. B. Wasala; C. K. Benaragama; G. D. K. Kumara; K. H. Sarananda; C. A. K. Dissanayake,openalex,diamond,,0,include,qwen3.6:35b-a3b,1785498405.5037935,0,2,0,20,1,medium
"Amr Zaitoon et al. (2021). Triggered and controlled release of active gaseous/volatile compounds for active packaging applications of agri‐food products: A review. Comprehensive Reviews in Food Science and Food Safety, 21, 541-579.",10.1111/1541-4337.12874,review,,,,,,,,,,,,,,,,,,,,,,,doi:10.1111/1541-4337.12874,2021,Comprehensive Reviews in Food Science and Food Safety,Amr Zaitoon; Xiaoyu Luo; Loong‐Tak Lim,openalex,closed,,0,include,qwen3.6:35b-a3b,1785498511.9428658,0,0,0,22,2,low
"Ana Beltrán Sanahuja & Arantzazu Valdés García (2021). New Trends in the Use of Volatile Compounds in Food Packaging. Polymers, 13, 1053.",10.3390/polym13071053,review,,,,,,,,,,,,,,,,,,,,,,background,doi:10.3390/polym13071053,2021,Polymers,Ana Beltrán Sanahuja; Arantzazu Valdés García,openalex,gold,,0,include,qwen3.6:35b-a3b,1785498622.6298983,0,1,0,21,1,medium
"Donghyun Jang et al. (2026). Biopolymer coatings for barrier and functional enhancement of sustainable food packaging: Recent advances and emerging trends. International Journal of Biological Macromolecules, 366, 152492.",10.1016/j.ijbiomac.2026.152492,review,,,,,,,,,,,,,,,,,,,,"performance variability under humid conditions, limited adhesion between biopolymers and cellulose fibers, cost-intensive processing, and uncertainties regarding biodegradation and environmental fate",low,adjacent_material,doi:10.1016/j.ijbiomac.2026.152492,2026,International Journal of Biological Macromolecules,Donghyun Jang; Ajit Kumar Singh; Anuja P. Rananavare; Youn Suk Lee,epmc,,,0,include,qwen3.6:35b-a3b,1785498724.8824408,0,3,0,19,0,medium
"Dimitrie Stoica et al. (2026). Protein–Polysaccharide Gel Systems for Antioxidant and Antimicrobial Delivery in Sustainable Food Packaging: A Review. Gels, 12, 297.",10.3390/gels12040297,review,,,,,,,,,,,,,,,,,,,,"stability, scalability, and regulatory compliance",,,doi:10.3390/gels12040297,2026,Gels,Dimitrie Stoica; Cezar-Ionuț Bichescu; Mariana-Carmelia Bălănică-Dragomir; Maricica Stoica; Mariana Stuparu-Crețu,epmc,gold,,0,include,qwen3.6:35b-a3b,1785498824.7231765,0,1,0,21,2,medium
"Amanullah Sabir et al. (2026). Polysaccharides: Nature’s Guardians of Freshness in Food Preservation. Molecules, 31, 1545.",10.3390/molecules31091545,review,,,,,,,,,,,,,,,,,,,,"Challenges related to stability, sensory impact, and regulatory compliance are also discussed.",,,doi:10.3390/molecules31091545,2026,Molecules,Amanullah Sabir; Sadaqat Ali; Muhammad Zubair Khalid; Ashoka Shankarappa; V. J. Sangeetha; Samreen Ahsan; Anand Kumar; Kamran; Kit-Leong Cheong; Saiyi Zhong,epmc,gold,,0,include,qwen3.6:35b-a3b,1785498936.2783635,0,1,0,21,2,medium
"Weina Jiang et al. (2025). Multifunctional Metal–Organic Frameworks for Enhancing Food Safety and Quality: A Comprehensive Review. Foods, 14, 4111.",10.3390/foods14234111,review,,,,,,,,,,,,,,,,,,,,,,,doi:10.3390/foods14234111,2025,Foods,Weina Jiang; Xue Zhou; Xuezhi Yuan; Liang Zhang; Xue Xiao; Jiangyu Zhu; Weiwei Cheng,epmc,gold,,0,include,qwen3.6:35b-a3b,1785499029.4985797,0,0,0,22,0,low
"Aleksandra Bibow & Wiesław Oleszek (2024). Essential Oils as Potential Natural Antioxidants, Antimicrobial, and Antifungal Agents in Active Food Packaging. Antibiotics, 13, 1168.",10.3390/antibiotics13121168,review,,,,,,,,,,,,,,,,,,,,The study identifies constraints and deficiencies in current investigations of essential oils for food packaging efficacy.,,adjacent_material,doi:10.3390/antibiotics13121168,2024,Antibiotics,Aleksandra Bibow; Wiesław Oleszek,epmc,gold,,0,include,qwen3.6:35b-a3b,1785499134.214033,0,2,0,20,1,medium
"Sharath Kumar Nagaraja et al. (2026). A Comprehensive Review of Biochemical Insights and Advanced Packaging Technologies for Shelf-Life Enhancement of Temperate Fruits. Biosensors, 16, 94.",10.3390/bios16020094,review,,,,,,,,,,,,,,,,,,,,,low,core,doi:10.3390/bios16020094,2026,Biosensors,Sharath Kumar Nagaraja; Puneet Kumar; Kavitha R; Sajad Un Nabi; Javid Iqbal Mir; Mahendra Kumar Verma; Ozgun Kalkisim; Mustafa Akbulut; Yong Beom Kwon; Ho-Min Kang; Sheikh Mansoor,epmc,gold,epmc_jats:PMC12938432,90274,maybe,qwen3.6:35b-a3b,1785499238.9201558,2,0,20,0,0,medium
"Mariana A. Andrade et al. (2025). Emerging Trends in Active Packaging for Food: A Six-Year Review. Foods, 14, 2713.",10.3390/foods14152713,review,,,,,,,,,,,,,,,,,,,,reliance on in vitro conditions and lack of standardized methodologies,low,adjacent_material,doi:10.3390/foods14152713,2025,Foods,Mariana A. Andrade; Cássia H. Barbosa; Regiane Ribeiro-Santos; Sidney Tomé; Ana Luísa Fernando; Ana Sanches Silva; Fernanda Vilarinho,epmc,gold,epmc_jats:PMC12346170,100716,maybe,qwen3.6:35b-a3b,1785499372.3460877,3,0,19,0,0,medium
"Antia G. Pereira et al. (2026). Natural Antimicrobials from Plants Used as Food Preservatives. Foods, 15, 1309.",10.3390/foods15081309,review,,,,,,,,,,,,,,,,,,,,,low,background,doi:10.3390/foods15081309,2026,Foods,Antia G. Pereira; Ana Perez-Vazquez; Paula Barciela; Ana O. S. Jorge; Ezgi Nur Yuksek; Miguel A. Prieto,epmc,gold,epmc_jats:PMC13114991,92538,maybe,qwen3.6:35b-a3b,1785499514.5369928,2,0,20,0,0,medium
"Mo Chen et al. (2020). Stabilization and controlled release of gaseous/volatile active compounds to improve safety and quality of fresh produce. Trends in Food Science &amp; Technology, 95, 33-44.",10.1016/j.tifs.2019.11.005,review,,,,,,,,,,,,,,,,,,,,"The field lacks sufficient understanding of physical and chemical interactions needed to predict retention and release kinetics, alongside regulatory constraints that must be considered for practical application.",not_assessable,core,doi:10.1016/j.tifs.2019.11.005,2020,Trends in Food Science &amp; Technology,Mo Chen; Xi Chen; Soumi Ray; Kit Yam,"epmc,openalex",closed,,0,maybe,qwen3.6:35b-a3b,1785499649.0866547,0,3,0,19,0,medium
"Abu-Bakr Ali Abu-Goukh (2023). Review Article on: 1-Methylcyclopropene (1-MCP) a Breakthrough to Delay Ripening and Extend Shelf-Life of Horticultural Crops. University of Khartoum Journal of Agricultural Sciences, 21.",10.53332/uofkjas.v21i2.1842,review,,,,,,,,,,,,,,,,,,,,,,,doi:10.53332/uofkjas.v21i2.1842,2023,University of Khartoum Journal of Agricultural Sciences,Abu-Bakr Ali Abu-Goukh,crossref,,,0,maybe,qwen3.6:35b-a3b,1785499757.937471,0,0,0,22,0,low
"Afreen Sultana et al. (2022). Metal–organic frameworks for active food packaging. A review. Environmental Chemistry Letters, 20, 1479-1495.",10.1007/s10311-022-01387-z,review,,,,,,,,,,,,,,,,,,,,,,,doi:10.1007/s10311-022-01387-z,2022,Environmental Chemistry Letters,Afreen Sultana; Ajay Kathuria; Kirtiraj K. Gaikwad,epmc,gold,,0,maybe,qwen3.6:35b-a3b,1785499851.477324,0,0,0,22,0,low
"C.B. Watkins & W.B. Miller (2005). 1-METHYLCYCLOPROPENE (1-MCP) BASED TECHNOLOGIES FOR STORAGE AND SHELF-LIFE EXTENSION. Acta Horticulturae, 201-208.",10.17660/actahortic.2005.687.24,review,,,,,,,,,,,,,,,,,,,,,,,doi:10.17660/actahortic.2005.687.24,2005,Acta Horticulturae,C.B. Watkins; W.B. Miller,crossref,,,0,maybe,qwen3.6:35b-a3b,1785499921.7512245,0,0,0,22,0,low
"Ziao Zhang et al. (2026). Bio-Based Smart Packaging Materials for Next-Generation Food Systems. Materials, 19, 2393.",10.3390/ma19112393,review,,,,,,,,,,,,,,,,,,,,"The field faces challenges with long-term operational stability, production costs, scalable manufacturing, and life cycle assessments.",not_assessable,adjacent_material,doi:10.3390/ma19112393,2026,Materials,Ziao Zhang; Haowen Qian; Chun Shen; Shuping Wu,epmc,gold,,0,maybe,qwen3.6:35b-a3b,1785500018.3999603,0,3,0,19,0,medium
