claim_id,field,old_value,old_support,decision,reason,source_url,source_chunk_id,review_method,original_model_decision,current_applicability_verified
claim_76ddf850e9a24897e7cfb519,company,CBP,CBP,clear,"The value 'CBP' refers to a government agency (U.S. Customs and Border Protection), not a named business entity as required by the audit rules.",https://www.customsmobile.com/rulings/docview?doc_id=HQ+H325872&highlight=category%3AClassification,chunk_11ccf05dbd681a3584ab0038,local_Qwen_cached_context_review,,False
claim_78afaba53f3ea4023f545480,city,Spartanburg County,Spartanburg County,clear,"Direct source review identifies Spartanburg County, SC. A county location does not support the city field.",https://www.govinfo.gov/content/pkg/CHRG-115shrg40897/html/CHRG-115shrg40897.htm,chunk_e3e3e59c73ee00b18c05b1e6,assistant_direct_cached_source_review,"{""decision"": ""retain"", ""reason"": ""The source text explicitly identifies 'Spartanburg County' as the location where BMW built its manufacturing facility, supporting the field assignment.""}",False
claim_79040501f75d79e2f0ec0e86,company,President Donald Trump,President Donald Trump,clear,"The value 'President Donald Trump' refers to a government official, not a named business entity as required by the audit rules.",https://www.wabe.org/cargo-surge-amid-tariff-turmoil-drives-the-port-of-savannah-to-its-2nd-busiest-year,chunk_2357e2204456e03a0ab6179b,local_Qwen_cached_context_review,,False
claim_7a4da8005a1e2539965bd34d,company,United States,The United States and Canada did not reach an agreement,clear,"The value 'United States' refers to a country, not a named business entity as required by the audit rules.",https://www.maersk.com/news/articles/2025/03/13/global-tariffs-impacting-supply-chains,chunk_ba5dbf4b5e54e1d288745836,local_Qwen_cached_context_review,,False
claim_7c70883b759cf0551517d247,company,Japan,Japan ($69 billion in 2024),clear,"The value 'Japan' refers to a country, not a named business entity as required by the audit rules.",https://www.congress.gov/crs-product/IN12608,chunk_af5bdf0658df58309b069080,local_Qwen_cached_context_review,,False
claim_8070a8a1cb3688e2071e6f5c,company,President Trump,"On March 26, President Trump signed a proclamation",clear,"The value 'President Trump' refers to a government official, not a named business entity as required by the audit rules.",https://www.automotive-fleet.com/news/tariff-update-may-30-tariff-shifts-shake-up-auto-industry-as-legal-trade-battles-evolve,chunk_992039700d3841546dbaf35a,local_Qwen_cached_context_review,,False
claim_8161388e821363cb639e40c6,company,President Trump,President Trump imposed,clear,"The value 'President Trump' refers to a government official, not a named business entity as required by the audit rules.",https://www.congress.gov/crs-product/IN12545,chunk_388605ef4849945d41378490,local_Qwen_cached_context_review,,False
claim_81eaf35e6cc00db9a9ccad86,company,U.S. Trade Representative,the U.S. Trade Representative has determined to impose duties of 100 percent on certain intermodal chassis and parts thereof.,clear,"The value 'U.S. Trade Representative' refers to a government agency/official, not a named business entity as required by the audit rules.",https://ustr.gov/sites/default/files/files/Press/Releases/2025/301%20Ships%20Action%20Mod%20FRN.pdf,chunk_ba49d06244fbca22b0e0b797,local_Qwen_cached_context_review,,False
claim_27548adcbcb9423f770ff0b8,company,Japan,Japan committed to purchase U.S. aircraft and defense equipment,clear,"The value 'Japan' is a country, not a named business. The text describes a bilateral agreement between nations, not a specific company entity.",https://www.congress.gov/crs-product/IN12608,chunk_af5bdf0658df58309b069080,local_Qwen_cached_context_review,,False
claim_29e168b94c04d3036927e38d,company,The White House,The White House,clear,"The value 'The White House' is a government entity/agency, not a named business. The text describes an Executive Order issued by the President.",https://www.presidency.ucsb.edu/documents/executive-order-14257-regulating-imports-with-reciprocal-tariff-rectify-trade-practices,chunk_781cbaf96610f5582b92660c,local_Qwen_cached_context_review,,False
claim_2c77af6d6538bf2ed192e529,effective_date,6/13/2025,Updated 6/13/2025,clear,"Direct source review identifies this date only as Updated, not as the tariff effective date. Historical timing alone does not establish the field role.",https://cbp.gov/trade/programs-administration/entry-summary/232-tariffs-aluminum-and-steel/faqs,chunk_5a80266b0a024b1d4b5adce2,assistant_direct_cached_source_review,"{""decision"": ""retain"", ""reason"": ""The source explicitly states 'Updated 6/13/2025' in the context of Section 232 duties applying to specific HTS codes. This is a historical date relative to the audit date of September 10, 2026.""}",False
claim_2ce6b61cdea9aa4b90e1f64b,company,we,"In 2025, we expanded",clear,"The value 'we' is a pronoun, not a named business. Although the document is from Hyundai, the specific field assignment uses the pronoun which violates the requirement for a named business.",https://www.hyundai.com/content/dam/hyundai/kr/ko/images/company-intro/sustain-manage/2026/hmc-sr-eng-2026.pdf,chunk_b1e3045689aa13871ad45677,local_Qwen_cached_context_review,,False
claim_2eda2da615c740183015c423,hts_code,85049090,HS Code 85049090,clear,The cached Zauba snippet identifies an HS code but does not establish US HTS jurisdiction. Clear the US-specific field; preserve the quoted foreign/unspecified code as evidence.,https://www.zauba.com/import-INVERTER+PCB+ASSY/hs-code-85049090-hs-code.html,chunk_874efd4486598d7f37b973e5,assistant_direct_cached_source_review,"{""decision"": ""retain"", ""reason"": ""The source text explicitly cites 'HS Code 85049090' in the context of import data for 'inverter pcb assy'. The field assignment matches the evidence provided.""}",False
claim_2ffd57c7c35e6a5ac9101be5,company,President Trump,President Trump has threatened to impose a 25 per cent tariff on all Mexican imports,clear,"The value 'President Trump' is an official/person, not a named business. The text discusses a threat to impose tariffs on imports, not a company's exposure.",https://www.oxfordenergy.org/wpcms/wp-content/uploads/2025/04/OEF-144.pdf,chunk_3938cfc81408200c60dfda8f,local_Qwen_cached_context_review,,False
claim_30afc77b804a94ff961d7d62,company,U.S. Trade Representative,the U.S. Trade Representative,clear,"The value 'U.S. Trade Representative' is a government agency/official title, not a named business. The text describes the USTR modifying actions under Section 301.",https://www.federalregister.gov/documents/2024/09/18/2024-21217/notice-of-modification-chinas-acts-policies-and-practices-related-to-technology-transfer,chunk_51ff78ebb5b653c910ea3c69,local_Qwen_cached_context_review,,False
claim_30ff734629c86cf97ece229a,company,President Donald Trump,"In 2025, President Donald Trump imposed 25% tariffs",clear,"The value 'President Donald Trump' is an official/person, not a named business. The text describes the President imposing tariffs, not a specific company entity.",https://www.congress.gov/crs-product/IN12545,chunk_388605ef4849945d41378490,local_Qwen_cached_context_review,,False
claim_3be5545253060985e7b73183,company,President Donald Trump,President Donald Trump imposed,clear,"The value 'President Donald Trump' is a government official, not a named business entity. The audit rules explicitly prohibit using officials as companies.",https://www.congress.gov/crs-product/IN12545,chunk_388605ef4849945d41378490,local_Qwen_cached_context_review,,False
claim_3d16cfc76df5d9ff2c5d541b,company,U.S.,"the U.S. has builta tariff wall that more or less blocks direct auto imports from China, thanks to the 25 percent tariffs from the big Section 301 case against China.",clear,"The value 'U.S.' refers to a country/nation, not a named business entity. The audit rules explicitly prohibit using countries as companies.",https://www.cfr.org/articles/how-us-and-eu-could-harmonize-their-approaches-trade-evs-and-steel,chunk_beacbf2664f8b7e75c698fc4,local_Qwen_cached_context_review,,False
claim_3f09b593da8b4ddda49a968d,company,USTR,"For Annex III, USTR proposes to add a targeted coverage provision addressing smaller vessels which support certain short-sea U.S. exports.",clear,"The value 'USTR' refers to a government agency (Office of the United States Trade Representative), not a named business entity. The audit rules explicitly prohibit using agencies as companies.",https://ustr.gov/sites/default/files/files/Press/Releases/2025/301%20Ships%20Action%20Mod%20FRN.pdf,chunk_ba49d06244fbca22b0e0b797,local_Qwen_cached_context_review,,False
claim_3f41956aec7b4e2e41060709,city,Bryan County,on the Bryan County site,clear,"The value 'Bryan County' is a county, not a city. The audit rules explicitly state that a county in a city is misclassified for the city field.",https://www.globalatlanta.com/hyundai-holds-grand-opening-on-georgia-ev-plant-as-tariffs-loom,chunk_ca7458a9ec16eab9a718cf9c,local_Qwen_cached_context_review,,False
claim_3fae7b535a58b4ac99386a63,company,United States Trade Representative,review by the United States Trade Representative,needs_external_verification,"The value 'United States Trade Representative' is a government official/agency title, not a named business entity. While the text mentions the USTR's review, it does not identify a specific company subject to the tariff in this context.",https://asil.org/insights/volume-28-issue-12,chunk_f80c91cc44b607e39e3f5789,local_Qwen_cached_context_review,,False
claim_413138df1e72e34a6738836c,city,Bryan County,Bryan County,clear,"The value 'Bryan County' is a county, not a city. The audit rules explicitly state that a county in a city is misclassified for the city field.",https://thecurrentga.org/2025/03/31/tariff-threat-casts-shadow-over-hyundais-plant-opening-party-in-bryan-county,chunk_bcfcb46bd6564ff6477cb37b,local_Qwen_cached_context_review,,False
claim_44209524325ee7aa4b4edf84,company,we,we,clear,"The value 'we' is a pronoun, not a named business entity. The audit rules explicitly prohibit using pronouns as companies.",https://www.hyundai.com/content/dam/hyundai/kr/ko/images/company-intro/sustain-manage/2026/hmc-sr-eng-2026.pdf,chunk_5a124f8766cc01ca0e13cec5,local_Qwen_cached_context_review,,False
claim_45c410e56e57d5e2e9c4f7c2,company,we,"In 2025, we implemented 105 improvement measures",clear,"The value 'we' is a pronoun, not a named business entity. The audit rules explicitly prohibit using pronouns as companies.",https://www.hyundai.com/content/dam/hyundai/kr/ko/images/company-intro/sustain-manage/2026/hmc-sr-eng-2026.pdf,chunk_dba57a4fdd06feaf4c96afc6,local_Qwen_cached_context_review,,False
claim_b20c2e6af376607678507a7a,company,U.S. Trade Representative,the U.S. Trade Representative,clear,"The value 'U.S. Trade Representative' is a government agency, not a named business entity as required.",https://www.federalregister.gov/documents/2024/09/18/2024-21217/notice-of-modification-chinas-acts-policies-and-practices-related-to-technology-transfer,chunk_51ff78ebb5b653c910ea3c69,local_Qwen_cached_context_review,,False
claim_b243cc7c19731c2ee726be7d,company,U.S.,The U.S. officially implemented a 25% tariff on all imported automobile parts,clear,"The value 'U.S.' refers to a country, not a named business entity as required.",https://zonos.com/docs/guides/us-tariff-changes,chunk_1a4851969049b58825481355,local_Qwen_cached_context_review,,False
claim_b28af877e209a8bb1b51e4f2,company,U.S. Customs and Border Protection,U.S. Customs and Border Protection,clear,"The value 'U.S. Customs and Border Protection' is a government agency, not a named business entity as required.",https://www.cbp.gov/sites/default/files/2025-03/vol_59_no_13_complete.pdf,chunk_aa4bba6fce64b7d68b024353,local_Qwen_cached_context_review,,False
claim_b63655eb5b92e656bd0bceef,company,U.S. Trade Representative,the U.S. Trade Representative has determined to add five additional subheadings to be eligible for consideration of temporary exclusions.,clear,"The value 'U.S. Trade Representative' is a government agency, not a named business entity as required.",https://www.federalregister.gov/documents/2024/09/18/2024-21217/notice-of-modification-chinas-acts-policies-and-practices-related-to-technology-transfer,chunk_da5ceae3cb2af4a009a4f7d6,local_Qwen_cached_context_review,,False
claim_b6813a93e3fcb1eca89ae920,city,Douglas-Coffee County,Douglas-Coffee County,clear,"The value 'Douglas-Coffee County' is a county, not a city. The audit rules explicitly state that a county in a city is misclassified.",https://www.epi.org/publication/aluminum-producing-and-consuming-industries-have-thrived-under-u-s-section-232-import-measures,chunk_6bb99921e321061cb3ed09f0,local_Qwen_cached_context_review,,False
claim_b6e04ddbea6517b250f47b75,company,South Korea,South Korea is also a major exporter,clear,"The value 'South Korea' refers to a country, not a named business entity as required.",https://carbuzz.com/us-korea-tariffs-deal-hyundai-kia,chunk_fd4692f328c1e2fab77d3198,local_Qwen_cached_context_review,,False
claim_b81e504a79a04aecef7f1274,company,U.S. Trade Representative,the U.S. Trade Representative has determined not to adopt the five exclusions covering solar manufacturing equipment for modules.,clear,"The value 'U.S. Trade Representative' is a government agency, not a named business entity as required.",https://www.federalregister.gov/documents/2024/09/18/2024-21217/notice-of-modification-chinas-acts-policies-and-practices-related-to-technology-transfer,chunk_da5ceae3cb2af4a009a4f7d6,local_Qwen_cached_context_review,,False
claim_bae9c2343e5d8c88493ef51b,company,Department of Commerce,The Department of Commerce in this notice is publishing the Report,clear,"The value 'Department of Commerce' is a government agency, not a named business entity as required.",https://www.federalregister.gov/documents/2021/11/08/2021-24162/publication-of-a-report-on-the-effect-of-imports-of-automobiles-and-automobile-parts-on-the-national,chunk_83e0cdb6c00a6a3148aa53ad,local_Qwen_cached_context_review,,False
claim_dec73799392d40fce3bc22ed,company,China,China holds 85 per cent of battery cell production capacity,clear,"The value 'China' is a country, not a named business entity. The text describes national production capacity and supply chain control, not a specific company's import exposure.",https://www.oxfordenergy.org/wpcms/wp-content/uploads/2025/04/OEF-144.pdf,chunk_6261cba3ee6118195466cc3b,local_Qwen_cached_context_review,,False
claim_df3cd9ef2740f79333af45ce,company,President Trump,"Besides, President Trump has ordered a probe",clear,"The value 'President Trump' is a government official, not a named business entity. The text describes an executive order and a probe, not a company's tariff liability.",https://www.mobilityglobal.com/en-us/automotive-insights/blog/critical-minerals-shortages-looming-threat-ev-industry,chunk_ba4ab04d519e6fea18099fa9,local_Qwen_cached_context_review,,False
claim_e1b15323b481707a269f7ef6,company,President Trump,President Trump,clear,"The value 'President Trump' is a government official, not a named business entity. The text describes a threat of tariffs on Mexican imports, not a specific company's exposure.",https://www.oxfordenergy.org/wpcms/wp-content/uploads/2025/04/OEF-144.pdf,chunk_10aa131337ce81002afbec22,local_Qwen_cached_context_review,,False
claim_e68e6ae2deebe99495d97316,company,CBP,CBP issues country of origin advisory rulings,clear,"The value 'CBP' (Customs and Border Protection) is a government agency, not a named business entity. The text describes the agency's function in issuing rulings.",https://www.strtrade.com/trade-news-resources/str-trade-report/trade-report/june/cbp-rules-on-origin-of-led-display-panels,chunk_d01d8baac8f762753a6edc24,local_Qwen_cached_context_review,,False
claim_e70cdc8c306beb93004599c2,company,China,China imposed a 34% blanket retaliatory tariff on all U.S. goods,clear,"The value 'China' is a country, not a named business entity. The text describes national retaliatory tariffs and export restrictions imposed by the government.",https://zonos.com/docs/guides/us-tariff-changes,chunk_1a4851969049b58825481355,local_Qwen_cached_context_review,,False
claim_e87339f6c4cf8f686a6e5f66,company,U.S.,The U.S. officially implemented,clear,"The value 'U.S.' is a country, not a named business entity. The text describes a national tariff implementation on automobile parts.",https://zonos.com/docs/guides/us-tariff-changes,chunk_1a4851969049b58825481355,local_Qwen_cached_context_review,,False
claim_e88b9097e8a177dd97b70082,company,we,"To this end, we will check",clear,"The value 'we' is a pronoun, not a named business entity. Although the context implies Hyundai, the field value itself is invalid per the requirement for a specific named business.",https://www.hyundai.com/content/dam/hyundai/kr/ko/images/company-intro/sustain-manage/2026/hmc-sr-eng-2026.pdf,chunk_f79fa0cc764edf50d52e8091,local_Qwen_cached_context_review,,False
claim_e8fecf59c5592c58408051a2,company,President Trump,President Trump,clear,"The value 'President Trump' is a government official, not a named business entity. The text describes Presidential Proclamations and executive actions.",https://www.morganlewis.com/pubs/2025/03/addressing-tariffs-and-trade-in-energy-storage-projects,chunk_0291d169c84b8ca118dac4e0,local_Qwen_cached_context_review,,False
claim_34151d0d22bacb19e43b4c38,company,CBP,CBP has previously held,clear,"The value 'CBP' refers to a government agency (U.S. Customs and Border Protection), not a named business entity as required.",https://www.customsmobile.com/rulings/docview?doc_id=HQ+H316545&highlight=HQ+H316545,chunk_3802299155335d8540a1b194,local_Qwen_cached_context_review,,False
claim_34c9fe6e423f453f98a361f7,company,U.S. Trade Representative,the U.S. Trade Representative,clear,"The value 'U.S. Trade Representative' refers to a government agency/official role, not a named business entity.",https://www.federalregister.gov/documents/2024/09/18/2024-21217/notice-of-modification-chinas-acts-policies-and-practices-related-to-technology-transfer,chunk_51ff78ebb5b653c910ea3c69,local_Qwen_cached_context_review,,False
claim_370508071b9b2675ba4f87cb,company,United States,The United States reduced its Section 232 sectoral tariffs,clear,"The value 'United States' refers to a country, not a named business entity.",https://keia.org/analysis/tariffs-on-korean-imports-implications-for-u-s-manufacturing-and-investment,chunk_b22ad065b6ece36ad2ca075f,local_Qwen_cached_context_review,,False
claim_3730f1b64c2335f057b01a6f,effective_date,"July 24, 2026","July 24, 2026
- Updated U.S. PCB tariff rates took effect.",needs_external_verification,"The source text cites a blog update dated July 24, 2026, which is in the future relative to the audit date of September 10, 2026? No, it is prior. However, the text presents specific tariff rates and effective dates as facts within a blog post without independent verification of their legal status or official publication in the Federal Register. As",https://www.mclpcb.com/blog/important-tariff-update,chunk_bd5b124c929ced51695d707b,local_Qwen_cached_context_review,,False
claim_376743c4ad4eabfbec3de40f,company,we,we,clear,"The value 'we' is a pronoun, not a named business entity.",https://www.hyundai.com/content/dam/hyundai/kr/ko/images/company-intro/sustain-manage/2026/hmc-sr-eng-2026.pdf,chunk_c00dc8597d3d8a7f44358ab3,local_Qwen_cached_context_review,,False
claim_3903863c6309e9d6dc6fd6b7,company,U.S. Trade Representative,the U.S. Trade Representative,clear,"The value 'U.S. Trade Representative' refers to a government agency/official role, not a named business entity.",https://www.federalregister.gov/documents/2024/09/18/2024-21217/notice-of-modification-chinas-acts-policies-and-practices-related-to-technology-transfer,chunk_51ff78ebb5b653c910ea3c69,local_Qwen_cached_context_review,,False
claim_39d5986376d9ff9a7705cc33,company,United States,"The United States and South Korea have reached a significant trade agreement, reducing U.S. tariffs on South Korean automobile exports from 25% to 15%.",clear,"The value 'United States' refers to a country, not a named business entity.",https://digitaldealer.com/news/us-tariff-tracker-impact-automaker-response/164521,chunk_4dd34d22b4ec1ee472f18fb9,local_Qwen_cached_context_review,,False
claim_3a207f00393e0f6a4e192ee2,company,we,we,clear,"The value 'we' is a pronoun, not a named business entity.",https://www.hyundai.com/content/dam/hyundai/kr/ko/images/company-intro/sustain-manage/2026/hmc-sr-eng-2026.pdf,chunk_478da7a02c440bdad248de1b,local_Qwen_cached_context_review,,False
claim_72b5f44e8a6385f5bfc115dc,company,CBP,CBP issues country of origin advisory rulings and final determinations as to whether an article is or would be a product of a designated country or instrumentality for the purposes of granting waivers of certain “Buy American” restrictions in U.S. law or practice for products offered for sale to the U.S. government.,clear,"The entity 'CBP' (U.S. Customs and Border Protection) is a government agency, not a named business company as required by the audit rules.",https://www.strtrade.com/trade-news-resources/str-trade-report/trade-report/june/cbp-rules-on-origin-of-led-display-panels,chunk_d01d8baac8f762753a6edc24,local_Qwen_cached_context_review,,False
claim_72c5f35f3ec01a4cbc0a8b65,company,United States,the United States imposed a 15% tariff on most imports from Japan,clear,"The entity 'United States' is a country, not a named business company as required by the audit rules.",https://www.congress.gov/crs-product/IN12608,chunk_af5bdf0658df58309b069080,local_Qwen_cached_context_review,,False
claim_72f8e95ec91bbf9fb79388ae,company,USTR,The USTR’s position,clear,"The entity 'USTR' (Office of the United States Trade Representative) is a government agency, not a named business company as required by the audit rules.",https://www.uktpo.org/briefing-papers/trade-policy-and-the-production-of-electric-vehicles,chunk_0d4f91572a48dd4515bd704a,local_Qwen_cached_context_review,,False
claim_72ff985c95464ed644b7de4f,effective_date,6/26/2025,Updated 6/26/2025,clear,"Direct source review identifies this date only as Updated, not as the tariff effective date. Historical timing alone does not establish the field role.",https://www.cbp.gov/trade/programs-administration/entry-summary/232-tariffs-aluminum-and-steel-faqs,chunk_5a80266b0a024b1d4b5adce2,assistant_direct_cached_source_review,"{""decision"": ""retain"", ""reason"": ""The source explicitly states 'Updated 6/26/2025' as the date for the policy description regarding Section 232 duties. This is a specific historical date relative to the audit date of September 10, 2026.""}",False
claim_73042754f006af1777f3efb9,company,CBP,CBP determined that the use of SMT to create a PCBA in Mexico with the assembly of a Chinese light-emitting diode (,clear,"The entity 'CBP' is a government agency, not a named business company as required by the audit rules.",https://www.regulations.gov/document/USCBP-2024-0016-0001,chunk_1111d2386ec8a0b451f2c49d,local_Qwen_cached_context_review,,False
claim_7308c92614d8cae6f097a32a,company,U.S.,"The U.S. famously introduced unilateral Section 232 (National Security) tariffs, which the WTO hasn’t exactly blessed (ask Ambassador Tai).",clear,"The entity 'U.S.' is a country, not a named business company as required by the audit rules.",https://www.cfr.org/articles/how-us-and-eu-could-harmonize-their-approaches-trade-evs-and-steel,chunk_beacbf2664f8b7e75c698fc4,local_Qwen_cached_context_review,,False
claim_741a5f0bc51887e0963b841d,company,United States,The United States has reached deals with other partners,clear,"The entity 'United States' is a country, not a named business company as required by the audit rules.",https://www.congress.gov/crs-product/IN12545,chunk_388605ef4849945d41378490,local_Qwen_cached_context_review,,False
claim_76a96aa95a61147c7b50f93a,effective_date,Today,"Today, President Donald J. Trump signed",clear,The date 'Today' is a relative term without an absolute anchor in the text. The audit rules state that relative dates without an absolute anchor are insufficient for establishing effective dates.,https://www.whitehouse.gov/fact-sheets/2025/03/fact-sheet-president-donald-j-trump-adjusts-imports-of-automobiles-and-automobile-parts-into-the-united-states,chunk_a1de1eb7c3560e5de1d82ce3,local_Qwen_cached_context_review,,False
claim_a4aba979c1a4bb6c2cbf2f35,city,Bartow County,in Bartow County,clear,"The source text explicitly identifies 'Bartow County' as the location. The field requires a city, and a county is a misclassification.",https://washingtonmonthly.com/2025/07/22/trump-is-destroying-the-american-battery-industry,chunk_c25459a7388e0b1c6a13f739,local_Qwen_cached_context_review,,False
claim_a564f37a761312b96f56386a,effective_date,this year,Starting this year the US is increasing the tariff rate on lithium ion batteries and battery parts to 25% from 7.5% earlier.,needs_external_verification,The source text uses the relative phrase 'Starting this year' without an absolute anchor date in the quote or context to establish a specific effective date for the tariff increase.,https://source.benchmarkminerals.com/article/us-hikes-tariffs-to-further-isolate-china-from-its-ev-supply-chain-ambitions,chunk_71a603f57e137ed28c0cd444,local_Qwen_cached_context_review,,False
claim_a9a87ad794edf45b16868538,company,President Trump,President Trump also announced plans,clear,"The value 'President Trump' refers to a government official, not a named business entity as required by the field definition.",https://www.automotive-fleet.com/news/tariff-update-may-30-tariff-shifts-shake-up-auto-industry-as-legal-trade-battles-evolve,chunk_09fb3ff6c8701f55f5872069,local_Qwen_cached_context_review,,False
claim_aa68fe23d566bc2fce05368d,company,European Union,Last week the European Union announced that its tariff-free steel import quota would drop,clear,"The value 'European Union' refers to a government/political entity, not a named business entity as required by the field definition.",https://www.linkedin.com/posts/sinagolara_georgia-and-tariffs-georgia-is-a-critical-activity-7327480102080962560-gT6J,chunk_82e7de1c5a82a59834c5dd6a,local_Qwen_cached_context_review,,False
claim_aa72e2a8de2489104450be3a,city,Bryan County,made in Bryan County,clear,"The source text explicitly identifies 'Bryan County' as the location. The field requires a city, and a county is a misclassification.",https://www.globalatlanta.com/hyundai-holds-grand-opening-on-georgia-ev-plant-as-tariffs-loom,chunk_ca7458a9ec16eab9a718cf9c,local_Qwen_cached_context_review,,False
claim_ac3085e5fa39afdd634a0a36,effective_date,now,now,needs_external_verification,The source text uses the relative term 'now' without an absolute anchor date to establish a specific effective date.,https://www.reddit.com/r/electricvehicles/comments/1mp1jzn/exclusive_us_ev_battery_imports_from_korea_top,chunk_a72f38cf1454c6757866c273,local_Qwen_cached_context_review,,False
claim_adee96feb1f941c2bf5e094c,company,U.S.,The U.S. announced,clear,"The value 'U.S.' refers to a country/government, not a named business entity as required by the field definition.",https://zonos.com/docs/guides/us-tariff-changes,chunk_1a4851969049b58825481355,local_Qwen_cached_context_review,,False
claim_b1fdf254a4416bd73a7dc05f,company,President Trump,"On April 24, President Trump issued an executive order",clear,"The value 'President Trump' refers to a government official, not a named business entity as required by the field definition.",https://www.mobilityglobal.com/en-us/automotive-insights/blog/critical-minerals-shortages-looming-threat-ev-industry,chunk_ba4ab04d519e6fea18099fa9,local_Qwen_cached_context_review,,False
claim_151e821b1f2ac14543412b06,company,President Donald Trump,President Donald Trump “used Section 301,clear,"The value 'President Donald Trump' is a government official, not a named business entity. The audit rules explicitly prohibit using officials as companies.",https://www.scotusblog.com/2026/08/tariff-refunds-reach-100-billion-mark,chunk_95dbfba341cba45337f4b720,local_Qwen_cached_context_review,,False
claim_170a08b818b56ce241e7bf24,company,CBP,but CBP reclassified them,clear,"The value 'CBP' refers to a government agency (U.S. Customs and Border Protection), not a named business entity as required by the audit rules.",https://www.hexinmusu.com/en/hs-code-for-aluminum-castings.html,chunk_2d39eb9a40b10f6b7b769af5,local_Qwen_cached_context_review,,False
claim_17bb3e352242860c0b5e8bab,company,South Korea,committing South Korea to invest,clear,"The value 'South Korea' is a country/nation, not a named business entity. The audit rules explicitly prohibit using countries as companies.",https://www.congress.gov/crs-product/IF10733,chunk_8cabf58c4b979123122aeacf,local_Qwen_cached_context_review,,False
claim_1a8a10adef1e3929028be745,company,we,we,clear,"The value 'we' is a pronoun, not a named business entity. The audit rules explicitly prohibit using pronouns as companies.",https://www.hyundai.com/content/dam/hyundai/kr/ko/images/company-intro/sustain-manage/2026/hmc-sr-eng-2026.pdf,chunk_c00dc8597d3d8a7f44358ab3,local_Qwen_cached_context_review,,False
claim_1cf71a604e497c2e6eedb870,company,USTR,Source: USTR,clear,"The value 'USTR' refers to a government agency (Office of the United States Trade Representative), not a named business entity as required by the audit rules.",https://gingercontrol.com/blog/section-301-tariff-rates-china,chunk_e8b2cbae9dadef6aacd1f994,local_Qwen_cached_context_review,,False
claim_1d3697cdf388e6a4cb17ab18,company,European Union,European Union | Regulation (EU) 2024/573 (F-Gas),clear,"The value 'European Union' is a supranational political and economic union, not a named business entity. The audit rules explicitly prohibit using countries or unions as companies.",https://www.knowledge-sourcing.com/report/ev-thermal-management-systems-market,chunk_cc5bc5145b79b3e87723e120,local_Qwen_cached_context_review,,False
claim_1d3874ac1f958798fa9dc343,effective_date,6/26/2025,Updated 6/26/2025,clear,"Direct source review identifies this date only as Updated, not as the tariff effective date. Historical timing alone does not establish the field role.",https://www.cbp.gov/trade/programs-administration/entry-summary/232-tariffs-aluminum-and-steel-faqs,chunk_5a80266b0a024b1d4b5adce2,assistant_direct_cached_source_review,"{""decision"": ""retain"", ""reason"": ""The source explicitly states 'Updated 6/26/2025' as the date for the policy description. This is an absolute anchor date within the historical window (pre-September 10, 2026) and supports the effective date field.""}",False
claim_1db9655ed0998d042f1aadd8,effective_date,now,now have to pay,clear,The value 'now' is a relative date without an absolute anchor. The audit rules state that relative dates like 'now/today' without an absolute anchor are insufficient for establishing effective dates.,https://www.reddit.com/r/electricvehicles/comments/1mp1jzn/exclusive_us_ev_battery_imports_from_korea_top,chunk_a72f38cf1454c6757866c273,local_Qwen_cached_context_review,,False
claim_8994bd56e90d8ba7ecae28e4,city,Bryan County,It will supply steel for auto parts and auto plants in Bryan County and Alabama.,clear,"The field value 'Bryan County' is a county, not a city. The audit rules explicitly state that a county in a city is misclassified.",https://www.wjcl.com/article/hyundai-20-billion-positive-impact-hyundai-metaplant-bryan-county/64290033,chunk_e7c5aaacf2fceb4b706a6700,local_Qwen_cached_context_review,,False
claim_89e977d9e161e019ee203cec,company,President Trump,President Trump announced,clear,"The field value 'President Trump' is a government official, not a named business. The audit rules prohibit using officials as company entities.",https://zonos.com/docs/guides/us-tariff-changes,chunk_1a4851969049b58825481355,local_Qwen_cached_context_review,,False
claim_8a7c3f5dc982515bce372a62,company,CBP,CBP is proposing to reclassify bumper energy absorbers,clear,"The field value 'CBP' (Customs and Border Protection) is a government agency, not a named business. The audit rules prohibit using agencies as company entities.",https://www.strtrade.com/trade-news-resources/str-trade-report/trade-report/september/classification-changes-proposed-for-car-cleaner-bumper-parts-playmats,chunk_c9dd9607e107d98f496aa566,local_Qwen_cached_context_review,,False
claim_8adc495407de3839b4b0f1c1,company,United States,"In November 2025, the United States lowered the Section 232 auto tariffs for Korea to 15%",clear,"The field value 'United States' is a country, not a named business. The audit rules prohibit using countries as company entities.",https://www.congress.gov/crs-product/IF10733,chunk_1a5c0d98bcdf584d9d19e69c,local_Qwen_cached_context_review,,False
claim_8b09af42468a19bfcad3c5ef,city,Bryan County,Metaplant in Bryan County,clear,"The field value 'Bryan County' is a county, not a city. The audit rules explicitly state that a county in a city is misclassified.",https://www.globalatlanta.com/hyundai-holds-grand-opening-on-georgia-ev-plant-as-tariffs-loom,chunk_ca7458a9ec16eab9a718cf9c,local_Qwen_cached_context_review,,False
claim_8bcf8393d2e10f4bcf756e7b,company,U.S.,The U.S. officially implemented a 25% tariff on all imported automobile parts,clear,"The field value 'U.S.' is a country, not a named business. The audit rules prohibit using countries as company entities.",https://zonos.com/docs/guides/us-tariff-changes,chunk_1a4851969049b58825481355,local_Qwen_cached_context_review,,False
claim_8c8030c13fcc492ccfcf7da9,company,we,"In 2025, we revised",clear,"The field value 'we' is a pronoun, not a named business. The audit rules prohibit using pronouns as company entities.",https://www.hyundai.com/content/dam/hyundai/kr/ko/images/company-intro/sustain-manage/2026/hmc-sr-eng-2026.pdf,chunk_b1e3045689aa13871ad45677,local_Qwen_cached_context_review,,False
claim_8d5b072fd6a8a9438391e356,city,Bryan County,in Bryan County,clear,"The field value 'Bryan County' is a county, not a city. The audit rules explicitly state that a county in a city is misclassified.",https://thecurrentga.org/2025/03/31/tariff-threat-casts-shadow-over-hyundais-plant-opening-party-in-bryan-county,chunk_bcfcb46bd6564ff6477cb37b,local_Qwen_cached_context_review,,False
claim_4f04a081a260314422673b82,company,China,China imposed a 34% blanket retaliatory tariff on all U.S. goods,clear,"The value 'China' is a country, not a named business entity. The audit rules explicitly prohibit using countries as company values.",https://zonos.com/docs/guides/us-tariff-changes,chunk_1a4851969049b58825481355,local_Qwen_cached_context_review,,False
claim_4f7eeb9cdf08a0b66ee9b7bf,company,United States,United States | Section 301 / Inflation Reduction Act (IRA),clear,"The value 'United States' is a country, not a named business entity. The audit rules explicitly prohibit using countries as company values.",https://www.knowledge-sourcing.com/report/ev-thermal-management-systems-market,chunk_cc5bc5145b79b3e87723e120,local_Qwen_cached_context_review,,False
claim_4fdcb44e127eb6e2b095d5d8,city,Bryan County,Bryan County,clear,"The value 'Bryan County' is a county, not a city. The audit rules explicitly state that a county in a city is misclassified.",https://thecurrentga.org/2025/03/31/tariff-threat-casts-shadow-over-hyundais-plant-opening-party-in-bryan-county,chunk_bcfcb46bd6564ff6477cb37b,local_Qwen_cached_context_review,,False
claim_505cf8c4edd6809346b1c566,effective_date,Today,"Today, President Donald J. Trump signed a proclamation",clear,The value 'Today' is a relative date without an absolute anchor. The audit rules state that relative dates like 'now/today' are insufficient for effective dates.,https://www.whitehouse.gov/fact-sheets/2025/03/fact-sheet-president-donald-j-trump-adjusts-imports-of-automobiles-and-automobile-parts-into-the-united-states,chunk_a1de1eb7c3560e5de1d82ce3,local_Qwen_cached_context_review,,False
claim_5692cfcdc4f6a97e8edef3fd,company,U.S. Trade Representative,The President directed the U.S. Trade Representative to increase tariffs on steel and aluminum products to 25 percent in 2024.,clear,"The value 'U.S. Trade Representative' refers to a government agency/official role, not a named business entity. The audit rules prohibit using agencies or officials as company values.",https://www.federalregister.gov/documents/2024/09/18/2024-21217/notice-of-modification-chinas-acts-policies-and-practices-related-to-technology-transfer,chunk_da5ceae3cb2af4a009a4f7d6,local_Qwen_cached_context_review,,False
claim_57921431eddb27260b2b83d5,company,United States,in the United States,clear,"The value 'United States' is a country, not a named business entity. The audit rules explicitly prohibit using countries as company values.",https://www.govinfo.gov/content/pkg/CHRG-115shrg40897/html/CHRG-115shrg40897.htm,chunk_1b9dc2784823537a1a50ad46,local_Qwen_cached_context_review,,False
claim_5da937fa50feaffbd64696b5,effective_date,6/13/2025,Updated 6/13/2025,clear,"Direct source review identifies this date only as Updated, not as the tariff effective date. Historical timing alone does not establish the field role.",https://www.cbp.gov/trade/programs-administration/entry-summary/232-tariffs-aluminum-and-steel-faqs,chunk_5a80266b0a024b1d4b5adce2,assistant_direct_cached_source_review,"{""decision"": ""retain"", ""reason"": ""The value '6/13/2025' is an absolute date. The audit date is September 10, 2026, making this a historical date (2025) which is valid for the audit context.""}",False
claim_5dc8f75bae521650cd1ef96f,company,Japan,Japan is the second largest alloy and magnet producer,clear,"The value 'Japan' is a country, not a named business entity. The audit rules explicitly prohibit using countries as company values.",https://www.federalregister.gov/documents/2023/02/14/2023-03078/publication-of-a-report-on-the-effect-of-imports-of-neodymium-iron-boron-ndfeb-permanent-magnets-on,chunk_fae025bc759f5d65859872c2,local_Qwen_cached_context_review,,False
claim_5e343008532fcd43545d4398,city,Bryan County,Metaplant in Bryan County,clear,"The field value 'Bryan County' is a county, not a city. The audit rules explicitly state that a county in a city is misclassified.",https://www.globalatlanta.com/hyundai-holds-grand-opening-on-georgia-ev-plant-as-tariffs-loom,chunk_ca7458a9ec16eab9a718cf9c,local_Qwen_cached_context_review,,False
claim_6027258a6480d4489485a147,company,U.S.,The U.S. officially implemented,clear,"The field value 'U.S.' refers to a country/government entity, not a named business. The audit rules require a named business and prohibit agencies or countries.",https://zonos.com/docs/guides/us-tariff-changes,chunk_1a4851969049b58825481355,local_Qwen_cached_context_review,,False
claim_6376e52af9c3f7b865f74258,company,CBP,"In ruling HQ H332752, CBP concluded",clear,"The field value 'CBP' refers to a government agency (Customs and Border Protection), not a named business. The audit rules prohibit agencies.",https://www.strtrade.com/trade-news-resources/str-trade-report/trade-report/june/cbp-rules-on-origin-of-led-display-panels,chunk_d01d8baac8f762753a6edc24,local_Qwen_cached_context_review,,False
claim_669e26a31b153d33578e3d49,company,United States,"In 2025, the United States implemented a significant change in the automotive industry by imposing steep tariffs on imported vehicles, parts, and batteries.",clear,"The field value 'United States' refers to a country, not a named business. The audit rules prohibit countries.",https://solution1.com.tw/impact-of-the-2025-u-s-auto-tariffs-challenges-and-strategies-across-the-entire-supply-chain,chunk_c28d717765ad28224c4d7199,local_Qwen_cached_context_review,,False
claim_689dd954377cc3b5ddc58b44,city,Spartanburg County,in Spartanburg County,clear,"The field value 'Spartanburg County' is a county, not a city. The audit rules explicitly state that a county in a city is misclassified.",https://www.govinfo.gov/content/pkg/CHRG-115shrg40897/html/CHRG-115shrg40897.htm,chunk_d1c5da985b5d869ca747c61e,local_Qwen_cached_context_review,,False
claim_69c2ac5a30ef92a898d35a6b,company,China,China holds 85 per cent of battery cell production capacity,clear,"The field value 'China' refers to a country, not a named business. The audit rules prohibit countries.",https://www.oxfordenergy.org/wpcms/wp-content/uploads/2025/04/OEF-144.pdf,chunk_6261cba3ee6118195466cc3b,local_Qwen_cached_context_review,,False
claim_6f6e243ce218d47dddd92a87,company,U.S. Trade Representative,the U.S. Trade Representative,clear,"The field value 'U.S. Trade Representative' refers to a government official/agency role, not a named business. The audit rules prohibit agencies and officials.",https://www.federalregister.gov/documents/2024/09/18/2024-21217/notice-of-modification-chinas-acts-policies-and-practices-related-to-technology-transfer,chunk_51ff78ebb5b653c910ea3c69,local_Qwen_cached_context_review,,False
claim_711c46d6cd1596b4433e2244,company,U.S.,The 25% tariff on all steel and aluminum imports into the U.S.,clear,"The field value 'U.S.' refers to a country, not a named business. The audit rules prohibit countries.",https://zonos.com/docs/guides/us-tariff-changes,chunk_1a4851969049b58825481355,local_Qwen_cached_context_review,,False
claim_0b1a68ec95f2b5592abc0d36,company,President Donald Trump,The U.S. tariff escalation under President Donald Trump has been ongoing,clear,"The value 'President Donald Trump' is a government official, not a named business entity. The audit rules explicitly prohibit using officials as companies.",https://www.linkedin.com/posts/sinagolara_georgia-and-tariffs-georgia-is-a-critical-activity-7327480102080962560-gT6J,chunk_82e7de1c5a82a59834c5dd6a,local_Qwen_cached_context_review,,False
claim_0d0c619a1070688b035162cb,company,CBP,CBP is responsible for enforcing the AD/CVD laws on imported goods.,clear,"The value 'CBP' (U.S. Customs and Border Protection) is a government agency, not a named business entity. The audit rules explicitly prohibit using agencies as companies.",https://www.cbp.gov/trade/priority-issues/adcvd/antidumping-and-countervailing-duties-adcvd-frequently-asked-questions,chunk_5d25a4d5929066f72ccdb847,local_Qwen_cached_context_review,,False
claim_103105879479438c8a0b21da,company,USTR,USTR proposes additional potential tariff lines of cargo handling equipment.,clear,"The value 'USTR' (Office of the United States Trade Representative) is a government agency, not a named business entity. The audit rules explicitly prohibit using agencies as companies.",https://ustr.gov/sites/default/files/files/Press/Releases/2025/301%20Ships%20Action%20Mod%20FRN.pdf,chunk_ba49d06244fbca22b0e0b797,local_Qwen_cached_context_review,,False
claim_12b283d65114c014e5f15732,company,CBP,CBP,clear,"The value 'CBP' is a government agency, not a named business entity. The audit rules explicitly prohibit using agencies as companies.",https://www.customsmobile.com/rulings/docview?doc_id=HQ+H325872&highlight=category%3AClassification,chunk_11ccf05dbd681a3584ab0038,local_Qwen_cached_context_review,,False
claim_13273bc294b9f7149bde5488,effective_date,Updated 6/13/2025,Updated 6/13/2025,clear,"Direct source review identifies this date only as Updated, not as the tariff effective date. Historical timing alone does not establish the field role.",https://cbp.gov/trade/programs-administration/entry-summary/232-tariffs-aluminum-and-steel-faqs,chunk_5a80266b0a024b1d4b5adce2,assistant_direct_cached_source_review,"{""decision"": ""retain"", ""reason"": ""The source explicitly states 'Updated 6/13/2025'. This is an absolute date anchor relative to the audit date of September 10, 2026, establishing it as a historical update.""}",False
claim_13ba128d90bf86bf5d5744dc,city,Bulloch County,"Bulloch County, Georgia",clear,"The value 'Bulloch County' is a county, not a city. The audit rules explicitly state that a county in a city is misclassified.",https://ecoplasticamerica.com/,chunk_38d2a58bb934ad0a5234b309,local_Qwen_cached_context_review,,False
claim_14261888bcf9e558db3601b8,company,South Korea,South Korea is also a major exporter,clear,"The value 'South Korea' is a country, not a named business entity. The audit rules explicitly prohibit using countries as companies.",https://carbuzz.com/us-korea-tariffs-deal-hyundai-kia,chunk_fd4692f328c1e2fab77d3198,local_Qwen_cached_context_review,,False
claim_14edffb8608cb9113a37a2cf,effective_date,this year,starting even earlier – this year,clear,The value 'this year' is a relative date without an absolute anchor in the text. The audit rules state that relative dates without an absolute anchor are insufficient for effective dates.,https://mobilitynotes.com/summary-of-ev-related-u-s-tariffs-on-chinese-imports,chunk_e60cc1d280f9bb8c7a820c82,local_Qwen_cached_context_review,,False
claim_fe08ca99d697482cc54902a1,company,U.S. Trade Representative,the U.S. Trade Representative has determined to increase tariffs on syringes and needles under the two subheadings to 100 percent in 2024.,clear,"The value 'U.S. Trade Representative' is a government agency, not a named business entity as required.",https://www.federalregister.gov/documents/2024/09/18/2024-21217/notice-of-modification-chinas-acts-policies-and-practices-related-to-technology-transfer,chunk_da5ceae3cb2af4a009a4f7d6,local_Qwen_cached_context_review,,False
claim_fe4058d54600102c244d27bf,company,President Trump,President Trump imposed25% tariffs on (1) all vehicle imports,clear,"The value 'President Trump' is a government official, not a named business entity as required.",https://www.congress.gov/crs-product/IN12545,chunk_388605ef4849945d41378490,local_Qwen_cached_context_review,,False
claim_fe4fdfb5ef710854a7c7e237,effective_date,"March 12, 2025","Updated 6/11/2025. Steel derivative products classified in one of the new HTS classifications subject to Section 232 steel duties on or after March 12, 2025 are exempt from Section 232 steel duties if they are manufactured from steel exclusively melted and poured in the United States.",retain,"Direct source review confirms a separately stated on-or-after March 12, 2025 effective condition; the surrounding June update date is distinct. Retain the historical date with current applicability unverified.",https://www.cbp.gov/trade/programs-administration/entry-summary/232-tariffs-aluminum-and-steel-faqs,chunk_ff4dc80a6cc70c638ee17e0b,assistant_direct_cached_source_review,"{""decision"": ""retain"", ""reason"": ""The source explicitly states 'on or after March 12, 2025' as the effective date for the exemption rule regarding steel derivative products.""}",False
claim_fedee01dc115ff9ea1648090,company,President Donald Trump,President Donald Trump has announced a 25% import tariff,clear,"The value 'President Donald Trump' is a government official, not a named business entity as required.",https://www.linkedin.com/posts/sinagolara_georgia-and-tariffs-georgia-is-a-critical-activity-7327480102080962560-gT6J,chunk_82e7de1c5a82a59834c5dd6a,local_Qwen_cached_context_review,,False
claim_ff535ec25a2b124ac0a08e3f,company,we,we,clear,"The value 'we' is a pronoun, not a named business entity as required.",https://www.hyundai.com/content/dam/hyundai/kr/ko/images/company-intro/sustain-manage/2026/hmc-sr-eng-2026.pdf,chunk_478da7a02c440bdad248de1b,local_Qwen_cached_context_review,,False
claim_8f90d45ea3a1dcef23052b4e,company,South Korea,The United States and South Korea have finalized a trade deal setting a 15 percent tariff on South Korean exports to the U.S.,clear,"The value 'South Korea' is a country, not a named business. The audit rules explicitly prohibit using countries as company entities.",https://digitaldealer.com/news/us-tariff-tracker-impact-automaker-response/164521,chunk_780ed82a27cc81fe754159e7,local_Qwen_cached_context_review,,False
claim_9972a80eeb76e15320161f0d,company,U.S. Trade Representative,the U.S. Trade Representative,clear,"The value 'U.S. Trade Representative' is a government agency/official title, not a named business entity as required by the audit rules.",https://www.federalregister.gov/documents/2024/09/18/2024-21217/notice-of-modification-chinas-acts-policies-and-practices-related-to-technology-transfer,chunk_51ff78ebb5b653c910ea3c69,local_Qwen_cached_context_review,,False
claim_9c0f0dda545e71bc3141c370,effective_date,Wednesday,go into effect on Wednesday,clear,"The value 'Wednesday' is a relative date without an absolute anchor (e.g., specific month/year) to establish the effective date against the audit date of September 10, 2026.",https://insideevs.com/news/755058/hyundai-metaplant-georgia-ioniq-tariffs,chunk_43225a005b217e9e4d94fd42,local_Qwen_cached_context_review,,False
claim_9cef2271ef92b9cbe35f6ffe,company,President Trump,President Trump has threatened to impose a 25 per cent tariff on all Mexican imports,clear,"The value 'President Trump' is a government official, not a named business entity.",https://www.oxfordenergy.org/wpcms/wp-content/uploads/2025/04/OEF-144.pdf,chunk_3938cfc81408200c60dfda8f,local_Qwen_cached_context_review,,False
claim_9d8311a5016cd1721784dc21,effective_date,this year,Starting this year,needs_external_verification,"The value 'this year' is relative. Without an absolute anchor date in the text to define 'this year' relative to the audit date (2026), the specific effective date cannot be established.",https://source.benchmarkminerals.com/article/us-hikes-tariffs-to-further-isolate-china-from-its-ev-supply-chain-ambitions,chunk_71a603f57e137ed28c0cd444,local_Qwen_cached_context_review,,False
claim_9eed4bf5db8b06437adc047f,company,President Donald Trump,President Donald Trump has announced a 25% import tariff,clear,"The value 'President Donald Trump' is a government official, not a named business entity.",https://www.linkedin.com/posts/sinagolara_georgia-and-tariffs-georgia-is-a-critical-activity-7327480102080962560-gT6J,chunk_4e0d95e3f03bb64c4e1b9e30,local_Qwen_cached_context_review,,False
claim_a02af2f424a4156460c373cd,effective_date,WEDNESDAY,A 25% TARIFF ON STEEL AND ALUMINUM IS SET TO GO INTO PLACE ON WEDNESDAY.,clear,"The value 'WEDNESDAY' is a relative date without an absolute anchor (specific month/year) to establish the effective date against the audit date of September 10, 2026.",https://www.youtube.com/watch?v=35hkflOV0Hg,chunk_e58c0c3f8cc56a7e670d9e55,local_Qwen_cached_context_review,,False
claim_a06d897c0d34a81e1ed6e0a7,company,U.S.,The U.S. announced,clear,"The value 'U.S.' refers to a country/government entity, not a named business.",https://zonos.com/docs/guides/us-tariff-changes,chunk_1a4851969049b58825481355,local_Qwen_cached_context_review,,False
claim_0030e6cc3a112fe35e32385b,company,USTR,"In March 2020, USTR granted approximately 200 exclusion requests",clear,"USTR is a government agency, not a named business. The text describes USTR granting exclusions, not a company's import exposure.",https://files.gao.gov/reports/104237/index.html,chunk_2123566778e7bc170cfbbcdf,local_Qwen_cached_context_review,,False
claim_00f17fe2c3cfe3b48d09e64f,company,U.S. Customs and Border Protection,U.S. Customs and Border Protection,clear,"U.S. Customs and Border Protection is a government agency, not a named business. The text describes a tariff classification ruling, not a company's exposure.",https://rulings.cbp.gov/ruling/N287720,chunk_28402e84334e04c3407b6a54,local_Qwen_cached_context_review,,False
claim_01285562dad5835e945de712,company,we,we are sending,clear,"The value 'we' is a pronoun, not a named business. The text refers to an unnamed company's operations in Georgia and China but does not name the entity.",https://www.govinfo.gov/content/pkg/CHRG-115shrg40897/html/CHRG-115shrg40897.htm,chunk_ace7099e7dd92f575cda21dd,local_Qwen_cached_context_review,,False
claim_0193278f4930831560a12850,company,United States,the United States and Korea reached the Korea Strategic Trade and Investment Deal,clear,"United States is a country, not a named business. The text describes government implementation of tariffs, not a specific company's exposure.",https://keia.org/analysis/tariffs-on-korean-imports-implications-for-u-s-manufacturing-and-investment,chunk_b22ad065b6ece36ad2ca075f,local_Qwen_cached_context_review,,False
claim_01cc555f56e9afada5f4c603,company,CBP,CBP determined,clear,"CBP is a government agency, not a named business. The text describes a CBP determination on country of origin, not a company's exposure.",https://www.regulations.gov/document/USCBP-2024-0016-0001,chunk_1111d2386ec8a0b451f2c49d,local_Qwen_cached_context_review,,False
claim_0728551e1ef3ac679ae0cf62,company,President Trump,"On March 26, President Trump signed a proclamation",clear,"President Trump is an official, not a named business. The text describes a presidential proclamation imposing tariffs, not a company's exposure.",https://www.automotive-fleet.com/news/tariff-update-may-30-tariff-shifts-shake-up-auto-industry-as-legal-trade-battles-evolve,chunk_992039700d3841546dbaf35a,local_Qwen_cached_context_review,,False
claim_096ce87a2edd87e2c78e328e,company,President Donald Trump,President Donald Trump’s implementation,clear,"President Donald Trump is an official, not a named business. The text describes the President's implementation of tariffs, not a specific company's exposure.",https://aspire.usu.edu/july-25-market-intelligence,chunk_41593fec7fa6ad8a670aabc3,local_Qwen_cached_context_review,,False
claim_0a3883b55b3195cadb652e41,company,U.S. Trade Representative,directed the U.S. Trade Representative to increase tariffs on steel and aluminum products to 25 percent in 2024.,clear,"U.S. Trade Representative is a government agency/role, not a named business. The text describes the USTR increasing tariffs, not a company's exposure.",https://ustr.gov/sites/default/files/Section%20301%20Modifications%20Determination%20FRN%20(Sept%2012%202024)%20(FINAL).pdf,chunk_0d0f497ef94dee96496f7828,local_Qwen_cached_context_review,,False
claim_ea0fbfb8973da8188b58f848,company,United States Trade Representative,United States Trade Representative,clear,"The entity 'United States Trade Representative' is a government agency, not a named business. The audit rules explicitly prohibit using agencies or government bodies as the company.",https://www.customsmobile.com/rulings/docview?doc_id=HQ+H327000&highlight=category%3AOrigin%2C+USMCA,chunk_c5b388c721f937d65d880895,local_Qwen_cached_context_review,,False
claim_ea27829fd6af40788cd129b9,company,CBP,CBP,clear,"The entity 'CBP' (Customs and Border Protection) is a government agency, not a named business. The audit rules explicitly prohibit using agencies or government bodies as the company.",https://www.customsmobile.com/rulings/docview?doc_id=HQ+H325872&highlight=category%3AClassification,chunk_11ccf05dbd681a3584ab0038,local_Qwen_cached_context_review,,False
claim_f2cc43cbc673ab6163e3da3a,company,South Korea,President Donald Trump announced he will be increasing tariffs on South Korean goods,clear,"The entity 'South Korea' is a country, not a named business. The audit rules explicitly prohibit using countries as the company.",https://digitaldealer.com/news/us-tariff-tracker-impact-automaker-response/164521,chunk_f3acc3ddb27ff46874313455,local_Qwen_cached_context_review,,False
claim_f504c73b33d4e08c19fb865d,hts_code,85269190,HS Code 85269190,needs_external_verification,"The source cites an HS Code (85269190) for a generic product ('Head Up Display') imported from Taiwan. The audit rules state that a foreign or unspecified HS jurisdiction does not establish US HTS, and one cannot infer tariff/HTS classification from a generic product without specific evidence linking the item to the code.",https://www.zauba.com/import-head+up+display/hs-code-85269190-hs-code.html,chunk_90f341efb6f39504cbe47a2c,local_Qwen_cached_context_review,,False
claim_f5aa395cd78da4c20f5812e1,company,U.S.,The U.S. announced that the existing 34% reciprocal tariff on Chinese-made goods will be replaced with a new 84% tariff,clear,"The entity 'U.S.' is a country, not a named business. The audit rules explicitly prohibit using countries as the company.",https://zonos.com/docs/guides/us-tariff-changes,chunk_1a4851969049b58825481355,local_Qwen_cached_context_review,,False
claim_f5ce883ef0059845e5d18b2f,company,U.S.,imports into the U.S.,clear,"The entity 'U.S.' is a country, not a named business. The audit rules explicitly prohibit using countries as the company.",https://zonos.com/docs/guides/us-tariff-changes,chunk_1a4851969049b58825481355,local_Qwen_cached_context_review,,False
claim_f5e4a5be1ad277aa74b4532d,company,we,we,clear,"The entity 'we' is a pronoun, not a named business. The audit rules explicitly prohibit using pronouns as the company.",https://www.hyundai.com/content/dam/hyundai/kr/ko/images/company-intro/sustain-manage/2026/hmc-sr-eng-2026.pdf,chunk_478da7a02c440bdad248de1b,local_Qwen_cached_context_review,,False
claim_f9900d4fa42a41d614547506,company,Japan,President Donald Trump announced a trade agreement with Japan,clear,"The entity 'Japan' is a country, not a named business. The audit rules explicitly prohibit using countries as the company.",https://digitaldealer.com/news/us-tariff-tracker-impact-automaker-response/164521,chunk_780ed82a27cc81fe754159e7,local_Qwen_cached_context_review,,False
claim_bd65dfb14c9c7a5edc569751,city,Whitfield County,Northwest Georgia's Whitfield County,clear,The source text explicitly identifies 'Whitfield County' as the location. A county is a misclassified value for a city field.,https://www.globalatlanta.com/german-manufacturer-to-make-electric-vehicle-parts-in-northwest-georgia,chunk_530baca4ee4c78baaf4b142d,local_Qwen_cached_context_review,,False
claim_be7045fe3935450161729b43,city,Bartow County,"Bartow County, Georgia doesn't get much attention",clear,The source text explicitly identifies 'Bartow County' as the location. A county is a misclassified value for a city field.,https://finance.yahoo.com/economy/policy/articles/hyundai-just-turned-georgia-battery-193000332.html,chunk_d31b00d5f5da855e75573db0,local_Qwen_cached_context_review,,False
claim_c24602f71351b876cb5e491a,company,U.S. Customs and Border Protection,U.S. Customs and Border Protection,clear,"The source text identifies 'U.S. Customs and Border Protection' as the agency issuing the ruling, not a named business entity subject to tariffs.",https://rulings.cbp.gov/ruling/H316389,chunk_9a4dd94a50d9c27d39267c0b,local_Qwen_cached_context_review,,False
claim_c6ccab6e8f93c46218f627a2,effective_date,THIS YEAR,increase from 7.5% TO 25% THIS YEAR,clear,"The value 'THIS YEAR' is a relative term without an absolute anchor date in the text. The audit date is 2026-09-10, but the text does not explicitly state which year 'this year' refers to (2024 or 2025), making it insufficient for verification.",https://www.alixpartners.com/media/zwkcl4ec/impact-of-tariffs_sept-24.pdf,chunk_511339069c3c1b0d3a0ff8cb,local_Qwen_cached_context_review,,False
claim_c72b211caa1ab232ba1e3b73,effective_date,today,which take effect today,clear,"The value 'today' is a relative term without an absolute anchor date in the text. The audit date is 2026-09-10, but the article does not specify the publication date to establish when 'today' occurred.",https://www.barnesrichardson.com/eu-springs-forward-with-countervailing-duties-on-chinese-ev-batteries-,chunk_4cf7acf204ca88ec214b3941,local_Qwen_cached_context_review,,False
claim_c88766e65b43f04d72cc5741,company,U.S. Trade Representative,the U.S. Trade Representative,clear,"The source text identifies the 'U.S. Trade Representative' as a government official/agency, not a named business entity.",https://www.federalregister.gov/documents/2024/09/18/2024-21217/notice-of-modification-chinas-acts-policies-and-practices-related-to-technology-transfer,chunk_51ff78ebb5b653c910ea3c69,local_Qwen_cached_context_review,,False
claim_c9c4e7d1564325b465cfcb6a,company,We,We,clear,"The source text uses the pronoun 'We' without explicitly naming a specific business entity in the provided context, and 'Hyundai' is not explicitly linked as the subject of this specific sentence's claim in the snippet.",https://www.hyundai.com/content/dam/hyundai/kr/ko/images/company-intro/sustain-manage/2026/hmc-sr-eng-2026.pdf,chunk_5a124f8766cc01ca0e13cec5,local_Qwen_cached_context_review,,False
claim_cd1463d30cbbc8a143a5245c,company,CBP,CBP,clear,"The source text identifies 'CBP' (Customs and Border Protection) as the agency issuing the ruling, not a named business entity subject to tariffs.",https://rulings.cbp.gov/ruling/H302821,chunk_70d160a6ac52cff04ba81821,local_Qwen_cached_context_review,,False
claim_4626f82799015d8cdab73352,city,Bartow County,in Bartow County,clear,"The field value 'Bartow County' is a county, not a city. The audit rules explicitly state that a county in a city is misclassified.",https://www.globalatlanta.com/hyundai-holds-grand-opening-on-georgia-ev-plant-as-tariffs-loom,chunk_ca7458a9ec16eab9a718cf9c,local_Qwen_cached_context_review,,False
claim_470bb6d5902764607b8694d8,effective_date,6/13/2025,Updated 6/13/2025,clear,"Direct source review identifies this date only as Updated, not as the tariff effective date. Historical timing alone does not establish the field role.",https://www.cbp.gov/trade/programs-administration/entry-summary/232-tariffs-aluminum-and-steel-faqs,chunk_5a80266b0a024b1d4b5adce2,assistant_direct_cached_source_review,"{""decision"": ""retain"", ""reason"": ""The source explicitly states 'Updated 6/13/2025' in the context of tariff applicability. This is an absolute date within the historical window relative to the audit date of September 10, 2026.""}",False
claim_47e5bddd33e1567b8bc71b67,company,European Union,The United States and the European Union have reached a trade agreement lowering tariffs on European cars and car parts to 15 percent,clear,"The value 'European Union' is a supranational entity/government body, not a named business. The audit rules prohibit using agencies, governments, or countries as company values.",https://digitaldealer.com/news/us-tariff-tracker-impact-automaker-response/164521,chunk_780ed82a27cc81fe754159e7,local_Qwen_cached_context_review,,False
claim_498c7f5254dfb2e1a07e1ab4,company,U.S. Trade Representative,the U.S. Trade Representative,clear,"The value 'U.S. Trade Representative' refers to a government official/agency role, not a named business entity. The audit rules prohibit using agencies or officials as company values.",https://www.federalregister.gov/documents/2024/09/18/2024-21217/notice-of-modification-chinas-acts-policies-and-practices-related-to-technology-transfer,chunk_51ff78ebb5b653c910ea3c69,local_Qwen_cached_context_review,,False
claim_49bd4ac737873455028c4d19,company,CBP,According to CBP,clear,"The value 'CBP' is an acronym for a government agency (U.S. Customs and Border Protection), not a named business. The audit rules prohibit using agencies as company values.",https://www.strtrade.com/trade-news-resources/str-trade-report/trade-report/june/cbp-rules-on-origin-of-led-display-panels,chunk_d01d8baac8f762753a6edc24,local_Qwen_cached_context_review,,False
claim_4a3c70380b91a81d8a5f1845,company,U.S. Customs and Border Protection,U.S. Customs and Border Protection,clear,"The value 'U.S. Customs and Border Protection' is a government agency, not a named business. The audit rules prohibit using agencies as company values.",https://www.tarifflens.ai/rulings/N361091,chunk_f9835bebc1b72ac731271250,local_Qwen_cached_context_review,,False
claim_4bd3cb5ba8b4c1173e650aac,company,United States,The only NdFeB magnet production that occurs in the United States,clear,"The value 'United States' is a country, not a named business. The audit rules prohibit using countries as company values.",https://www.energy.gov/sites/default/files/2022-02/Neodymium%20Magnets%20Supply%20Chain%20Report%20-%20Final.pdf,chunk_9bda25dcb45bc73ef69dc6bf,local_Qwen_cached_context_review,,False
claim_4d4477c4bfcd08a3f2f134bb,company,United States Trade Representative,The United States Trade Representative (,clear,"The value 'United States Trade Representative' refers to a government agency/official, not a named business. The audit rules prohibit using agencies or officials as company values.",https://www.customsmobile.com/rulings/docview?doc_id=HQ+H316545&highlight=HQ+H316545,chunk_3802299155335d8540a1b194,local_Qwen_cached_context_review,,False
claim_82b57f0af0697e908441c58d,company,we,"Of these, we confirmed",clear,"The source text uses the pronoun 'we' and does not explicitly name a specific business entity as the subject of the claim in the provided quote or support context. The audit rules require a named business, not a pronoun.",https://www.hyundai.com/content/dam/hyundai/kr/ko/images/company-intro/sustain-manage/2026/hmc-sr-eng-2026.pdf,chunk_b1e3045689aa13871ad45677,local_Qwen_cached_context_review,,False
claim_82b99688be78d8ec5b8ddb32,effective_date,Wednesday,on Wednesday,clear,"The value 'Wednesday' is a relative date without an absolute anchor (e.g., specific month/year) in the source text. The audit rules state that relative dates without an absolute anchor are insufficient for establishing an effective date.",https://www.wabe.org/steel-and-aluminum-tariffs-doubled-as-georgia-businesses-face-price-increases,chunk_5a34479cb37d64c2d2508919,local_Qwen_cached_context_review,,False
claim_8530598be0a3d7a2e14cde84,company,White House,the White House statement said,clear,"The source text identifies 'White House' as the entity making the statement, but the White House is a government body/agency, not a named business. The audit rules prohibit using agencies or government entities as the company.",https://www.fastmarkets.com/insights/us-to-impose-25-import-tariffs-on-chinese-rare-earth-magnets,chunk_7cde652ea76be68b40b5efff,local_Qwen_cached_context_review,,False
claim_8654c0e2c043b0b14261108b,company,CBP,CBP,clear,"The source text identifies 'CBP' (U.S. Customs and Border Protection) as the entity making the finding. CBP is a government agency, not a named business. The audit rules prohibit using agencies or government entities as the company.",https://rulings.cbp.gov/ruling/H302821,chunk_70d160a6ac52cff04ba81821,local_Qwen_cached_context_review,,False
claim_86d0793a3d7f1b515ad54c39,company,CBP,CBP confirmed that importers may file Post Summary Corrections (PSC),clear,"The source text identifies 'CBP' as the entity confirming the filing of Post Summary Corrections. CBP is a government agency, not a named business. The audit rules prohibit using agencies or government entities as the company.",https://www.ghy.com/trade-compliance/us-modifies-section-232-tariffs-taiwan-auto-parts-aircraft-wood-products,chunk_c9bba832246f57807ad9f5dc,local_Qwen_cached_context_review,,False
claim_87cebb34dc0290f66c33a392,city,Bryan County,Bryan County,clear,The source text cites 'Bryan County' as the location. The audit rules explicitly state that a county is misclassified when a city is required.,https://thecurrentga.org/2025/03/31/tariff-threat-casts-shadow-over-hyundais-plant-opening-party-in-bryan-county,chunk_bcfcb46bd6564ff6477cb37b,local_Qwen_cached_context_review,,False
claim_88a0008c26d5885bd24fc3ef,company,U.S.,The 25% tariff on all steel and aluminum imports into the U.S.,clear,"The source text attributes the tariff implementation to 'U.S.', which is a country/national entity, not a named business. The audit rules prohibit using countries as the company.",https://zonos.com/docs/guides/us-tariff-changes,chunk_1a4851969049b58825481355,local_Qwen_cached_context_review,,False
claim_8933ca8bc8d432e39e532058,effective_date,"March 16, 2026","Updated March 16, 2026",needs_external_verification,"The source text cites 'March 16, 2026' as the publication date of a report by the Penn Wharton Budget Model. While this is an absolute date, it represents the data update/publishing date of a model, not necessarily the effective date of the tariff rate itself. The audit rules require distinguishing between publication dates and tariff effective law",https://gingercontrol.com/blog/how-tariff-stacking-works,chunk_7ea9f7594c0176c6103b9fb9,local_Qwen_cached_context_review,,False
claim_cd2f4f98ab558f0207be4936,city,Bryan County,on the Bryan County site,clear,"The field value 'Bryan County' is a county, not a city. The audit rules explicitly state that a county in a city is misclassified.",https://www.globalatlanta.com/hyundai-holds-grand-opening-on-georgia-ev-plant-as-tariffs-loom,chunk_ca7458a9ec16eab9a718cf9c,local_Qwen_cached_context_review,,False
claim_cf4bc656922c4fc9ea73d862,city,Coosa County,in Coosa County,clear,"The field value 'Coosa County' is a county, not a city. The audit rules explicitly state that a county in a city is misclassified.",https://www.c2es.org/document/securing-the-critical-battery-materials-supply-chain-in-the-southeast-united-states,chunk_5ce94ae37e8054706e984fec,local_Qwen_cached_context_review,,False
claim_d32228634e5e543ff6b06623,company,United States,no metal refining takes place in the United States,clear,"The field value 'United States' is a country, not a named business. The audit rules state the company must be a named business, not an agency, government, country, or generic category.",https://www.energy.gov/sites/default/files/2022-02/Neodymium%20Magnets%20Supply%20Chain%20Report%20-%20Final.pdf,chunk_9bda25dcb45bc73ef69dc6bf,local_Qwen_cached_context_review,,False
claim_d3b8b05f364a9be55daad18b,company,CBP,"In ruling HQ H332752, CBP concluded that the country of origin of the devices is Taiwan because the assembly of the main PCBA in Taiwan results in a substantial transformation.",clear,"The field value 'CBP' refers to a government agency (Customs and Border Protection), not a named business. The audit rules state the company must be a named business, not an agency.",https://www.strtrade.com/trade-news-resources/str-trade-report/trade-report/june/cbp-rules-on-origin-of-led-display-panels,chunk_d01d8baac8f762753a6edc24,local_Qwen_cached_context_review,,False
claim_d7334c2d02d98e085d1536ad,city,Bartow County,another in Bartow County,clear,"The field value 'Bartow County' is a county, not a city. The audit rules explicitly state that a county in a city is misclassified.",https://www.globalatlanta.com/hyundai-holds-grand-opening-on-georgia-ev-plant-as-tariffs-loom,chunk_ca7458a9ec16eab9a718cf9c,local_Qwen_cached_context_review,,False
claim_d99a4d8e793cafff334e3d0c,company,President Trump,President Trump has threatened to impose a 25 per cent tariff on all Mexican imports,clear,"The field value 'President Trump' refers to an official/person, not a named business. The audit rules state the company must be a named business, not an official.",https://www.oxfordenergy.org/wpcms/wp-content/uploads/2025/04/OEF-144.pdf,chunk_3938cfc81408200c60dfda8f,local_Qwen_cached_context_review,,False
claim_da8ffff43beb7a8b106081f8,city,Spartanburg County,in Spartanburg County,clear,"The field value 'Spartanburg County' is a county, not a city. The audit rules explicitly state that a county in a city is misclassified.",https://www.govinfo.gov/content/pkg/CHRG-115shrg40897/html/CHRG-115shrg40897.htm,chunk_d1c5da985b5d869ca747c61e,local_Qwen_cached_context_review,,False
claim_db8457900362bfd8abd22eba,company,We,We provide suppliers,clear,"The field value 'We' is a pronoun, not a named business. The audit rules state the company must be a named business, not a pronoun.",https://www.hyundai.com/content/dam/hyundai/kr/ko/images/company-intro/sustain-manage/2026/hmc-sr-eng-2026.pdf,chunk_b1e3045689aa13871ad45677,local_Qwen_cached_context_review,,False
claim_1eb1c29b32f5b785c4fa4aa9,company,President Donald Trump,President Donald Trump imposed,clear,"The value 'President Donald Trump' is a government official, not a named business entity. The source text describes the President imposing tariffs, which does not establish a specific company's import exposure.",https://www.congress.gov/crs-product/IN12545,chunk_388605ef4849945d41378490,local_Qwen_cached_context_review,,False
claim_217f2b6bb54ba9326b3ec30c,company,President Trump,President Trump imposed25% tariffs,clear,"The value 'President Trump' is a government official, not a named business entity. The source text describes the President imposing tariffs, which does not establish a specific company's import exposure.",https://www.congress.gov/crs-product/IN12545,chunk_388605ef4849945d41378490,local_Qwen_cached_context_review,,False
claim_239668a08de90a8796a74b33,company,U.S. Customs and Border Protection,U.S. Customs and Border Protection,clear,"The value 'U.S. Customs and Border Protection' is a government agency, not a named business entity. The source text is a ruling header, not evidence of a specific company's import activity.",https://rulings.cbp.gov/ruling/N335323,chunk_aa96ee4a5947958252fc49bb,local_Qwen_cached_context_review,,False
claim_23d995354b13aa951ee1e19a,company,United States,the United States recently decided to apply a 15 percent tariff,clear,"The value 'United States' is a country, not a named business entity. The source text discusses national tariff policy implementation, not a specific company's exposure.",https://keia.org/analysis/tariffs-on-korean-imports-implications-for-u-s-manufacturing-and-investment,chunk_b22ad065b6ece36ad2ca075f,local_Qwen_cached_context_review,,False
claim_2407ca76b7eb925b133ddd8a,company,U.S. Trade Representative,"the U.S. Trade Representative has determined to exclude enteral syringes through January 1, 2026.",clear,"The value 'U.S. Trade Representative' is a government official/agency, not a named business entity. The source text describes an administrative determination regarding exclusions, not a specific company's import activity.",https://www.federalregister.gov/documents/2024/09/18/2024-21217/notice-of-modification-chinas-acts-policies-and-practices-related-to-technology-transfer,chunk_da5ceae3cb2af4a009a4f7d6,local_Qwen_cached_context_review,,False
claim_2574df4c970f09a6a61a06b6,city,Bartow County,in Bartow County,clear,"The value 'Bartow County' is a county, not a city. The audit rules explicitly state that a county in a city is misclassified.",https://www.koreajoongangdaily.com/business/hyundai-sk-on-seek-15-billion-loan-for-georgia-battery-plant/10502431,chunk_5fea46f47fceaf70f734cf6d,local_Qwen_cached_context_review,,False
claim_25fa98a025144a6836e6fcde,company,China,China alone,clear,"The value 'China' is a country, not a named business entity. The source text discusses national export statistics, not a specific company's import exposure.",https://christopherchico.substack.com/p/trumps-tariff-hike-what-it-means,chunk_7d32d3808b15749ea6516c3c,local_Qwen_cached_context_review,,False
claim_2668eff389267c477943b028,company,China,Battery imports from China,clear,"The value 'China' is a country, not a named business entity. The source text discusses national tariff rates for imports from a jurisdiction, which does not establish a specific company's import exposure.",https://manlybattery.com/battery-tools-and-resources/usa-import-duty-calculator,chunk_4429ed3e0fea61f7656e476b,local_Qwen_cached_context_review,,False
