company_id,company_name,full_text_scan_completed,matching_windows,tariff_windows,selected_windows,unreviewed_windows
company_fdd3fe73423e13e3b595140c,Ajin Georgia,True,433,3,6,427
company_1a42c8704adcaf70bd49cb78,Aspen Aerogels,True,8,2,6,2
company_c637266c7de19e629af5b867,DaeChang Seat Company,True,27,9,6,21
company_2c4b6344bfab2e8f192bfba9,Ecoplastic America Corporation,True,36,0,6,30
company_79ae9d99f72979a1c1261010,Ecoplastic Corporation,True,20,0,6,14
company_c01c638d33df890a6b51cd0c,Elan Technology Inc.,True,5,0,4,1
company_90ce15ff13f865cb62749afb,GLOVIS Georgia LLC,True,37,12,6,31
company_87068da9d6a4b546bd557609,Great Dane LP,True,16,11,6,10
company_da9706f4b8d8a7c81d035528,Great Dane Trailers,True,1,0,1,0
company_c04f33ffc5921844cc767a0a,Hyundai & LG Energy Solution (LGES),True,1,0,1,0
company_9c033fbbbe5dd968878b7417,Hyundai Industrial Co.,True,3,0,3,0
company_2b21c38fbded6ea1b5538a75,Hyundai Motor Group,True,122,51,6,116
company_2fc6813eb9f41f003204ef69,PHA Body Systems LLC,True,4,0,4,0
company_3d4d0f99f4974152e5c9657d,Propex Operating Co. LLC,True,4,0,3,1
company_2ca807a86c0a7e4aeb4ae014,SK Battery America,True,8,0,6,2
company_56947b6791bbd3d8817d1869,ACM Georgia LLC,True,2,0,2,0
company_39f85ab24943ff1c43fdb019,Adient,True,3,2,3,0
company_a1d2f17b3360077e6922a03d,ADVICS Manufacturing Georgia LLC,True,5,1,4,1
company_5d6710bbebca17301582eef6,ALBAform Inc.,True,29,0,6,23
company_105d9963b102a6ae236572eb,Anovion Technologies,True,30,20,6,24
company_2e20e495efaa524f3c7b4c3a,Apache Mills Inc.,True,3,0,2,1
company_8102602c2cf120a2e06de532,Archer Aviation Inc.,True,281,3,4,277
company_2c8b7f05b5f09138866667d6,Arising Industries Inc.,True,87,17,6,81
company_36bb5b7f923c6cc0642f4aca,Ascend Elements,True,34,18,6,28
company_42975cd2568a7dcbeb7cbd98,Aurubis,True,59,9,6,53
company_af625009d15eb10609433c7a,AVS,True,0,0,0,0
company_c7297d0309518878c6b970e8,Beaver Manufacturing Co. Inc.,True,17,4,5,12
company_17d2a2419c972bbfbd0d3c66,Big Tex Trailer Manufacturing Inc.,True,1,0,1,0
company_7401d56b17c5cd19433e6b12,Blue Bird Corp.,True,29,5,6,23
company_22670a5f0b194d8bd2c5eb74,Blue Ridge Manufacturing,True,1,0,1,0
company_d34cd4f09e41e0c33dd7091f,Bonnell Aluminum,True,8,6,6,2
company_c5335f42ecc83c2a03899ecb,Boogook Industries,True,1,0,1,0
company_0d0c7e1f704d4df061e129a4,Bosal Industries Georgia,True,0,0,0,0
company_c5fcc97bfb2974073676415c,Bosch (Automotive Division),True,20,11,6,14
company_ae431317033c698ebc8dbdc9,Bridgestone Bandag,True,12,10,6,6
company_554a225e8185b55b8a0a41bd,Carcoustics USA,True,2,0,2,0
company_9f7649ab93e553fce03a0293,Club Car LLC,True,55,40,6,49
company_80c510ece7aa44948187d533,Constellium Automotive USA,True,9,2,6,3
company_fc7c935e96c630b5d97e68a4,Continental Automotive,True,32,17,6,26
company_9e5f148c5a229152f328fcb1,Continental Tire the Americas LLC,True,33,17,6,27
company_85bc0be08bc4340515f23feb,DAEHAN Solution Georgia LLC,True,11,0,6,5
company_95301b2e6722331d5c2f845b,Daesol Ausys,True,33,0,6,27
company_afab7be1621b5bafcfb7f0b4,"Daesol Material Georgia, LLC",True,30,0,6,24
company_8d42c7988edcfa40dca2f234,Daimler Truck North America,True,30,20,6,24
company_0493452f9eb077afb0f244bd,DAS Corp.,True,0,0,0,0
company_90866fc8cf495eea5d2f62ee,Decostar Industries,True,25,12,4,21
company_a67cb8fe187afc2e4991e639,DeKalb Tool & Die Inc.,True,7,0,4,3
company_15be2d53cdedc8bb7d9f1da8,Denkai America,True,0,0,0,0
company_5b628ee8f4aa57a92808347b,Denso Manufacturing Georgia,True,20,17,6,14
company_89c7fb4ea40a16de2124266e,Die-Tech Industries Inc.,True,2,0,2,0
company_8c24996dab6424ef3a7a1d2c,Dinex Emissions Inc.,True,31,17,4,27
company_e4034603e2ef1f2c82e9bef8,Dongwon Autopart Technology Georgia LLC,True,4,1,3,1
company_9ddeeb9ac201aee6620312ef,Dorsett Industries Inc.,True,5,0,4,1
company_2a4a597f72ccf38caccb9442,Down 2 Earth Trailers,True,1,0,1,0
company_5dcbbc145bf0d5ed726febae,Duckyang,True,15,0,2,13
company_c1c4fd592ddbedf564507b8b,Eaton Corp.,True,10,8,6,4
company_23ebfd09d6c7f37b2dc25904,Enchem America Inc.,True,36,0,6,30
company_2433d9dc53f48bd785fdde67,Enplas USA Inc.,True,8,0,4,4
company_39deb7adc0f95475d16ebb1b,Erdrich USA Inc.,True,3,0,2,1
company_8b600a968a9e1e7afd1f6cb1,EVCO Plastics,True,21,5,4,17
company_72b49d856cf0c4ec907d8a5c,F&P Georgia Manufacturing,True,1,0,1,0
company_16cfdd7795f2585f3782e10a,Fanello Industries Inc.,True,21,0,4,17
company_dd47a3941fa7ff93d27cfe5d,First American Resources,True,2,0,2,0
company_5fd1cdbb7f4fedfb0fc5ec73,Flambeau Inc.,True,2,0,2,0
company_db84bb9d505096e9f1ac05ff,Fouts Brothers Fire Equipment,True,6,0,6,0
company_b77873acd655b85203123334,FOX Factory,True,2,0,2,0
company_95499c81d98267ad7ee60c61,Freudenberg-NOK,True,6,0,4,2
company_0f47bea73e79482f99163b3b,FREYR Battery,True,14,6,6,8
company_4cf9aea6b8343b258d83e9d6,GEDIA Georgia LLC,True,27,0,5,22
company_1397e4a3a1b21417765afda3,Global Powertrain Systems LLC,True,2,0,2,0
company_b7b4dc548795424b83c672ad,Goodyear Tire & Rubber Co.,True,52,36,6,46
company_284da82fa1a5d254a086d112,Grudem,True,1,0,1,0
company_62439ed88b20d99762107a5c,GSC Steel Stamping LLC,True,5,0,5,0
company_cd5434e61fd91cb82ebf56cf,Haering Precision USA LP,True,5,0,2,3
company_2f674205f91f09171f99b95d,Hanon Systems USA LLC,True,13,5,6,7
company_83738a1fb07cdd4d4438490b,HELLA Automotive Sales Inc.,True,53,0,4,49
company_c07c982df0d492aa3945a40c,HEXPOL Compounding Corp.,True,11,0,4,7
company_09c2e352043905f0b725491b,Hitachi Astemo,True,72,19,6,66
company_857a53c98c8af0ccf25cdd3a,Hitachi Astemo Americas Inc.,True,74,20,6,68
company_1a995c929c9b6b4f4eafd428,Hollingsworth & Vose Co.,True,16,0,6,10
company_19c065ceff1df6bfa321c147,Honda Development & Manufacturing,True,3,0,2,1
company_26beff672f7c2515d668d5a8,Hwashin,True,27,0,5,22
company_c616bc37ca5f1ed57590e3c9,Hyundai MOBIS (Georgia),True,0,0,0,0
company_a5d8748e8f29ace38fb5e117,Hyundai Transys Georgia Powertrain,True,7,3,5,2
company_127cc1bfd36760f9a2c064cc,Hyundai Transys Georgia Seating Systems,True,1,0,1,0
company_b1eb8328a45bb51000d1ecaa,IMMI,True,1,0,1,0
company_688fd73015130e3680f03efc,IMS Gear Georgia Inc.,True,2,0,2,0
company_bf629aedfdcb5f68f8719223,Inalfa Roof Systems Inc.,True,12,0,4,8
company_3d6e0348f06d2e4c8bef6828,JAC Products Inc.,True,5,2,5,0
company_5e93b599969eccdd9ccfe0a3,Jefferson Southern Corp.,True,7,2,6,1
company_b7bd683c22b8b3f21d8e9f7d,Jefferson Southern Corporation,True,6,2,6,0
company_933e96a9f78bb1d41d7089e0,"Joon Georgia, Inc.",True,55,9,4,51
company_51acf7e91bf99d07602b0a15,JTEKT North America Corp.,True,84,3,6,78
company_7959438dbd42735054f1a7a4,Kautex Inc.,True,439,73,6,433
company_284421b36ec8283988c17894,Kia Georgia Inc.,True,9,2,6,3
company_98ae8e7c06629f61cd42906f,KTX America Corporation,True,0,0,0,0
company_0070706649688b18a55fb394,Kumho Tire USA Inc.,True,18,12,6,12
company_fc5db24fad4fb6564b0f2519,Kyungshin America Corp.,True,47,0,6,41
company_9c755b1461327a4d399720e7,Lark United Manufacturing Inc.,True,1,0,1,0
company_1ccd8d549b6d5b76fe835826,Lear Corporation,True,9,7,6,3
company_ccca310b7ffd19ccc338c019,Lehigh Technologies Inc.,True,3,0,2,1
company_007f5c302685153392ed0dc8,Linde + Wiemann,True,44,0,5,39
company_f8508eb6bd1d98eac99aa886,Lund International Inc.,True,1,0,1,0
company_41d9c60287871fc6c424af25,Lund International Inc./Ventshade Division,True,1,0,1,0
company_b5ea19d5054e315d972744db,Lyle Industries Inc.,True,109,0,4,105
company_ef38ad6c248a16d5d72da55c,Mack Trucks,True,19,17,6,13
company_6ad2cc466d4f49495289e32c,Magna International,True,21,16,6,15
company_74f4835a25a8890b2477e48b,Mando America Corp.,True,4,0,3,1
company_cc05f0fa42a8b67bc3fac107,Master Craft Engineering Inc.,True,2,0,2,0
company_40f766afc78f2026929f2f25,MAT Heavy Duty,True,1,0,1,0
company_04aa588dd09fd1f4ac08e185,Maxxis International USA,True,2,0,2,0
company_a4ae0b0d9a7850bda1de1dbe,Mercedes-Benz USA LLC,True,127,101,6,121
company_154339ddd87245d6b7e95ca5,Michelin Tread Technologies,True,27,24,6,21
company_d75ac400f676e94363abe01a,Milliken & Co./Valway Plant,True,3,0,3,0
company_d4ec137cd59e7e026abc774c,Minebea AccessSolutions USA Inc.,True,17,0,4,13
company_859f550089b8293c0ae121ed,Mobis Alabama LLC,True,17,1,6,11
company_10d15bbbe68ff2be14d6aec2,MollerTech LLC,True,2,0,2,0
company_eede3852858fee3e71f33721,Morgan Corp.,True,40,15,6,34
company_1586819e6c963998b5db83da,Murata Electronics North America Inc.,True,3,0,2,1
company_4744f7fd4e0e4f89f2f73b2a,Neaton Rome Inc.,True,5,0,2,3
company_88a2081314267701955f6546,Nidec Elesys Americas Corp.,True,8,4,6,2
company_7849dc05e9630d0106497b00,NIFCO KTW America Corp.,True,5,0,4,1
company_8f5291e2a5a64e6a8f7f09e2,Nile Automotive,True,3,0,3,0
company_c511a92fcd95a7cc9a4a2c33,Nisshinbo Automotive Manufacturing Inc.,True,3,0,2,1
company_620054e4e188e563c4920e21,Nivel Parts & Manufacturing Co. LLC,True,3,0,2,1
company_bcc838354309e862758a8371,Novelis Inc.,True,379,39,6,373
company_a51a3f8338d12ca01a577774,NVH Korea,True,0,0,0,0
company_a25ed74f86091489db686a03,Oneda Corp.,True,2,0,2,0
company_bce2d26074c9cd4b0409dbc0,OTR Wheel Engineering Inc.,True,2,0,2,0
company_b2519d425e8c787c3825d2b9,Paccar,True,15,15,6,9
company_065f929c58de60436123306d,PAI Industries Inc.,True,2,0,2,0
company_d0e4b3968ef99687d30dd1ba,Pak-Lite Inc.,True,3,1,3,0
company_f4939036511c0ee9ade29b46,Panasonic Automotive Systems Co.,True,106,35,6,100
company_abf2b48f96cf55c66c957e6e,Panduit Corp.,True,45,0,4,41
company_58e740dcd9f3598d25e1cf8c,Peerless-Winsmith Inc.,True,3,0,2,1
company_09088da4230e4aa9653a62b0,Perkins Small Engines LLC,True,9,1,6,3
company_3b08d60cda1e626125460263,Peterson Spring,True,12,7,6,6
company_2d4ba2a74a409a97bbfe7442,Piedmont Automotive Products Inc.,True,13,4,6,7
company_f5609ab445df94a594136ba8,PIOLAX Corp.,True,5,0,5,0
company_ca4c6bbbf98fac1857c252a1,Pirelli Tire North America LLC,True,24,7,6,18
company_916426eb70ecce5624bfa654,Porsche Cars North America Inc.,True,43,31,6,37
company_d52e9e16bbe521b4e9847297,PPG Industries Inc.,True,6,2,4,2
company_29f6309444ab2e1c3472c3a7,QSR Inc.,True,1,0,1,0
company_7dd0e30354ae58e70bc7f1ab,Racemark International LLC,True,3,0,2,1
company_733f406bade7f8e2e5e1a4ac,RealTruck,True,10,2,6,4
company_bf47a285d281fa0f069e5d46,Rivian Automotive,True,79,31,6,73
company_12e67d5ae5db170e67a50b2e,Robert Bosch LLC,True,7,3,6,1
company_200ebe21e055e72509aa1abc,SAFT America Inc.,True,5,0,4,1
company_e9fd0ec8b547bf4492af2a45,Sejong Georgia LLC,True,29,6,5,24
company_07bdb7c1d1dbfa2bc94f0282,Seohan Auto USA,True,1,0,1,0
company_c89f5b7a127c7ebb39ac7795,Seoyon E-HWA,True,14,0,6,8
company_8888aef32079e2fde2def9b4,Seoyon E-Hwa Interior Systems,True,12,0,6,6
company_a3f3c6917807f4d6e5d3818f,Sewon America Inc.,True,9,0,5,4
company_0840ca72a880ea975df81150,SHIROKI North America Inc,True,45,0,4,41
company_8df8745aa77e1b6d38397a4e,SKF USA Inc.,True,2,0,2,0
company_2703f483acb6cc525b6a7848,Solvay Specialty Polymers USA LLC,True,54,0,6,48
company_897a9db8aebed83bd2799b36,Southern Switches Corp.,True,2,0,2,0
company_5851dbb8592edb520cc2ac87,SRG Global Inc.,True,2,0,2,0
company_01817ab985f63f3cc976a82f,Stryten Energy,True,2,0,2,0
company_705c975c0b21d509bfb29018,Suhner Manufacturing Corp.,True,1,0,1,0
company_37a56bc9ae554661c98d2c5e,SungEel Recycling Park Georgia,True,0,0,0,0
company_f48a5d63b769d5a79766038c,Superior Essex Inc.,True,2,0,2,0
company_a70d2f26955acf1b5a0306e6,Suzuki Manufacturing of America Corp.,True,27,5,6,21
company_1f5709cc554bb7b9bb9826bf,TCI Powder Coatings,True,2,0,2,0
company_3e0686f60c22b008dd5a18cf,TDK Components USA Inc.,True,2,0,2,0
company_aaa7f0307f6d78ed3a046f8c,TE Connectivity,True,3,3,2,1
company_c6dcb308bcb598c09e54dacd,Teklas USA,True,2,0,2,0
company_7941a108fa084dfe890ed1d8,Textron Specialized Vehicles,True,119,24,6,113
company_102e1a25f7c6be28624dcef0,Thermal Ceramics Inc.,True,20,0,4,16
company_2abed4e8267cf9012537b79e,Thomson Plastics Inc.,True,20,1,6,14
company_6cbe93bbec566a18e6054681,TI Fluid Systems,True,3,1,3,0
company_e0551e94478a46a41053fe4e,Tie Down Engineering,True,2,0,2,0
company_dfea087f5e2dd31c50e24164,TN Americas Holding Inc.,True,2,0,2,0
company_caacbd2dc0461ed785c2c708,Toyota Industries Group (TACG-TICA),True,0,0,0,0
company_ee8dbbd4cf1c48979fcf0406,Trenton Pressing,True,7,0,6,1
company_d6618350a3c99d906f0ee2c2,Trenton Pressing Inc.,True,8,0,6,2
company_7150fb43251087a238bda4ce,Valeo,True,11,7,6,5
company_596feb00112a7e34ae91ab24,Vanguard National Trailer Corp.,True,15,5,6,9
company_2bc94a6bcf8d11a21a6cf4eb,Vernay,True,1,0,1,0
company_b0f60975ef3d7167cafebe78,Vista Metals Corp.,True,8,1,6,2
company_e8ba5621ee1abfc8fd4637ee,Voestalpine Automotive Body Parts Inc.,True,28,1,6,22
company_1b71f48f9617b15b0e014979,Volvo Cars USA,True,93,81,6,87
company_7a96eea5ccf771c156845947,Volvo Group North America,True,93,81,6,87
company_bac57d36c7250058fae99e10,Wabash National Corp.,True,30,24,6,24
company_aacc5e2a4c9fc98b8e2f9d80,Wheelabrator Group Inc.,True,3,0,2,1
company_3c67e220aad7d9c8ee1929f3,WIKA USA,True,3,0,3,0
company_a61f2691b7ceb2228b2ccd4d,Woodbridge Foam Corp.,True,4,0,3,1
company_aa1a5dfbbcb7e72c4fc98871,Woory Industrial Co.,True,32,0,6,26
company_74bf2146c064be5012820c17,Yachiyo Manufacturing of America LLC,True,3,0,2,1
company_3bfce136e09e64002bf1582c,Yamaha Motor Manufacturing Corp.,True,342,44,6,336
company_efe9bd3c5d9ae8c0879f1258,Yazaki North America,True,1,1,1,0
company_df83f1d388dc1cf299de32ec,YKK USA Inc.,True,2,0,2,0
company_8d222dd0a0807029704fdce6,ZF Gainesville LLC,True,6,0,2,4
