query_id,original_id,original_query,input_row,duplicate_of,sectors,geography,labels_basis,parent_query_id,expansion_reason
q_1,1,Southeast Georgia EV supply chain tariffs import duties 2026,1,,"[""automotive_and_trade""]",southeast_georgia,query_text_only,,
q_2,2,Coastal Georgia automotive suppliers tariff exposure,2,,"[""automotive_and_trade""]",southeast_georgia,query_text_only,,
q_3,3,Southeast Georgia electric vehicle manufacturing tariff impacts,3,,"[""automotive_and_trade""]",southeast_georgia,query_text_only,,
q_4,4,Georgia automotive supply chain tariff changes effective dates,4,,"[""automotive_and_trade""]",statewide_georgia,query_text_only,,
q_5,5,Georgia EV manufacturers imported components tariff costs,5,,"[""automotive_and_trade""]",statewide_georgia,query_text_only,,
q_6,6,Georgia automotive suppliers country of origin import exposure,6,,"[""automotive_and_trade""]",statewide_georgia,query_text_only,,
q_7,7,Southeast Georgia EV supply chain tariff mitigation strategies,7,,"[""automotive_and_trade""]",southeast_georgia,query_text_only,,
q_8,8,Georgia automotive industry tariffs investment announcements,8,,"[""automotive_and_trade""]",statewide_georgia,query_text_only,,
q_9,9,Georgia EV supply chain tariffs production delays,9,,"[""automotive_and_trade""]",statewide_georgia,query_text_only,,
q_10,10,Georgia automotive suppliers tariffs employment impacts,10,,"[""automotive_and_trade""]",statewide_georgia,query_text_only,,
q_11,11,Georgia EV manufacturers tariff-related sourcing changes,11,,"[""automotive_and_trade""]",statewide_georgia,query_text_only,,
q_12,12,Georgia automotive suppliers tariff-related price increases,12,,"[""automotive_and_trade""]",statewide_georgia,query_text_only,,
q_13,13,Georgia EV supply chain domestic sourcing tariff avoidance,13,,"[""automotive_and_trade""]",statewide_georgia,query_text_only,,
q_14,14,Georgia automotive manufacturing trade policy uncertainty,14,,"[""automotive_and_trade""]",statewide_georgia,query_text_only,,
q_15,15,Southeast Georgia EV suppliers tariff exclusions eligibility,15,,"[""automotive_and_trade""]",southeast_georgia,query_text_only,,
q_16,16,Bryan County EV manufacturing tariffs imported components,16,,"[""automotive_and_trade""]",southeast_georgia,query_text_only,,
q_17,17,Savannah automotive supply chain import duties,17,,"[""automotive_and_trade""]",southeast_georgia,query_text_only,,
q_18,18,Chatham County automotive suppliers tariff exposure,18,,"[""automotive_and_trade""]",southeast_georgia,query_text_only,,
q_19,19,Effingham County EV suppliers imported materials tariffs,19,,"[""automotive_and_trade""]",southeast_georgia,query_text_only,,
q_20,20,Bulloch County automotive suppliers tariff impacts,20,,"[""automotive_and_trade""]",southeast_georgia,query_text_only,,
q_21,21,Liberty County automotive parts manufacturers tariffs,21,,"[""automotive_and_trade""]",southeast_georgia,query_text_only,,
q_22,22,Glynn County automotive logistics vehicle import tariffs,22,,"[""automotive_and_trade""]",southeast_georgia,query_text_only,,
q_23,23,Brunswick automotive imports tariffs port processing,23,,"[""automotive_and_trade""]",southeast_georgia,query_text_only,,
q_24,24,Statesboro EV suppliers tariff-related sourcing changes,24,,"[""automotive_and_trade""]",southeast_georgia,query_text_only,,
q_25,25,Richmond Hill automotive suppliers imported components duties,25,,"[""automotive_and_trade""]",southeast_georgia,query_text_only,,
q_26,26,Ellabell EV manufacturing imported equipment tariffs,26,,"[""automotive_and_trade""]",southeast_georgia,query_text_only,,
q_27,27,Southeast Georgia development authorities automotive tariff impacts,27,,"[""automotive_and_trade""]",southeast_georgia,query_text_only,,
q_28,28,Georgia Ports Authority automotive tariffs trade volumes,28,,"[""automotive_and_trade""]",statewide_georgia,query_text_only,,
q_29,29,Port of Savannah EV components tariff exposure,29,,"[""automotive_and_trade""]",southeast_georgia,query_text_only,,
q_30,30,Port of Brunswick vehicle imports tariff impacts,30,,"[""automotive_and_trade""]",southeast_georgia,query_text_only,,
q_31,31,Hyundai Motor Group Metaplant America tariffs imported components,31,,"[""automotive_and_trade""]",southeast_georgia,query_text_only,,
q_32,32,Hyundai Metaplant Georgia tariff exposure supplier sourcing,32,,"[""automotive_and_trade""]",southeast_georgia,query_text_only,,
q_33,33,Hyundai Georgia EV production tariffs cost impacts,33,,"[""automotive_and_trade""]",statewide_georgia,query_text_only,,
q_34,34,Hyundai Metaplant imported machinery customs duties,34,,"[""automotive_and_trade""]",southeast_georgia,query_text_only,,
q_35,35,Hyundai Georgia battery sourcing tariff exposure,35,,"[""batteries_and_minerals""]",statewide_georgia,query_text_only,,
q_36,36,Hyundai Georgia suppliers South Korea import duties,36,,"[""automotive_and_trade""]",statewide_georgia,query_text_only,,
q_37,37,Hyundai Mobis Georgia EV components tariff exposure,37,,"[""automotive_and_trade""]",statewide_georgia,query_text_only,,
q_38,38,Hyundai Glovis Georgia automotive logistics tariffs,38,,"[""automotive_and_trade""]",statewide_georgia,query_text_only,,
q_39,39,Hyundai Transys Georgia imported automotive parts tariffs,39,,"[""automotive_and_trade""]",statewide_georgia,query_text_only,,
q_40,40,HL Mando Georgia automotive components tariff exposure,40,,"[""automotive_and_trade""]",statewide_georgia,query_text_only,,
q_41,41,Ecoplastic Georgia imported automotive plastics tariffs,41,,"[""automotive_and_trade""]",statewide_georgia,query_text_only,,
q_42,42,Joon Georgia automotive components tariff exposure,42,,"[""automotive_and_trade""]",statewide_georgia,query_text_only,,
q_43,43,Seoyon E-Hwa Georgia imported materials tariffs,43,,"[""automotive_and_trade""]",statewide_georgia,query_text_only,,
q_44,44,Hyundai LG Energy Solution Georgia battery venture tariffs,44,,"[""batteries_and_minerals""]",statewide_georgia,query_text_only,,
q_45,45,Georgia Hyundai suppliers tariff mitigation localization,45,,"[""automotive_and_trade""]",statewide_georgia,query_text_only,,
q_46,46,Georgia Kia supply chain tariffs Southeast Georgia connections,46,,"[""automotive_and_trade""]",southeast_georgia,query_text_only,,
q_47,47,Georgia EV suppliers China sourcing tariff exposure,47,,"[""automotive_and_trade""]",statewide_georgia,query_text_only,,
q_48,48,Georgia EV suppliers South Korea sourcing tariff exposure,48,,"[""automotive_and_trade""]",statewide_georgia,query_text_only,,
q_49,49,Georgia EV suppliers Mexico sourcing tariff exposure,49,,"[""automotive_and_trade""]",statewide_georgia,query_text_only,,
q_50,50,Georgia EV suppliers Canada sourcing tariff exposure,50,,"[""automotive_and_trade""]",statewide_georgia,query_text_only,,
q_51,51,United States automobile import tariffs current rates effective dates,51,,"[""automotive_and_trade""]",national_international_context,query_text_only,,
q_52,52,United States auto parts import tariffs current rates effective dates,52,,"[""automotive_and_trade""]",national_international_context,query_text_only,,
q_53,53,Section 232 automobile tariffs covered vehicle classifications,53,,"[""automotive_and_trade""]",national_international_context,query_text_only,,
q_54,54,Section 232 automobile parts tariffs covered HTS codes,54,,"[""automotive_and_trade""]",national_international_context,query_text_only,,
q_55,55,Section 232 automobile tariffs exemptions exclusions updates,55,,"[""automotive_and_trade""]",national_international_context,query_text_only,,
q_56,56,Section 232 automotive tariffs domestic assembly import adjustment offset,56,,"[""automotive_and_trade""]",national_international_context,query_text_only,,
q_57,57,Section 232 auto parts tariffs engine transmission components,57,,"[""automotive_and_trade""]",national_international_context,query_text_only,,
q_58,58,Section 232 auto parts tariffs electric vehicle components,58,,"[""automotive_and_trade""]",national_international_context,query_text_only,,
q_59,59,Section 232 automobile tariffs foreign trade zone treatment,59,,"[""automotive_and_trade""]",national_international_context,query_text_only,,
q_60,60,Section 232 automobile tariffs duty drawback eligibility,60,,"[""automotive_and_trade""]",national_international_context,query_text_only,,
q_61,61,United States South Korea automobile tariffs trade agreement updates,61,,"[""automotive_and_trade""]",national_international_context,query_text_only,,
q_62,62,United States Japan automobile tariffs trade agreement updates,62,,"[""automotive_and_trade""]",national_international_context,query_text_only,,
q_63,63,United States European Union automobile tariffs trade agreement updates,63,,"[""automotive_and_trade""]",national_international_context,query_text_only,,
q_64,64,United States Mexico automobile tariffs USMCA eligibility,64,,"[""automotive_and_trade""]",national_international_context,query_text_only,,
q_65,65,United States Canada automobile tariffs USMCA eligibility,65,,"[""automotive_and_trade""]",national_international_context,query_text_only,,
q_66,66,USMCA automotive rules of origin electric vehicles batteries,66,,"[""batteries_and_minerals""]",national_international_context,query_text_only,,
q_67,67,USMCA automotive regional value content imported components,67,,"[""automotive_and_trade""]",national_international_context,query_text_only,,
q_68,68,USMCA automotive steel aluminum purchasing requirements,68,,"[""metals""]",national_international_context,query_text_only,,
q_69,69,Imported electric vehicles China Section 301 tariff schedule,69,,"[""automotive_and_trade""]",national_international_context,query_text_only,,
q_70,70,Passenger vehicles light trucks electric vehicles HTS tariff differences,70,,"[""automotive_and_trade""]",national_international_context,query_text_only,,
q_71,71,Electric vehicle knockdown kits United States tariff classification,71,,"[""automotive_and_trade""]",national_international_context,query_text_only,,
q_72,72,Automotive assemblies versus individual parts customs classification,72,,"[""automotive_and_trade""]",national_international_context,query_text_only,,
q_73,73,Automotive replacement parts versus original equipment tariffs,73,,"[""automotive_and_trade""]",national_international_context,query_text_only,,
q_74,74,Electric vehicle drive units motors inverters import tariffs,74,,"[""pcbs_and_electronics""]",national_international_context,query_text_only,,
q_75,75,Automotive wiring harnesses connectors import tariffs,75,,"[""automotive_and_trade""]",national_international_context,query_text_only,,
q_76,76,Automotive braking systems steering systems import duties,76,,"[""automotive_and_trade""]",national_international_context,query_text_only,,
q_77,77,Automotive seats seat frames import tariffs,77,,"[""automotive_and_trade""]",national_international_context,query_text_only,,
q_78,78,Automotive suspension systems axles wheel hubs tariffs,78,,"[""automotive_and_trade""]",national_international_context,query_text_only,,
q_79,79,Automotive thermal management heat pumps import tariffs,79,,"[""automotive_and_trade""]",national_international_context,query_text_only,,
q_80,80,Automotive stamped body panels chassis components tariffs,80,,"[""automotive_and_trade""]",national_international_context,query_text_only,,
q_81,81,United States steel import tariffs current rates effective dates,81,,"[""metals""]",national_international_context,query_text_only,,
q_82,82,United States aluminum import tariffs current rates effective dates,82,,"[""metals""]",national_international_context,query_text_only,,
q_83,83,Section 232 steel aluminum derivative products tariff coverage,83,,"[""metals""]",national_international_context,query_text_only,,
q_84,84,Section 232 steel aluminum tariffs automotive supply chain Georgia,84,,"[""metals""]",statewide_georgia,query_text_only,,
q_85,85,Section 232 steel country of melt and pour reporting requirements,85,,"[""metals""]",national_international_context,query_text_only,,
q_86,86,Section 232 aluminum country of smelt and cast reporting requirements,86,,"[""metals""]",national_international_context,query_text_only,,
q_87,87,Section 232 derivative articles steel aluminum content valuation,87,,"[""metals""]",national_international_context,query_text_only,,
q_88,88,Section 232 steel aluminum derivative HTS additions effective dates,88,,"[""metals""]",national_international_context,query_text_only,,
q_89,89,Section 232 steel aluminum tariff exclusions status,89,,"[""metals""]",national_international_context,query_text_only,,
q_90,90,Section 232 steel aluminum duties tariff stacking rules,90,,"[""metals""]",national_international_context,query_text_only,,
q_91,91,Automotive cold rolled steel import duties antidumping countervailing,91,,"[""metals""]",national_international_context,query_text_only,,
q_92,92,Automotive hot rolled steel import duties antidumping countervailing,92,,"[""metals""]",national_international_context,query_text_only,,
q_93,93,Automotive corrosion resistant steel import duties antidumping countervailing,93,,"[""metals""]",national_international_context,query_text_only,,
q_94,94,Galvanized automotive steel sheets tariffs country of origin,94,,"[""metals""]",national_international_context,query_text_only,,
q_95,95,Advanced high strength steel automotive import tariffs,95,,"[""metals""]",national_international_context,query_text_only,,
q_96,96,Electrical steel EV motors import duties trade remedies,96,,"[""metals""]",national_international_context,query_text_only,,
q_97,97,Non oriented electrical steel antidumping countervailing duties,97,,"[""metals""]",national_international_context,query_text_only,,
q_98,98,Stainless steel automotive battery components import tariffs,98,,"[""batteries_and_minerals"", ""metals""]",national_international_context,query_text_only,,
q_99,99,Automotive steel fasteners bolts nuts import tariffs,99,,"[""metals""]",national_international_context,query_text_only,,
q_100,100,Steel tubes automotive chassis import duties trade remedies,100,,"[""metals""]",national_international_context,query_text_only,,
q_101,101,Automotive aluminum sheet import duties trade remedies,101,,"[""metals""]",national_international_context,query_text_only,,
q_102,102,Automotive aluminum extrusions antidumping countervailing duties,102,,"[""metals""]",national_international_context,query_text_only,,
q_103,103,EV battery aluminum foil import duties trade remedies,103,,"[""batteries_and_minerals"", ""metals""]",national_international_context,query_text_only,,
q_104,104,Automotive aluminum castings import tariff classification,104,,"[""metals""]",national_international_context,query_text_only,,
q_105,105,EV battery trays aluminum enclosures Section 232 tariffs,105,,"[""batteries_and_minerals"", ""metals""]",national_international_context,query_text_only,,
q_106,106,Aluminum wheels automotive import duties trade remedies,106,,"[""metals""]",national_international_context,query_text_only,,
q_107,107,Copper import tariffs current scope effective dates,107,,"[""metals""]",national_international_context,query_text_only,,
q_108,108,Copper wire automotive harness import duties,108,,"[""metals""]",national_international_context,query_text_only,,
q_109,109,Copper foil lithium ion batteries import duties,109,,"[""batteries_and_minerals"", ""metals""]",national_international_context,query_text_only,,
q_110,110,Copper busbars EV battery packs tariff classification,110,,"[""batteries_and_minerals"", ""metals""]",national_international_context,query_text_only,,
q_111,111,United States lithium ion EV battery tariffs current rates,111,,"[""batteries_and_minerals""]",national_international_context,query_text_only,,
q_112,112,Section 301 lithium ion EV batteries tariff implementation dates,112,,"[""batteries_and_minerals""]",national_international_context,query_text_only,,
q_113,113,Section 301 non EV lithium ion batteries tariff implementation dates,113,,"[""batteries_and_minerals""]",national_international_context,query_text_only,,
q_114,114,Section 301 battery parts tariff rates effective dates,114,,"[""batteries_and_minerals""]",national_international_context,query_text_only,,
q_115,115,EV battery cells modules packs HTS classification differences,115,,"[""batteries_and_minerals""]",national_international_context,query_text_only,,
q_116,116,Lithium ion battery cells South Korea United States import duties,116,,"[""batteries_and_minerals""]",national_international_context,query_text_only,,
q_117,117,Lithium ion battery cells China United States import duties,117,,"[""batteries_and_minerals""]",national_international_context,query_text_only,,
q_118,118,Lithium ion battery modules Mexico United States origin rules,118,,"[""batteries_and_minerals""]",national_international_context,query_text_only,,
q_119,119,Lithium ion battery packs Canada United States origin rules,119,,"[""batteries_and_minerals""]",national_international_context,query_text_only,,
q_120,120,Georgia battery manufacturing imported materials tariff exposure,120,,"[""batteries_and_minerals""]",statewide_georgia,query_text_only,,
q_121,121,EV battery cathode active materials import tariffs,121,,"[""batteries_and_minerals""]",national_international_context,query_text_only,,
q_122,122,EV battery anode active materials import tariffs,122,,"[""batteries_and_minerals""]",national_international_context,query_text_only,,
q_123,123,Lithium iron phosphate cathode material import duties,123,,"[""batteries_and_minerals""]",national_international_context,query_text_only,,
q_124,124,Nickel manganese cobalt cathode material import duties,124,,"[""batteries_and_minerals""]",national_international_context,query_text_only,,
q_125,125,Cathode precursor materials United States tariff classification,125,,"[""batteries_and_minerals""]",national_international_context,query_text_only,,
q_126,126,Natural graphite Section 301 tariffs effective dates,126,,"[""batteries_and_minerals""]",national_international_context,query_text_only,,
q_127,127,Synthetic graphite United States import tariffs,127,,"[""batteries_and_minerals""]",national_international_context,query_text_only,,
q_128,128,Active anode material antidumping countervailing duties China,128,,"[""batteries_and_minerals""]",national_international_context,query_text_only,,
q_129,129,Graphite anode material tariff scope covered products,129,,"[""batteries_and_minerals""]",national_international_context,query_text_only,,
q_130,130,Silicon based battery anode materials import tariffs,130,,"[""batteries_and_minerals""]",national_international_context,query_text_only,,
q_131,131,Lithium carbonate United States import duties,131,,"[""batteries_and_minerals""]",national_international_context,query_text_only,,
q_132,132,Lithium hydroxide United States import duties,132,,"[""batteries_and_minerals""]",national_international_context,query_text_only,,
q_133,133,Nickel sulfate battery grade import duties,133,,"[""batteries_and_minerals""]",national_international_context,query_text_only,,
q_134,134,Cobalt sulfate battery grade import duties,134,,"[""batteries_and_minerals""]",national_international_context,query_text_only,,
q_135,135,Manganese sulfate battery grade import duties,135,,"[""batteries_and_minerals""]",national_international_context,query_text_only,,
q_136,136,Critical minerals Section 301 tariff rates effective dates,136,,"[""batteries_and_minerals""]",national_international_context,query_text_only,,
q_137,137,Battery electrolyte lithium hexafluorophosphate import tariffs,137,,"[""batteries_and_minerals""]",national_international_context,query_text_only,,
q_138,138,Battery electrolyte solvents ethylene carbonate import duties,138,,"[""batteries_and_minerals""]",national_international_context,query_text_only,,
q_139,139,Lithium ion battery separators import tariff classification,139,,"[""batteries_and_minerals""]",national_international_context,query_text_only,,
q_140,140,Battery separator films China import tariffs,140,,"[""batteries_and_minerals""]",national_international_context,query_text_only,,
q_141,141,Battery binder PVDF import duties,141,,"[""batteries_and_minerals""]",national_international_context,query_text_only,,
q_142,142,Battery conductive carbon additives import tariffs,142,,"[""batteries_and_minerals""]",national_international_context,query_text_only,,
q_143,143,Battery copper foil antidumping countervailing duty scope,143,,"[""batteries_and_minerals"", ""metals""]",national_international_context,query_text_only,,
q_144,144,Battery aluminum foil antidumping countervailing duty scope,144,,"[""batteries_and_minerals"", ""metals""]",national_international_context,query_text_only,,
q_145,145,Battery casings cans imported metal content tariffs,145,,"[""batteries_and_minerals"", ""metals""]",national_international_context,query_text_only,,
q_146,146,EV battery management systems import tariff classification,146,,"[""batteries_and_minerals""]",national_international_context,query_text_only,,
q_147,147,EV battery cooling plates import duties,147,,"[""batteries_and_minerals""]",national_international_context,query_text_only,,
q_148,148,EV battery manufacturing equipment United States import tariffs,148,,"[""batteries_and_minerals""]",national_international_context,query_text_only,,
q_149,149,Battery electrode coating equipment Section 301 exclusions,149,,"[""batteries_and_minerals""]",national_international_context,query_text_only,,
q_150,150,Battery recycling black mass import tariff classification,150,,"[""batteries_and_minerals""]",national_international_context,query_text_only,,
q_151,151,Recycled lithium nickel cobalt materials United States import duties,151,,"[""batteries_and_minerals""]",national_international_context,query_text_only,,
q_152,152,Rare earth permanent magnets United States import tariffs,152,,"[""batteries_and_minerals""]",national_international_context,query_text_only,,
q_153,153,Neodymium iron boron magnets Section 301 effective dates,153,,"[""automotive_and_trade""]",national_international_context,query_text_only,,
q_154,154,EV traction motor magnets country of origin tariff exposure,154,,"[""automotive_and_trade""]",national_international_context,query_text_only,,
q_155,155,Critical mineral export restrictions versus United States import tariffs,155,,"[""batteries_and_minerals""]",national_international_context,query_text_only,,
q_156,156,Printed circuit boards United States import tariffs current rates,156,,"[""pcbs_and_electronics""]",national_international_context,query_text_only,,
q_157,157,Bare printed circuit boards HTS 8534 import duties,157,,"[""pcbs_and_electronics""]",national_international_context,query_text_only,,
q_158,158,Printed circuit board assemblies United States tariff classification,158,,"[""pcbs_and_electronics""]",national_international_context,query_text_only,,
q_159,159,Automotive PCBs China Section 301 tariffs,159,,"[""pcbs_and_electronics""]",national_international_context,query_text_only,,
q_160,160,Automotive PCB assemblies South Korea import duties,160,,"[""pcbs_and_electronics""]",national_international_context,query_text_only,,
q_161,161,Automotive PCB assemblies Taiwan import duties,161,,"[""pcbs_and_electronics""]",national_international_context,query_text_only,,
q_162,162,Automotive PCB assemblies Vietnam country of origin rules,162,,"[""pcbs_and_electronics""]",national_international_context,query_text_only,,
q_163,163,Automotive PCB assemblies Mexico USMCA eligibility,163,,"[""pcbs_and_electronics""]",national_international_context,query_text_only,,
q_164,164,Multilayer rigid printed circuit boards import tariffs,164,,"[""pcbs_and_electronics""]",national_international_context,query_text_only,,
q_165,165,Flexible printed circuit boards import tariffs,165,,"[""pcbs_and_electronics""]",national_international_context,query_text_only,,
q_166,166,Rigid flex printed circuit boards import duties,166,,"[""pcbs_and_electronics""]",national_international_context,query_text_only,,
q_167,167,Insulated metal substrate automotive PCBs import tariffs,167,,"[""metals"", ""pcbs_and_electronics""]",national_international_context,query_text_only,,
q_168,168,PCB copper clad laminates import duties,168,,"[""metals"", ""pcbs_and_electronics""]",national_international_context,query_text_only,,
q_169,169,PCB prepreg fiberglass epoxy materials import tariffs,169,,"[""pcbs_and_electronics""]",national_international_context,query_text_only,,
q_170,170,PCB copper foil import tariffs automotive electronics,170,,"[""metals"", ""pcbs_and_electronics""]",national_international_context,query_text_only,,
q_171,171,Automotive electronic control units HTS classification tariffs,171,,"[""pcbs_and_electronics""]",national_international_context,query_text_only,,
q_172,172,Battery management system PCB assemblies tariff exposure,172,,"[""batteries_and_minerals"", ""pcbs_and_electronics""]",national_international_context,query_text_only,,
q_173,173,EV inverter PCB assemblies tariff classification,173,,"[""pcbs_and_electronics""]",national_international_context,query_text_only,,
q_174,174,Automotive semiconductor modules import duties Section 301,174,,"[""pcbs_and_electronics""]",national_international_context,query_text_only,,
q_175,175,Silicon carbide power devices import tariffs EV supply chain,175,,"[""automotive_and_trade""]",national_international_context,query_text_only,,
q_176,176,IGBT power modules import tariff classification,176,,"[""automotive_and_trade""]",national_international_context,query_text_only,,
q_177,177,Automotive microcontrollers processors import tariffs,177,,"[""automotive_and_trade""]",national_international_context,query_text_only,,
q_178,178,Automotive sensors radar modules camera modules import duties,178,,"[""automotive_and_trade""]",national_international_context,query_text_only,,
q_179,179,PCB assembly substantial transformation CBP country of origin rulings,179,,"[""pcbs_and_electronics""]",national_international_context,query_text_only,,
q_180,180,Semiconductor fabrication packaging testing country of origin CBP rulings,180,,"[""pcbs_and_electronics""]",national_international_context,query_text_only,,
q_181,181,Automotive displays United States import tariffs current rates,181,,"[""displays""]",national_international_context,query_text_only,,
q_182,182,Automotive LCD display modules HTS classification import duties,182,,"[""displays""]",national_international_context,query_text_only,,
q_183,183,Automotive OLED display modules HTS classification import duties,183,,"[""displays""]",national_international_context,query_text_only,,
q_184,184,Automotive flat panel display modules HTS 8524 tariffs,184,,"[""displays""]",national_international_context,query_text_only,,
q_185,185,Automotive display assemblies versus display modules tariff classification,185,,"[""displays""]",national_international_context,query_text_only,,
q_186,186,Vehicle infotainment displays China Section 301 tariffs,186,,"[""displays""]",national_international_context,query_text_only,,
q_187,187,Vehicle instrument cluster displays import duties,187,,"[""displays""]",national_international_context,query_text_only,,
q_188,188,Automotive head up displays import tariff classification,188,,"[""displays""]",national_international_context,query_text_only,,
q_189,189,Automotive touchscreens capacitive touch panels import tariffs,189,,"[""displays""]",national_international_context,query_text_only,,
q_190,190,Automotive display cover glass import duties,190,,"[""displays""]",national_international_context,query_text_only,,
q_191,191,Automotive display driver integrated circuits import tariffs,191,,"[""displays""]",national_international_context,query_text_only,,
q_192,192,Automotive display backlight units import tariff classification,192,,"[""displays""]",national_international_context,query_text_only,,
q_193,193,Automotive displays South Korea United States import duties,193,,"[""displays""]",national_international_context,query_text_only,,
q_194,194,Automotive displays Japan United States import duties,194,,"[""displays""]",national_international_context,query_text_only,,
q_195,195,Automotive displays Taiwan United States import duties,195,,"[""displays""]",national_international_context,query_text_only,,
q_196,196,Automotive displays Mexico assembly country of origin rulings,196,,"[""displays""]",national_international_context,query_text_only,,
q_197,197,Automotive display module assembly substantial transformation CBP,197,,"[""displays""]",national_international_context,query_text_only,,
q_198,198,Georgia automotive electronics suppliers PCB display sourcing tariffs,198,,"[""pcbs_and_electronics"", ""displays""]",statewide_georgia,query_text_only,,
q_199,199,Southeast Georgia EV cockpit modules imported electronics tariff exposure,199,,"[""pcbs_and_electronics"", ""displays""]",southeast_georgia,query_text_only,,
q_200,200,Automotive infotainment system bundled components customs classification,200,,"[""displays""]",national_international_context,query_text_only,,
q_201,201,Tariff stacking Section 301 Section 232 antidumping countervailing duties,201,,"[""automotive_and_trade""]",national_international_context,query_text_only,,
q_202,202,United States additional country specific tariffs current legal status,202,,"[""automotive_and_trade""]",national_international_context,query_text_only,,
q_203,203,United States emergency tariffs court rulings implementation refunds,203,,"[""automotive_and_trade""]",national_international_context,query_text_only,,
q_204,204,Reciprocal tariffs automotive electronics exceptions current status,204,,"[""pcbs_and_electronics""]",national_international_context,query_text_only,,
q_205,205,HTS Chapter 99 additional duties automotive EV components,205,,"[""automotive_and_trade""]",national_international_context,query_text_only,,
q_206,206,HTS Chapter 99 reporting multiple additional tariffs customs entries,206,,"[""automotive_and_trade""]",national_international_context,query_text_only,,
q_207,207,Tariff effective date goods entered versus goods shipped rules,207,,"[""automotive_and_trade""]",national_international_context,query_text_only,,
q_208,208,Tariff in transit exceptions automotive components eligibility,208,,"[""automotive_and_trade""]",national_international_context,query_text_only,,
q_209,209,Tariff exclusions expiration extensions automotive components,209,,"[""automotive_and_trade""]",national_international_context,query_text_only,,
q_210,210,Section 301 machinery exclusions battery manufacturing equipment,210,,"[""batteries_and_minerals""]",national_international_context,query_text_only,,
q_211,211,Section 301 exclusions PCB manufacturing equipment,211,,"[""pcbs_and_electronics""]",national_international_context,query_text_only,,
q_212,212,Section 301 exclusions automotive electronics components,212,,"[""pcbs_and_electronics""]",national_international_context,query_text_only,,
q_213,213,Customs country of origin substantial transformation EV components,213,,"[""automotive_and_trade""]",national_international_context,query_text_only,,
q_214,214,Transshipment versus substantial transformation automotive components tariffs,214,,"[""automotive_and_trade""]",national_international_context,query_text_only,,
q_215,215,Customs valuation related party automotive imports transfer pricing,215,,"[""automotive_and_trade""]",national_international_context,query_text_only,,
q_216,216,Customs assists tooling molds automotive import valuation,216,,"[""automotive_and_trade""]",national_international_context,query_text_only,,
q_217,217,Customs valuation royalties automotive software imported components,217,,"[""automotive_and_trade""]",national_international_context,query_text_only,,
q_218,218,First sale customs valuation automotive supplier imports,218,,"[""automotive_and_trade""]",national_international_context,query_text_only,,
q_219,219,Foreign trade zones Georgia automotive manufacturers tariff benefits,219,,"[""automotive_and_trade""]",statewide_georgia,query_text_only,,
q_220,220,Foreign trade zone privileged foreign status Section 232 components,220,,"[""automotive_and_trade""]",national_international_context,query_text_only,,
q_221,221,Foreign trade zone tariff treatment EV battery manufacturing,221,,"[""batteries_and_minerals""]",national_international_context,query_text_only,,
q_222,222,Bonded warehouses imported automotive parts tariff deferral,222,,"[""automotive_and_trade""]",national_international_context,query_text_only,,
q_223,223,Duty drawback eligibility automotive components additional tariffs,223,,"[""automotive_and_trade""]",national_international_context,query_text_only,,
q_224,224,Temporary importation under bond automotive tooling equipment,224,,"[""automotive_and_trade""]",national_international_context,query_text_only,,
q_225,225,HTS 9801 returned automotive goods duty treatment,225,,"[""automotive_and_trade""]",national_international_context,query_text_only,,
q_226,226,HTS 9802 overseas assembly automotive components duty treatment,226,,"[""automotive_and_trade""]",national_international_context,query_text_only,,
q_227,227,CBP binding ruling request EV component tariff classification,227,,"[""automotive_and_trade""]",national_international_context,query_text_only,,
q_228,228,Customs entry correction protests automotive tariff refunds,228,,"[""automotive_and_trade""]",national_international_context,query_text_only,,
q_229,229,Antidumping countervailing duty scope rulings automotive components,229,,"[""automotive_and_trade""]",national_international_context,query_text_only,,
q_230,230,Supplier tariff surcharge clauses automotive purchasing contracts,230,,"[""automotive_and_trade""]",national_international_context,query_text_only,,
q_231,231,Automotive suppliers tariff pass through customer negotiations Georgia,231,,"[""automotive_and_trade""]",statewide_georgia,query_text_only,,
q_232,232,Georgia automotive suppliers tariffs quarterly earnings disclosures,232,,"[""automotive_and_trade""]",statewide_georgia,query_text_only,,
q_233,233,Georgia EV projects tariffs construction equipment costs,233,,"[""automotive_and_trade""]",statewide_georgia,query_text_only,,
q_234,234,Southeast Georgia automotive investment tariffs project delays,234,,"[""automotive_and_trade""]",southeast_georgia,query_text_only,,
q_235,235,Georgia battery plants tariffs capacity expansion decisions,235,,"[""batteries_and_minerals""]",statewide_georgia,query_text_only,,
q_236,236,Georgia EV suppliers tariffs reshoring nearshoring announcements,236,,"[""automotive_and_trade""]",statewide_georgia,query_text_only,,
q_237,237,Georgia automotive suppliers alternative sourcing domestic metals,237,,"[""metals""]",statewide_georgia,query_text_only,,
q_238,238,Georgia EV suppliers alternative sourcing non China battery materials,238,,"[""batteries_and_minerals""]",statewide_georgia,query_text_only,,
q_239,239,Southeast Georgia automotive tariffs inventory stockpiling,239,,"[""automotive_and_trade""]",southeast_georgia,query_text_only,,
q_240,240,Port of Savannah automotive parts frontloading tariff deadlines,240,,"[""automotive_and_trade""]",southeast_georgia,query_text_only,,
q_241,241,Port of Brunswick vehicle tariffs import volume changes,241,,"[""automotive_and_trade""]",southeast_georgia,query_text_only,,
q_242,242,Savannah customs brokers EV battery auto parts tariff guidance,242,,"[""batteries_and_minerals""]",southeast_georgia,query_text_only,,
q_243,243,Georgia automotive suppliers tariffs logistics working capital,243,,"[""automotive_and_trade""]",statewide_georgia,query_text_only,,
q_244,244,Georgia EV supplier tariff exposure product country of origin,244,,"[""automotive_and_trade""]",statewide_georgia,query_text_only,,
q_245,245,Southeast Georgia EV supply chain tariff vulnerability assessment,245,,"[""automotive_and_trade""]",southeast_georgia,query_text_only,,
q_246,246,site:ustr.gov Section 301 electric vehicles batteries critical minerals tariffs,246,,"[""batteries_and_minerals""]",national_international_context,query_text_only,,
q_247,247,site:ustr.gov Section 301 semiconductors printed circuit boards exclusions,247,,"[""pcbs_and_electronics""]",national_international_context,query_text_only,,
q_248,248,site:cbp.gov automobile auto parts Section 232 guidance,248,,"[""automotive_and_trade""]",national_international_context,query_text_only,,
q_249,249,site:cbp.gov CSMS steel aluminum derivative tariffs,249,,"[""metals""]",national_international_context,query_text_only,,
q_250,250,site:cbp.gov CSMS lithium ion battery tariffs,250,,"[""batteries_and_minerals""]",national_international_context,query_text_only,,
q_251,251,site:cbp.gov tariff stacking Chapter 99 automotive parts,251,,"[""automotive_and_trade""]",national_international_context,query_text_only,,
q_252,252,site:hts.usitc.gov electric vehicles batteries printed circuits display modules,252,,"[""batteries_and_minerals"", ""pcbs_and_electronics"", ""displays""]",national_international_context,query_text_only,,
q_253,253,site:usitc.gov automotive components tariff changes 2026,253,,"[""automotive_and_trade""]",national_international_context,query_text_only,,
q_254,254,site:federalregister.gov automobile parts Section 232 tariffs,254,,"[""automotive_and_trade""]",national_international_context,query_text_only,,
q_255,255,site:federalregister.gov steel aluminum derivative products tariffs,255,,"[""metals""]",national_international_context,query_text_only,,
q_256,256,site:federalregister.gov lithium ion batteries Section 301,256,,"[""batteries_and_minerals""]",national_international_context,query_text_only,,
q_257,257,site:federalregister.gov active anode material antidumping countervailing,257,,"[""batteries_and_minerals""]",national_international_context,query_text_only,,
q_258,258,site:trade.gov automotive parts antidumping countervailing duties,258,,"[""automotive_and_trade""]",national_international_context,query_text_only,,
q_259,259,site:commerce.gov critical minerals semiconductor import investigations,259,,"[""batteries_and_minerals"", ""pcbs_and_electronics""]",national_international_context,query_text_only,,
q_260,260,site:whitehouse.gov presidential actions automobile tariffs,260,,"[""automotive_and_trade""]",national_international_context,query_text_only,,
q_261,261,site:rulings.cbp.gov electric vehicle battery pack country of origin,261,,"[""batteries_and_minerals""]",national_international_context,query_text_only,,
q_262,262,site:rulings.cbp.gov printed circuit board assembly substantial transformation,262,,"[""pcbs_and_electronics""]",national_international_context,query_text_only,,
q_263,263,site:rulings.cbp.gov automotive display module classification,263,,"[""displays""]",national_international_context,query_text_only,,
q_264,264,site:rulings.cbp.gov electric vehicle motor inverter classification,264,,"[""pcbs_and_electronics""]",national_international_context,query_text_only,,
q_265,265,site:gaports.com automobile tariffs Brunswick Savannah,265,,"[""automotive_and_trade""]",southeast_georgia,query_text_only,,
q_266,266,site:georgia.org automotive suppliers tariffs electric vehicles,266,,"[""automotive_and_trade""]",statewide_georgia,query_text_only,,
q_267,267,site:georgia.org battery manufacturing supply chain investments,267,,"[""batteries_and_minerals""]",statewide_georgia,query_text_only,,
q_268,268,site:hyundai.com Georgia tariffs localization suppliers,268,,"[""automotive_and_trade""]",statewide_georgia,query_text_only,,
q_269,269,site:lgensol.com tariffs North America battery manufacturing,269,,"[""batteries_and_minerals""]",national_international_context,query_text_only,,
q_270,270,site:sec.gov automotive suppliers tariffs Georgia manufacturing,270,,"[""automotive_and_trade""]",statewide_georgia,query_text_only,,
q_271,271,Southeast Georgia EV supply chain tariff exposure,271,,"[""automotive_and_trade""]",southeast_georgia,query_text_only,,
q_272,272,Southeast Georgia automotive suppliers tariff impact,272,,"[""automotive_and_trade""]",southeast_georgia,query_text_only,,
q_273,273,Southeast Georgia battery manufacturers import duties,273,,"[""batteries_and_minerals""]",southeast_georgia,query_text_only,,
q_274,274,Southeast Georgia metals suppliers automotive tariffs,274,,"[""metals""]",southeast_georgia,query_text_only,,
q_275,275,Southeast Georgia automotive electronics import tariffs,275,,"[""pcbs_and_electronics""]",southeast_georgia,query_text_only,,
q_276,276,Southeast Georgia vehicle display suppliers tariffs,276,,"[""displays""]",southeast_georgia,query_text_only,,
q_277,277,Savannah Georgia EV manufacturing tariff costs,277,,"[""automotive_and_trade""]",southeast_georgia,query_text_only,,
q_278,278,Bryan County Georgia automotive suppliers tariffs,278,,"[""automotive_and_trade""]",southeast_georgia,query_text_only,,
q_279,279,Bulloch County Georgia EV suppliers import duties,279,,"[""automotive_and_trade""]",southeast_georgia,query_text_only,,
q_280,280,Effingham County Georgia automotive manufacturing tariffs,280,,"[""automotive_and_trade""]",southeast_georgia,query_text_only,,
q_281,281,Chatham County Georgia EV component imports tariffs,281,,"[""automotive_and_trade""]",southeast_georgia,query_text_only,,
q_282,282,Liberty County Georgia automotive suppliers tariff exposure,282,,"[""automotive_and_trade""]",southeast_georgia,query_text_only,,
q_283,283,Port of Savannah EV supply chain tariff impact,283,,"[""automotive_and_trade""]",southeast_georgia,query_text_only,,
q_284,284,Georgia automotive suppliers tariff-driven localization,284,,"[""automotive_and_trade""]",statewide_georgia,query_text_only,,
q_285,285,Georgia EV manufacturers imported component dependencies,285,,"[""automotive_and_trade""]",statewide_georgia,query_text_only,,
q_286,286,Georgia EV supply chain tariffs investment delays,286,,"[""automotive_and_trade""]",statewide_georgia,query_text_only,,
q_287,287,Georgia automotive manufacturing tariffs employment impact,287,,"[""automotive_and_trade""]",statewide_georgia,query_text_only,,
q_288,288,Georgia EV suppliers tariff mitigation strategies,288,,"[""automotive_and_trade""]",statewide_georgia,query_text_only,,
q_289,289,"""Hyundai Motor Group Metaplant America"" tariffs",289,,"[""automotive_and_trade""]",southeast_georgia,query_text_only,,
q_290,290,"""Hyundai Motor Group Metaplant America"" supplier localization tariffs",290,,"[""automotive_and_trade""]",southeast_georgia,query_text_only,,
q_291,291,"""Hyundai Motor Group Metaplant America"" steel aluminum tariff exposure",291,,"[""metals""]",southeast_georgia,query_text_only,,
q_292,292,"""Hyundai Motor Group Metaplant America"" battery sourcing tariffs",292,,"[""batteries_and_minerals""]",southeast_georgia,query_text_only,,
q_293,293,"""Hyundai Motor Group Metaplant America"" South Korea imports tariffs",293,,"[""automotive_and_trade""]",southeast_georgia,query_text_only,,
q_294,294,"""Hyundai Motor Group Metaplant America"" customs foreign trade zone",294,,"[""automotive_and_trade""]",southeast_georgia,query_text_only,,
q_295,295,Hyundai Georgia plant tariff costs earnings disclosure,295,,"[""automotive_and_trade""]",statewide_georgia,query_text_only,,
q_296,296,Hyundai Georgia suppliers automotive tariff exemptions,296,,"[""automotive_and_trade""]",statewide_georgia,query_text_only,,
q_297,297,Hyundai Steel Georgia automotive steel tariffs,297,,"[""metals""]",statewide_georgia,query_text_only,,
q_298,298,Kia Georgia imported auto parts tariff exposure,298,,"[""automotive_and_trade""]",statewide_georgia,query_text_only,,
q_299,299,Kia Georgia supplier localization tariffs,299,,"[""automotive_and_trade""]",statewide_georgia,query_text_only,,
q_300,300,SK Battery America Georgia battery materials import duties,300,,"[""batteries_and_minerals""]",statewide_georgia,query_text_only,,
q_301,301,SK On Hyundai Georgia battery venture tariffs,301,,"[""batteries_and_minerals""]",statewide_georgia,query_text_only,,
q_302,302,Georgia Hyundai suppliers tariff surcharge contracts,302,,"[""automotive_and_trade""]",statewide_georgia,query_text_only,,
q_303,303,Georgia Korean automotive suppliers customs country of origin,303,,"[""automotive_and_trade""]",statewide_georgia,query_text_only,,
q_304,304,United States imported electric vehicles tariffs effective dates,304,,"[""automotive_and_trade""]",national_international_context,query_text_only,,
q_305,305,United States automotive parts tariffs covered products,305,,"[""automotive_and_trade""]",national_international_context,query_text_only,,
q_306,306,United States automotive tariffs country exemptions,306,,"[""automotive_and_trade""]",national_international_context,query_text_only,,
q_307,307,United States automotive tariffs imported EV components,307,,"[""automotive_and_trade""]",national_international_context,query_text_only,,
q_308,308,United States automotive tariffs implementation guidance,308,,"[""automotive_and_trade""]",national_international_context,query_text_only,,
q_309,309,United States automotive tariffs non-US content calculation,309,,"[""automotive_and_trade""]",national_international_context,query_text_only,,
q_310,310,United States auto parts tariffs domestic assembly relief,310,,"[""automotive_and_trade""]",national_international_context,query_text_only,,
q_311,311,United States automotive tariff offsets eligibility,311,,"[""automotive_and_trade""]",national_international_context,query_text_only,,
q_312,312,United States automotive tariff exclusions application process,312,,"[""automotive_and_trade""]",national_international_context,query_text_only,,
q_313,313,United States automotive tariffs bonded warehouse withdrawals,313,,"[""automotive_and_trade""]",national_international_context,query_text_only,,
q_314,314,United States automotive tariffs China Section 301 overlap,314,,"[""automotive_and_trade""]",national_international_context,query_text_only,,
q_315,315,Automotive parts substantial transformation country of origin CBP,315,,"[""automotive_and_trade""]",national_international_context,query_text_only,,
q_316,316,Electric vehicle parts HTS classification customs rulings,316,,"[""automotive_and_trade""]",national_international_context,query_text_only,,
q_317,317,EV traction motors United States import tariffs,317,,"[""automotive_and_trade""]",national_international_context,query_text_only,,
q_318,318,EV motor stators rotors United States import duties,318,,"[""automotive_and_trade""]",national_international_context,query_text_only,,
q_319,319,EV electric drive units customs classification tariffs,319,,"[""automotive_and_trade""]",national_international_context,query_text_only,,
q_320,320,EV reduction gearboxes United States import tariffs,320,,"[""automotive_and_trade""]",national_international_context,query_text_only,,
q_321,321,EV axles automotive parts tariffs,321,,"[""automotive_and_trade""]",national_international_context,query_text_only,,
q_322,322,Automotive transmission components United States import duties,322,,"[""automotive_and_trade""]",national_international_context,query_text_only,,
q_323,323,Automotive steering assemblies import tariffs,323,,"[""automotive_and_trade""]",national_international_context,query_text_only,,
q_324,324,Automotive suspension components import tariffs,324,,"[""automotive_and_trade""]",national_international_context,query_text_only,,
q_325,325,Automotive braking systems United States tariff classification,325,,"[""automotive_and_trade""]",national_international_context,query_text_only,,
q_326,326,Automotive wheel hubs bearings import tariffs,326,,"[""automotive_and_trade""]",national_international_context,query_text_only,,
q_327,327,Automotive seats United States import tariffs,327,,"[""automotive_and_trade""]",national_international_context,query_text_only,,
q_328,328,Automotive seat frames steel tariff exposure,328,,"[""metals""]",national_international_context,query_text_only,,
q_329,329,Automotive seat belts airbags import duties,329,,"[""automotive_and_trade""]",national_international_context,query_text_only,,
q_330,330,Automotive interior trim United States import tariffs,330,,"[""automotive_and_trade""]",national_international_context,query_text_only,,
q_331,331,Automotive floor mats customs classification tariffs,331,,"[""automotive_and_trade""]",national_international_context,query_text_only,,
q_332,332,Automotive exterior plastic components import tariffs,332,,"[""automotive_and_trade""]",national_international_context,query_text_only,,
q_333,333,Automotive bumpers customs classification import duties,333,,"[""automotive_and_trade""]",national_international_context,query_text_only,,
q_334,334,Automotive wiring harnesses United States import tariffs,334,,"[""automotive_and_trade""]",national_international_context,query_text_only,,
q_335,335,EV high-voltage connectors customs classification tariffs,335,,"[""automotive_and_trade""]",national_international_context,query_text_only,,
q_336,336,EV charging cables United States import duties,336,,"[""automotive_and_trade""]",national_international_context,query_text_only,,
q_337,337,EV thermal management systems import tariffs,337,,"[""automotive_and_trade""]",national_international_context,query_text_only,,
q_338,338,EV heat pumps customs classification duties,338,,"[""automotive_and_trade""]",national_international_context,query_text_only,,
q_339,339,EV radiators condensers automotive tariffs,339,,"[""automotive_and_trade""]",national_international_context,query_text_only,,
q_340,340,Automotive glass windshields United States import tariffs,340,,"[""automotive_and_trade""]",national_international_context,query_text_only,,
q_341,341,Automotive tires United States antidumping countervailing duties,341,,"[""automotive_and_trade""]",national_international_context,query_text_only,,
q_342,342,Automotive fasteners United States tariffs country of origin,342,,"[""automotive_and_trade""]",national_international_context,query_text_only,,
q_343,343,Automotive stamped metal parts Section 232 coverage,343,,"[""metals""]",national_international_context,query_text_only,,
q_344,344,Automotive cast metal parts United States import duties,344,,"[""metals""]",national_international_context,query_text_only,,
q_345,345,Automotive injection molding machinery import tariffs,345,,"[""automotive_and_trade""]",national_international_context,query_text_only,,
q_346,346,Section 232 steel tariffs automotive supply chain effective dates,346,,"[""metals""]",national_international_context,query_text_only,,
q_347,347,Section 232 aluminum tariffs automotive supply chain effective dates,347,,"[""metals""]",national_international_context,query_text_only,,
q_348,348,Section 232 derivative steel products automotive components,348,,"[""metals""]",national_international_context,query_text_only,,
q_349,349,Section 232 derivative aluminum products EV components,349,,"[""metals""]",national_international_context,query_text_only,,
q_350,350,Section 232 steel aluminum derivative products inclusion notices,350,,"[""metals""]",national_international_context,query_text_only,,
q_351,351,Section 232 steel content valuation automotive parts,351,,"[""metals""]",national_international_context,query_text_only,,
q_352,352,Section 232 aluminum content valuation automotive parts,352,,"[""metals""]",national_international_context,query_text_only,,
q_353,353,Section 232 steel aluminum country exemptions current status,353,,"[""metals""]",national_international_context,query_text_only,,
q_354,354,Section 232 steel aluminum tariff exclusions expiration,354,,"[""metals""]",national_international_context,query_text_only,,
q_355,355,Section 232 steel aluminum quotas tariff rate quotas,355,,"[""metals""]",national_international_context,query_text_only,,
q_356,356,Section 232 steel aluminum Chapter 99 reporting instructions,356,,"[""metals""]",national_international_context,query_text_only,,
q_357,357,Section 232 steel aluminum tariffs Section 301 stacking,357,,"[""metals""]",national_international_context,query_text_only,,
q_358,358,Automotive steel imports South Korea United States tariffs,358,,"[""metals""]",national_international_context,query_text_only,,
q_359,359,Automotive steel imports Japan United States tariffs,359,,"[""metals""]",national_international_context,query_text_only,,
q_360,360,Automotive steel imports Mexico United States tariffs,360,,"[""metals""]",national_international_context,query_text_only,,
q_361,361,Automotive aluminum imports Canada United States tariffs,361,,"[""metals""]",national_international_context,query_text_only,,
q_362,362,Stainless steel automotive components United States tariffs,362,,"[""metals""]",national_international_context,query_text_only,,
q_363,363,Aluminum automotive body sheet United States tariffs,363,,"[""metals""]",national_international_context,query_text_only,,
q_364,364,Aluminum extrusions EV battery enclosures import duties,364,,"[""batteries_and_minerals"", ""metals""]",national_international_context,query_text_only,,
q_365,365,Aluminum battery foil United States import duties,365,,"[""batteries_and_minerals"", ""metals""]",national_international_context,query_text_only,,
q_366,366,Copper tubing automotive thermal systems tariffs,366,,"[""metals""]",national_international_context,query_text_only,,
q_367,367,Georgia metal stamping companies imported steel tariff costs,367,,"[""metals""]",statewide_georgia,query_text_only,,
q_368,368,Georgia aluminum extrusion suppliers EV tariff exposure,368,,"[""metals""]",statewide_georgia,query_text_only,,
q_369,369,Georgia automotive foundries imported metal tariffs,369,,"[""metals""]",statewide_georgia,query_text_only,,
q_370,370,Georgia automotive machine shops tariff surcharges,370,,"[""automotive_and_trade""]",statewide_georgia,query_text_only,,
q_371,371,Georgia steel service centers automotive tariff pricing,371,,"[""metals""]",statewide_georgia,query_text_only,,
q_372,372,United States non-EV lithium-ion battery tariffs effective dates,372,,"[""batteries_and_minerals""]",national_international_context,query_text_only,,
q_373,373,EV battery cells United States HTS classification tariffs,373,,"[""batteries_and_minerals""]",national_international_context,query_text_only,,
q_374,374,EV battery modules United States HTS classification tariffs,374,,"[""batteries_and_minerals""]",national_international_context,query_text_only,,
q_375,375,EV battery packs United States HTS classification tariffs,375,,"[""batteries_and_minerals""]",national_international_context,query_text_only,,
q_376,376,Lithium-ion battery parts Section 301 tariff coverage,376,,"[""batteries_and_minerals""]",national_international_context,query_text_only,,
q_377,377,Chinese EV battery imports United States tariff exclusions,377,,"[""batteries_and_minerals""]",national_international_context,query_text_only,,
q_378,378,South Korean EV battery imports United States duties,378,,"[""batteries_and_minerals""]",national_international_context,query_text_only,,
q_379,379,Japanese EV battery imports United States duties,379,,"[""batteries_and_minerals""]",national_international_context,query_text_only,,
q_380,380,European EV battery imports United States duties,380,,"[""batteries_and_minerals""]",national_international_context,query_text_only,,
q_381,381,Mexican assembled EV batteries country of origin tariffs,381,,"[""batteries_and_minerals""]",national_international_context,query_text_only,,
q_382,382,EV battery cell module pack substantial transformation CBP,382,,"[""batteries_and_minerals""]",national_international_context,query_text_only,,
q_383,383,EV batteries Section 301 automotive tariff overlap,383,,"[""batteries_and_minerals""]",national_international_context,query_text_only,,
q_384,384,EV battery tariffs Chapter 99 entry reporting,384,,"[""batteries_and_minerals""]",national_international_context,query_text_only,,
q_385,385,Lithium iron phosphate batteries United States import tariffs,385,,"[""batteries_and_minerals""]",national_international_context,query_text_only,,
q_386,386,Nickel manganese cobalt batteries United States import tariffs,386,,"[""batteries_and_minerals""]",national_international_context,query_text_only,,
q_387,387,Sodium-ion batteries United States customs classification duties,387,,"[""batteries_and_minerals""]",national_international_context,query_text_only,,
q_388,388,Battery precursor cathode materials United States import duties,388,,"[""batteries_and_minerals""]",national_international_context,query_text_only,,
q_389,389,Battery electrolyte salts United States import tariffs,389,,"[""batteries_and_minerals""]",national_international_context,query_text_only,,
q_390,390,Battery electrolyte solvents United States import tariffs,390,,"[""batteries_and_minerals""]",national_international_context,query_text_only,,
q_391,391,Battery separator coating materials import duties,391,,"[""batteries_and_minerals""]",national_international_context,query_text_only,,
q_392,392,Battery copper current collectors import tariffs,392,,"[""batteries_and_minerals"", ""metals""]",national_international_context,query_text_only,,
q_393,393,Battery aluminum current collectors import tariffs,393,,"[""batteries_and_minerals"", ""metals""]",national_international_context,query_text_only,,
q_394,394,Battery cell cans housings United States import duties,394,,"[""batteries_and_minerals""]",national_international_context,query_text_only,,
q_395,395,Battery thermal interface materials customs classification duties,395,,"[""batteries_and_minerals""]",national_international_context,query_text_only,,
q_396,396,Battery management systems United States import tariffs,396,,"[""batteries_and_minerals""]",national_international_context,query_text_only,,
q_397,397,Battery electrode coating equipment import tariffs,397,,"[""batteries_and_minerals""]",national_international_context,query_text_only,,
q_398,398,Battery formation testing equipment customs classification duties,398,,"[""batteries_and_minerals""]",national_international_context,query_text_only,,
q_399,399,Georgia battery factories imported equipment tariff exposure,399,,"[""batteries_and_minerals""]",statewide_georgia,query_text_only,,
q_400,400,Georgia battery suppliers tariff-driven domestic sourcing,400,,"[""batteries_and_minerals""]",statewide_georgia,query_text_only,,
q_401,401,Georgia battery recycling equipment import duties,401,,"[""batteries_and_minerals""]",statewide_georgia,query_text_only,,
q_402,402,United States critical mineral tariffs EV supply chain,402,,"[""batteries_and_minerals""]",national_international_context,query_text_only,,
q_403,403,United States processed critical minerals trade investigation tariffs,403,,"[""batteries_and_minerals""]",national_international_context,query_text_only,,
q_404,404,Critical minerals tariff measures proposed versus effective,404,,"[""batteries_and_minerals""]",national_international_context,query_text_only,,
q_405,405,Spodumene concentrate United States tariff classification,405,,"[""automotive_and_trade""]",national_international_context,query_text_only,,
q_406,406,Natural graphite United States import tariffs effective dates,406,,"[""batteries_and_minerals""]",national_international_context,query_text_only,,
q_407,407,Battery-grade graphite Section 301 tariff exclusions,407,,"[""batteries_and_minerals""]",national_international_context,query_text_only,,
q_408,408,Spherical purified graphite United States customs classification,408,,"[""batteries_and_minerals""]",national_international_context,query_text_only,,
q_409,409,Nickel sulfate battery materials United States import duties,409,,"[""batteries_and_minerals""]",national_international_context,query_text_only,,
q_410,410,Nickel matte battery supply chain United States tariffs,410,,"[""batteries_and_minerals""]",national_international_context,query_text_only,,
q_411,411,Mixed hydroxide precipitate United States tariff classification,411,,"[""automotive_and_trade""]",national_international_context,query_text_only,,
q_412,412,Cobalt sulfate United States import duties,412,,"[""batteries_and_minerals""]",national_international_context,query_text_only,,
q_413,413,Cobalt hydroxide United States customs classification tariffs,413,,"[""batteries_and_minerals""]",national_international_context,query_text_only,,
q_414,414,Manganese dioxide United States import duties,414,,"[""automotive_and_trade""]",national_international_context,query_text_only,,
q_415,415,Rare earth oxides United States import tariffs,415,,"[""batteries_and_minerals""]",national_international_context,query_text_only,,
q_416,416,Neodymium praseodymium EV motors import duties,416,,"[""automotive_and_trade""]",national_international_context,query_text_only,,
q_417,417,Dysprosium terbium United States import tariffs,417,,"[""automotive_and_trade""]",national_international_context,query_text_only,,
q_418,418,Permanent magnets United States Section 301 tariffs effective dates,418,,"[""automotive_and_trade""]",national_international_context,query_text_only,,
q_419,419,Neodymium iron boron magnets customs country of origin,419,,"[""automotive_and_trade""]",national_international_context,query_text_only,,
q_420,420,China graphite export controls Georgia battery supply chain,420,,"[""batteries_and_minerals""]",statewide_georgia,query_text_only,,
q_421,421,China rare earth export restrictions Georgia automotive suppliers,421,,"[""batteries_and_minerals""]",statewide_georgia,query_text_only,,
q_422,422,Indonesia nickel United States import duties battery supply chain,422,,"[""batteries_and_minerals""]",national_international_context,query_text_only,,
q_423,423,Chile lithium United States trade agreement import duties,423,,"[""batteries_and_minerals""]",national_international_context,query_text_only,,
q_424,424,Argentina lithium United States import tariffs,424,,"[""batteries_and_minerals""]",national_international_context,query_text_only,,
q_425,425,Australia critical minerals United States import duties,425,,"[""batteries_and_minerals""]",national_international_context,query_text_only,,
q_426,426,Canada critical minerals United States tariffs USMCA,426,,"[""batteries_and_minerals""]",national_international_context,query_text_only,,
q_427,427,Battery black mass United States import export classification,427,,"[""batteries_and_minerals""]",national_international_context,query_text_only,,
q_428,428,Georgia battery recyclers critical mineral sourcing tariffs,428,,"[""batteries_and_minerals""]",statewide_georgia,query_text_only,,
q_429,429,Georgia EV suppliers rare earth magnet sourcing diversification,429,,"[""batteries_and_minerals""]",statewide_georgia,query_text_only,,
q_430,430,Bare printed circuit boards Section 301 tariff coverage,430,,"[""pcbs_and_electronics""]",national_international_context,query_text_only,,
q_431,431,Printed circuit board assemblies automotive import duties,431,,"[""pcbs_and_electronics""]",national_international_context,query_text_only,,
q_432,432,Metal-core PCBs EV power electronics import duties,432,,"[""metals"", ""pcbs_and_electronics""]",national_international_context,query_text_only,,
q_433,433,FR-4 PCB laminate United States import duties,433,,"[""pcbs_and_electronics""]",national_international_context,query_text_only,,
q_434,434,PCB prepreg materials United States tariff classification,434,,"[""pcbs_and_electronics""]",national_international_context,query_text_only,,
q_435,435,EV inverters United States customs classification tariffs,435,,"[""pcbs_and_electronics""]",national_international_context,query_text_only,,
q_436,436,EV onboard chargers United States import duties,436,,"[""pcbs_and_electronics""]",national_international_context,query_text_only,,
q_437,437,EV DC-DC converters United States import tariffs,437,,"[""automotive_and_trade""]",national_international_context,query_text_only,,
q_438,438,Automotive power modules United States customs classification,438,,"[""automotive_and_trade""]",national_international_context,query_text_only,,
q_439,439,Semiconductor Section 301 tariffs automotive electronics,439,,"[""pcbs_and_electronics""]",national_international_context,query_text_only,,
q_440,440,Semiconductor Section 232 investigation automotive supply chain,440,,"[""pcbs_and_electronics""]",national_international_context,query_text_only,,
q_441,441,Georgia electronics manufacturers PCB tariff exposure,441,,"[""pcbs_and_electronics""]",statewide_georgia,query_text_only,,
q_442,442,Georgia automotive electronics suppliers component shortages tariffs,442,,"[""pcbs_and_electronics""]",statewide_georgia,query_text_only,,
q_443,443,Georgia PCB assembly reshoring tariff impact,443,,"[""pcbs_and_electronics""]",statewide_georgia,query_text_only,,
q_444,444,Automotive electronics contract manufacturers tariff surcharges,444,,"[""pcbs_and_electronics""]",national_international_context,query_text_only,,
q_445,445,Automotive display modules United States import tariffs,445,,"[""displays""]",national_international_context,query_text_only,,
q_446,446,Automotive LCD panels United States tariff classification,446,,"[""displays""]",national_international_context,query_text_only,,
q_447,447,Automotive OLED displays United States import duties,447,,"[""displays""]",national_international_context,query_text_only,,
q_448,448,Automotive touchscreen assemblies United States tariffs,448,,"[""displays""]",national_international_context,query_text_only,,
q_449,449,Automotive infotainment systems United States tariff classification,449,,"[""displays""]",national_international_context,query_text_only,,
q_450,450,Automotive head-up displays United States import tariffs,450,,"[""displays""]",national_international_context,query_text_only,,
q_451,451,Automotive HMI control panels United States import duties,451,,"[""automotive_and_trade""]",national_international_context,query_text_only,,
q_452,452,Automotive center-stack displays United States tariffs,452,,"[""displays""]",national_international_context,query_text_only,,
q_453,453,Automotive rear-seat entertainment displays import duties,453,,"[""displays""]",national_international_context,query_text_only,,
q_454,454,TFT LCD modules Section 301 tariffs,454,,"[""displays""]",national_international_context,query_text_only,,
q_455,455,OLED display modules Section 301 tariff exclusions,455,,"[""displays""]",national_international_context,query_text_only,,
q_456,456,Touch sensor panels automotive United States tariffs,456,,"[""automotive_and_trade""]",national_international_context,query_text_only,,
q_457,457,Automotive displays China United States import tariffs,457,,"[""displays""]",national_international_context,query_text_only,,
q_458,458,Display module assembly country of origin CBP rulings,458,,"[""displays""]",national_international_context,query_text_only,,
q_459,459,Georgia automotive display suppliers tariff sourcing exposure,459,,"[""displays""]",statewide_georgia,query_text_only,,
q_460,460,Port of Savannah automotive component imports country of origin,460,,"[""automotive_and_trade""]",southeast_georgia,query_text_only,,
q_461,461,Port of Savannah battery imports tariff-related volume changes,461,,"[""batteries_and_minerals""]",southeast_georgia,query_text_only,,
q_462,462,Port of Savannah steel aluminum imports tariff impact,462,,"[""metals""]",southeast_georgia,query_text_only,,
q_463,463,Port of Savannah electronics imports customs duties,463,,"[""pcbs_and_electronics""]",southeast_georgia,query_text_only,,
q_464,464,Georgia Ports Authority automotive tariffs cargo forecast,464,,"[""metals""]",statewide_georgia,query_text_only,,
q_465,465,Savannah foreign trade zone automotive tariff treatment,465,,"[""automotive_and_trade""]",southeast_georgia,query_text_only,,
q_466,466,Brunswick foreign trade zone automobile tariff treatment,466,,"[""automotive_and_trade""]",southeast_georgia,query_text_only,,
q_467,467,Georgia foreign trade zones battery manufacturing duties,467,,"[""batteries_and_minerals""]",statewide_georgia,query_text_only,,
q_468,468,Battery components foreign trade zone Section 301 duties,468,,"[""batteries_and_minerals""]",national_international_context,query_text_only,,
q_469,469,Savannah bonded warehouses automotive imports tariffs,469,,"[""automotive_and_trade""]",southeast_georgia,query_text_only,,
q_470,470,Automotive duty drawback Section 301 eligibility,470,,"[""automotive_and_trade""]",national_international_context,query_text_only,,
q_471,471,EV component temporary importation bond tariff treatment,471,,"[""automotive_and_trade""]",national_international_context,query_text_only,,
q_472,472,Automotive tariff refunds liquidation protest deadlines,472,,"[""automotive_and_trade""]",national_international_context,query_text_only,,
q_473,473,Automotive suppliers tariff engineering customs classification,473,,"[""automotive_and_trade""]",national_international_context,query_text_only,,
q_474,474,Automotive parts transshipment country-of-origin enforcement,474,,"[""automotive_and_trade""]",national_international_context,query_text_only,,
q_475,475,Automotive suppliers tariff pass-through contract clauses,475,,"[""automotive_and_trade""]",national_international_context,query_text_only,,
q_476,476,site:ustr.gov automotive Section 301 tariff modifications,476,,"[""automotive_and_trade""]",national_international_context,query_text_only,,
q_477,477,site:ustr.gov lithium-ion batteries tariff exclusions,477,,"[""batteries_and_minerals""]",national_international_context,query_text_only,,
q_478,478,site:ustr.gov critical minerals graphite tariffs,478,,"[""batteries_and_minerals""]",national_international_context,query_text_only,,
q_479,479,site:ustr.gov semiconductors Section 301 tariff rates,479,,"[""pcbs_and_electronics""]",national_international_context,query_text_only,,
q_480,480,site:cbp.gov automotive tariffs implementation guidance,480,,"[""automotive_and_trade""]",national_international_context,query_text_only,,
q_481,481,site:cbp.gov auto parts tariff frequently asked questions,481,,"[""automotive_and_trade""]",national_international_context,query_text_only,,
q_482,482,site:cbp.gov Section 232 steel aluminum derivative reporting,482,,"[""metals""]",national_international_context,query_text_only,,
q_483,483,site:cbp.gov battery tariffs country of origin,483,,"[""batteries_and_minerals""]",national_international_context,query_text_only,,
q_484,484,site:cbp.gov automotive tariffs CSMS effective date,484,,"[""automotive_and_trade""]",national_international_context,query_text_only,,
q_485,485,site:hts.usitc.gov electric vehicles batteries tariff schedule,485,,"[""batteries_and_minerals""]",national_international_context,query_text_only,,
q_486,486,site:usitc.gov automotive components tariff classification,486,,"[""automotive_and_trade""]",national_international_context,query_text_only,,
q_487,487,site:usitc.gov graphite active anode material investigation,487,,"[""batteries_and_minerals""]",national_international_context,query_text_only,,
q_488,488,site:commerce.gov automotive Section 232 tariffs,488,,"[""automotive_and_trade""]",national_international_context,query_text_only,,
q_489,489,site:commerce.gov steel aluminum derivative tariffs,489,,"[""metals""]",national_international_context,query_text_only,,
q_490,490,site:commerce.gov critical minerals Section 232,490,,"[""batteries_and_minerals""]",national_international_context,query_text_only,,
q_491,491,site:federalregister.gov automobile parts tariffs effective dates,491,,"[""automotive_and_trade""]",national_international_context,query_text_only,,
q_492,492,site:federalregister.gov printed circuit boards tariff exclusions,492,,"[""pcbs_and_electronics""]",national_international_context,query_text_only,,
q_493,493,site:trade.gov automotive tariffs Georgia manufacturers,493,,"[""automotive_and_trade""]",statewide_georgia,query_text_only,,
q_494,494,site:trade.gov battery materials antidumping countervailing duties,494,,"[""batteries_and_minerals""]",national_international_context,query_text_only,,
q_495,495,site:gao.gov automotive tariffs supply chain costs,495,,"[""automotive_and_trade""]",national_international_context,query_text_only,,
q_496,496,site:congress.gov automotive tariffs supply chain Georgia,496,,"[""automotive_and_trade""]",statewide_georgia,query_text_only,,
q_497,497,site:georgia.org automotive manufacturers tariff impact,497,,"[""automotive_and_trade""]",statewide_georgia,query_text_only,,
q_498,498,site:georgia.org Hyundai suppliers Southeast Georgia investment,498,,"[""automotive_and_trade""]",southeast_georgia,query_text_only,,
q_499,499,site:georgia.gov EV supply chain tariffs,499,,"[""automotive_and_trade""]",statewide_georgia,query_text_only,,
q_500,500,site:sec.gov battery manufacturer tariffs raw material costs,500,,"[""batteries_and_minerals""]",national_international_context,query_text_only,,
q_501,501,Southeast Georgia automotive supplier tariff impact filetype:pdf,501,,"[""automotive_and_trade""]",southeast_georgia,query_text_only,,
q_502,502,Georgia EV battery supplier tariff risk annual report,502,,"[""batteries_and_minerals""]",statewide_georgia,query_text_only,,
q_503,503,Georgia automotive metals supplier tariff earnings call,503,,"[""metals""]",statewide_georgia,query_text_only,,
q_504,504,Georgia automotive electronics tariff investor presentation,504,,"[""pcbs_and_electronics""]",statewide_georgia,query_text_only,,
q_505,505,Georgia automotive display sourcing tariffs supplier disclosure,505,,"[""displays""]",statewide_georgia,query_text_only,,
q_506,506,Southeast Georgia EV manufacturing tariff-related project delays,506,,"[""automotive_and_trade""]",southeast_georgia,query_text_only,,
q_507,507,Southeast Georgia automotive tariffs plant expansion decisions,507,,"[""automotive_and_trade""]",southeast_georgia,query_text_only,,
q_508,508,Southeast Georgia EV suppliers domestic substitution opportunities,508,,"[""automotive_and_trade""]",southeast_georgia,query_text_only,,
q_509,509,Southeast Georgia battery materials tariff sourcing alternatives,509,,"[""batteries_and_minerals""]",southeast_georgia,query_text_only,,
q_510,510,Southeast Georgia automotive supply chain tariff policy changes 2026,510,,"[""automotive_and_trade""]",southeast_georgia,query_text_only,,
