claim_id,query_ids,source_url,flags,status
claim_0030e6cc3a112fe35e32385b,"[""q_495""]",https://files.gao.gov/reports/104237/index.html,"[""company_field_non_company_candidate""]",screening_flag_not_confirmed_error
claim_00f17fe2c3cfe3b48d09e64f,"[""q_316""]",https://rulings.cbp.gov/ruling/N287720,"[""company_field_non_company_candidate""]",screening_flag_not_confirmed_error
claim_01285562dad5835e945de712,"[""q_282""]",https://www.govinfo.gov/content/pkg/CHRG-115shrg40897/html/CHRG-115shrg40897.htm,"[""company_field_non_company_candidate""]",screening_flag_not_confirmed_error
claim_0193278f4930831560a12850,"[""q_160""]",https://keia.org/analysis/tariffs-on-korean-imports-implications-for-u-s-manufacturing-and-investment,"[""company_field_non_company_candidate""]",screening_flag_not_confirmed_error
claim_01cc555f56e9afada5f4c603,"[""q_179""]",https://www.regulations.gov/document/USCBP-2024-0016-0001,"[""company_field_non_company_candidate""]",screening_flag_not_confirmed_error
claim_0728551e1ef3ac679ae0cf62,"[""q_2""]",https://www.automotive-fleet.com/news/tariff-update-may-30-tariff-shifts-shake-up-auto-industry-as-legal-trade-battles-evolve,"[""company_field_non_company_candidate""]",screening_flag_not_confirmed_error
claim_096ce87a2edd87e2c78e328e,"[""q_283""]",https://aspire.usu.edu/july-25-market-intelligence,"[""company_field_non_company_candidate""]",screening_flag_not_confirmed_error
claim_0a3883b55b3195cadb652e41,"[""q_246""]",https://ustr.gov/sites/default/files/Section%20301%20Modifications%20Determination%20FRN%20(Sept%2012%202024)%20(FINAL).pdf,"[""company_field_non_company_candidate""]",screening_flag_not_confirmed_error
claim_0b1a68ec95f2b5592abc0d36,"[""q_510""]",https://www.linkedin.com/posts/sinagolara_georgia-and-tariffs-georgia-is-a-critical-activity-7327480102080962560-gT6J,"[""company_field_non_company_candidate""]",screening_flag_not_confirmed_error
claim_0d0c619a1070688b035162cb,"[""q_229""]",https://www.cbp.gov/trade/priority-issues/adcvd/antidumping-and-countervailing-duties-adcvd-frequently-asked-questions,"[""company_field_non_company_candidate""]",screening_flag_not_confirmed_error
claim_103105879479438c8a0b21da,"[""q_476""]",https://ustr.gov/sites/default/files/files/Press/Releases/2025/301%20Ships%20Action%20Mod%20FRN.pdf,"[""company_field_non_company_candidate""]",screening_flag_not_confirmed_error
claim_12b283d65114c014e5f15732,"[""q_192""]",https://www.customsmobile.com/rulings/docview?doc_id=HQ+H325872&highlight=category%3AClassification,"[""company_field_non_company_candidate""]",screening_flag_not_confirmed_error
claim_13273bc294b9f7149bde5488,"[""q_482""]",https://cbp.gov/trade/programs-administration/entry-summary/232-tariffs-aluminum-and-steel-faqs,"[""effective_date_may_be_publication_update""]",screening_flag_not_confirmed_error
claim_13ba128d90bf86bf5d5744dc,"[""q_41""]",https://ecoplasticamerica.com/,"[""county_in_city_field""]",screening_flag_not_confirmed_error
claim_14261888bcf9e558db3601b8,"[""q_36""]",https://carbuzz.com/us-korea-tariffs-deal-hyundai-kia,"[""company_field_non_company_candidate""]",screening_flag_not_confirmed_error
claim_14edffb8608cb9113a37a2cf,"[""q_19"", ""q_304"", ""q_307"", ""q_317"", ""q_380""]",https://mobilitynotes.com/summary-of-ev-related-u-s-tariffs-on-chinese-imports,"[""effective_date_relative_without_anchor""]",screening_flag_not_confirmed_error
claim_151e821b1f2ac14543412b06,"[""q_203""]",https://www.scotusblog.com/2026/08/tariff-refunds-reach-100-billion-mark,"[""company_field_non_company_candidate""]",screening_flag_not_confirmed_error
claim_170a08b818b56ce241e7bf24,"[""q_104""]",https://www.hexinmusu.com/en/hs-code-for-aluminum-castings.html,"[""company_field_non_company_candidate""]",screening_flag_not_confirmed_error
claim_17bb3e352242860c0b5e8bab,"[""q_61""]",https://www.congress.gov/crs-product/IF10733,"[""company_field_non_company_candidate""]",screening_flag_not_confirmed_error
claim_1a8a10adef1e3929028be745,"[""q_268""]",https://www.hyundai.com/content/dam/hyundai/kr/ko/images/company-intro/sustain-manage/2026/hmc-sr-eng-2026.pdf,"[""company_field_non_company_candidate""]",screening_flag_not_confirmed_error
claim_1cf71a604e497c2e6eedb870,"[""q_69""]",https://gingercontrol.com/blog/section-301-tariff-rates-china,"[""company_field_non_company_candidate""]",screening_flag_not_confirmed_error
claim_1d3697cdf388e6a4cb17ab18,"[""q_79""]",https://www.knowledge-sourcing.com/report/ev-thermal-management-systems-market,"[""company_field_non_company_candidate""]",screening_flag_not_confirmed_error
claim_1d3874ac1f958798fa9dc343,"[""q_353""]",https://www.cbp.gov/trade/programs-administration/entry-summary/232-tariffs-aluminum-and-steel-faqs,"[""effective_date_may_be_publication_update""]",screening_flag_not_confirmed_error
claim_1db9655ed0998d042f1aadd8,"[""q_337""]",https://www.reddit.com/r/electricvehicles/comments/1mp1jzn/exclusive_us_ev_battery_imports_from_korea_top,"[""effective_date_relative_without_anchor""]",screening_flag_not_confirmed_error
claim_1eb1c29b32f5b785c4fa4aa9,"[""q_496""]",https://www.congress.gov/crs-product/IN12545,"[""company_field_non_company_candidate""]",screening_flag_not_confirmed_error
claim_217f2b6bb54ba9326b3ec30c,"[""q_496""]",https://www.congress.gov/crs-product/IN12545,"[""company_field_non_company_candidate""]",screening_flag_not_confirmed_error
claim_239668a08de90a8796a74b33,"[""q_373""]",https://rulings.cbp.gov/ruling/N335323,"[""company_field_non_company_candidate""]",screening_flag_not_confirmed_error
claim_23d995354b13aa951ee1e19a,"[""q_160""]",https://keia.org/analysis/tariffs-on-korean-imports-implications-for-u-s-manufacturing-and-investment,"[""company_field_non_company_candidate""]",screening_flag_not_confirmed_error
claim_2407ca76b7eb925b133ddd8a,"[""q_256""]",https://www.federalregister.gov/documents/2024/09/18/2024-21217/notice-of-modification-chinas-acts-policies-and-practices-related-to-technology-transfer,"[""company_field_non_company_candidate""]",screening_flag_not_confirmed_error
claim_2574df4c970f09a6a61a06b6,"[""q_301""]",https://www.koreajoongangdaily.com/business/hyundai-sk-on-seek-15-billion-loan-for-georgia-battery-plant/10502431,"[""county_in_city_field""]",screening_flag_not_confirmed_error
claim_25fa98a025144a6836e6fcde,"[""q_123""]",https://christopherchico.substack.com/p/trumps-tariff-hike-what-it-means,"[""company_field_non_company_candidate""]",screening_flag_not_confirmed_error
claim_2668eff389267c477943b028,"[""q_109""]",https://manlybattery.com/battery-tools-and-resources/usa-import-duty-calculator,"[""company_field_non_company_candidate""]",screening_flag_not_confirmed_error
claim_27548adcbcb9423f770ff0b8,"[""q_62""]",https://www.congress.gov/crs-product/IN12608,"[""company_field_non_company_candidate""]",screening_flag_not_confirmed_error
claim_29e168b94c04d3036927e38d,"[""q_412""]",https://www.presidency.ucsb.edu/documents/executive-order-14257-regulating-imports-with-reciprocal-tariff-rectify-trade-practices,"[""company_field_non_company_candidate""]",screening_flag_not_confirmed_error
claim_2c77af6d6538bf2ed192e529,"[""q_482""]",https://cbp.gov/trade/programs-administration/entry-summary/232-tariffs-aluminum-and-steel/faqs,"[""effective_date_may_be_publication_update""]",screening_flag_not_confirmed_error
claim_2ce6b61cdea9aa4b90e1f64b,"[""q_268""]",https://www.hyundai.com/content/dam/hyundai/kr/ko/images/company-intro/sustain-manage/2026/hmc-sr-eng-2026.pdf,"[""company_field_non_company_candidate""]",screening_flag_not_confirmed_error
claim_2eda2da615c740183015c423,"[""q_173""]",https://www.zauba.com/import-INVERTER+PCB+ASSY/hs-code-85049090-hs-code.html,"[""hts_jurisdiction_unverified""]",screening_flag_not_confirmed_error
claim_2ffd57c7c35e6a5ac9101be5,"[""q_286"", ""q_9""]",https://www.oxfordenergy.org/wpcms/wp-content/uploads/2025/04/OEF-144.pdf,"[""company_field_non_company_candidate""]",screening_flag_not_confirmed_error
claim_30afc77b804a94ff961d7d62,"[""q_256""]",https://www.federalregister.gov/documents/2024/09/18/2024-21217/notice-of-modification-chinas-acts-policies-and-practices-related-to-technology-transfer,"[""company_field_non_company_candidate""]",screening_flag_not_confirmed_error
claim_30ff734629c86cf97ece229a,"[""q_181""]",https://www.congress.gov/crs-product/IN12545,"[""company_field_non_company_candidate""]",screening_flag_not_confirmed_error
claim_34151d0d22bacb19e43b4c38,"[""q_119""]",https://www.customsmobile.com/rulings/docview?doc_id=HQ+H316545&highlight=HQ+H316545,"[""company_field_non_company_candidate""]",screening_flag_not_confirmed_error
claim_34c9fe6e423f453f98a361f7,"[""q_149""]",https://www.federalregister.gov/documents/2024/09/18/2024-21217/notice-of-modification-chinas-acts-policies-and-practices-related-to-technology-transfer,"[""company_field_non_company_candidate""]",screening_flag_not_confirmed_error
claim_370508071b9b2675ba4f87cb,"[""q_160""]",https://keia.org/analysis/tariffs-on-korean-imports-implications-for-u-s-manufacturing-and-investment,"[""company_field_non_company_candidate""]",screening_flag_not_confirmed_error
claim_3730f1b64c2335f057b01a6f,"[""q_156""]",https://www.mclpcb.com/blog/important-tariff-update,"[""effective_date_may_be_publication_update""]",screening_flag_not_confirmed_error
claim_376743c4ad4eabfbec3de40f,"[""q_268""]",https://www.hyundai.com/content/dam/hyundai/kr/ko/images/company-intro/sustain-manage/2026/hmc-sr-eng-2026.pdf,"[""company_field_non_company_candidate""]",screening_flag_not_confirmed_error
claim_3903863c6309e9d6dc6fd6b7,"[""q_153""]",https://www.federalregister.gov/documents/2024/09/18/2024-21217/notice-of-modification-chinas-acts-policies-and-practices-related-to-technology-transfer,"[""company_field_non_company_candidate""]",screening_flag_not_confirmed_error
claim_39d5986376d9ff9a7705cc33,"[""q_327""]",https://digitaldealer.com/news/us-tariff-tracker-impact-automaker-response/164521,"[""company_field_non_company_candidate""]",screening_flag_not_confirmed_error
claim_3a207f00393e0f6a4e192ee2,"[""q_268""]",https://www.hyundai.com/content/dam/hyundai/kr/ko/images/company-intro/sustain-manage/2026/hmc-sr-eng-2026.pdf,"[""company_field_non_company_candidate""]",screening_flag_not_confirmed_error
claim_3be5545253060985e7b73183,"[""q_275""]",https://www.congress.gov/crs-product/IN12545,"[""company_field_non_company_candidate""]",screening_flag_not_confirmed_error
claim_3d16cfc76df5d9ff2c5d541b,"[""q_380""]",https://www.cfr.org/articles/how-us-and-eu-could-harmonize-their-approaches-trade-evs-and-steel,"[""company_field_non_company_candidate""]",screening_flag_not_confirmed_error
claim_3f09b593da8b4ddda49a968d,"[""q_476""]",https://ustr.gov/sites/default/files/files/Press/Releases/2025/301%20Ships%20Action%20Mod%20FRN.pdf,"[""company_field_non_company_candidate""]",screening_flag_not_confirmed_error
claim_3f41956aec7b4e2e41060709,"[""q_45""]",https://www.globalatlanta.com/hyundai-holds-grand-opening-on-georgia-ev-plant-as-tariffs-loom,"[""county_in_city_field""]",screening_flag_not_confirmed_error
claim_3fae7b535a58b4ac99386a63,"[""q_304""]",https://asil.org/insights/volume-28-issue-12,"[""company_field_non_company_candidate""]",screening_flag_not_confirmed_error
claim_413138df1e72e34a6738836c,"[""q_277"", ""q_281""]",https://thecurrentga.org/2025/03/31/tariff-threat-casts-shadow-over-hyundais-plant-opening-party-in-bryan-county,"[""county_in_city_field""]",screening_flag_not_confirmed_error
claim_44209524325ee7aa4b4edf84,"[""q_268""]",https://www.hyundai.com/content/dam/hyundai/kr/ko/images/company-intro/sustain-manage/2026/hmc-sr-eng-2026.pdf,"[""company_field_non_company_candidate""]",screening_flag_not_confirmed_error
claim_45c410e56e57d5e2e9c4f7c2,"[""q_268""]",https://www.hyundai.com/content/dam/hyundai/kr/ko/images/company-intro/sustain-manage/2026/hmc-sr-eng-2026.pdf,"[""company_field_non_company_candidate""]",screening_flag_not_confirmed_error
claim_4626f82799015d8cdab73352,"[""q_45""]",https://www.globalatlanta.com/hyundai-holds-grand-opening-on-georgia-ev-plant-as-tariffs-loom,"[""county_in_city_field""]",screening_flag_not_confirmed_error
claim_470bb6d5902764607b8694d8,"[""q_353"", ""q_363""]",https://www.cbp.gov/trade/programs-administration/entry-summary/232-tariffs-aluminum-and-steel-faqs,"[""effective_date_may_be_publication_update""]",screening_flag_not_confirmed_error
claim_47e5bddd33e1567b8bc71b67,"[""q_327""]",https://digitaldealer.com/news/us-tariff-tracker-impact-automaker-response/164521,"[""company_field_non_company_candidate""]",screening_flag_not_confirmed_error
claim_498c7f5254dfb2e1a07e1ab4,"[""q_149""]",https://www.federalregister.gov/documents/2024/09/18/2024-21217/notice-of-modification-chinas-acts-policies-and-practices-related-to-technology-transfer,"[""company_field_non_company_candidate""]",screening_flag_not_confirmed_error
claim_49bd4ac737873455028c4d19,"[""q_458""]",https://www.strtrade.com/trade-news-resources/str-trade-report/trade-report/june/cbp-rules-on-origin-of-led-display-panels,"[""company_field_non_company_candidate""]",screening_flag_not_confirmed_error
claim_4a3c70380b91a81d8a5f1845,"[""q_382""]",https://www.tarifflens.ai/rulings/N361091,"[""company_field_non_company_candidate""]",screening_flag_not_confirmed_error
claim_4bd3cb5ba8b4c1173e650aac,"[""q_429""]",https://www.energy.gov/sites/default/files/2022-02/Neodymium%20Magnets%20Supply%20Chain%20Report%20-%20Final.pdf,"[""company_field_non_company_candidate""]",screening_flag_not_confirmed_error
claim_4d4477c4bfcd08a3f2f134bb,"[""q_119""]",https://www.customsmobile.com/rulings/docview?doc_id=HQ+H316545&highlight=HQ+H316545,"[""company_field_non_company_candidate""]",screening_flag_not_confirmed_error
claim_4f04a081a260314422673b82,"[""q_95""]",https://zonos.com/docs/guides/us-tariff-changes,"[""company_field_non_company_candidate""]",screening_flag_not_confirmed_error
claim_4f7eeb9cdf08a0b66ee9b7bf,"[""q_79""]",https://www.knowledge-sourcing.com/report/ev-thermal-management-systems-market,"[""company_field_non_company_candidate""]",screening_flag_not_confirmed_error
claim_4fdcb44e127eb6e2b095d5d8,"[""q_16"", ""q_18"", ""q_26"", ""q_280"", ""q_3"", ""q_302"", ""q_31"", ""q_33"", ""q_42"", ""q_45""]",https://thecurrentga.org/2025/03/31/tariff-threat-casts-shadow-over-hyundais-plant-opening-party-in-bryan-county,"[""county_in_city_field""]",screening_flag_not_confirmed_error
claim_505cf8c4edd6809346b1c566,"[""q_444""]",https://www.whitehouse.gov/fact-sheets/2025/03/fact-sheet-president-donald-j-trump-adjusts-imports-of-automobiles-and-automobile-parts-into-the-united-states,"[""effective_date_relative_without_anchor""]",screening_flag_not_confirmed_error
claim_5692cfcdc4f6a97e8edef3fd,"[""q_256""]",https://www.federalregister.gov/documents/2024/09/18/2024-21217/notice-of-modification-chinas-acts-policies-and-practices-related-to-technology-transfer,"[""company_field_non_company_candidate""]",screening_flag_not_confirmed_error
claim_57921431eddb27260b2b83d5,"[""q_243""]",https://www.govinfo.gov/content/pkg/CHRG-115shrg40897/html/CHRG-115shrg40897.htm,"[""company_field_non_company_candidate""]",screening_flag_not_confirmed_error
claim_5da937fa50feaffbd64696b5,"[""q_89""]",https://www.cbp.gov/trade/programs-administration/entry-summary/232-tariffs-aluminum-and-steel-faqs,"[""effective_date_may_be_publication_update""]",screening_flag_not_confirmed_error
claim_5dc8f75bae521650cd1ef96f,"[""q_416"", ""q_419""]",https://www.federalregister.gov/documents/2023/02/14/2023-03078/publication-of-a-report-on-the-effect-of-imports-of-neodymium-iron-boron-ndfeb-permanent-magnets-on,"[""company_field_non_company_candidate""]",screening_flag_not_confirmed_error
claim_5e343008532fcd43545d4398,"[""q_16""]",https://www.globalatlanta.com/hyundai-holds-grand-opening-on-georgia-ev-plant-as-tariffs-loom,"[""county_in_city_field""]",screening_flag_not_confirmed_error
claim_6027258a6480d4489485a147,"[""q_204""]",https://zonos.com/docs/guides/us-tariff-changes,"[""company_field_non_company_candidate""]",screening_flag_not_confirmed_error
claim_6376e52af9c3f7b865f74258,"[""q_458""]",https://www.strtrade.com/trade-news-resources/str-trade-report/trade-report/june/cbp-rules-on-origin-of-led-display-panels,"[""company_field_non_company_candidate""]",screening_flag_not_confirmed_error
claim_669e26a31b153d33578e3d49,"[""q_17""]",https://solution1.com.tw/impact-of-the-2025-u-s-auto-tariffs-challenges-and-strategies-across-the-entire-supply-chain,"[""company_field_non_company_candidate""]",screening_flag_not_confirmed_error
claim_689dd954377cc3b5ddc58b44,"[""q_10""]",https://www.govinfo.gov/content/pkg/CHRG-115shrg40897/html/CHRG-115shrg40897.htm,"[""county_in_city_field""]",screening_flag_not_confirmed_error
claim_69c2ac5a30ef92a898d35a6b,"[""q_245""]",https://www.oxfordenergy.org/wpcms/wp-content/uploads/2025/04/OEF-144.pdf,"[""company_field_non_company_candidate""]",screening_flag_not_confirmed_error
claim_6f6e243ce218d47dddd92a87,"[""q_256""]",https://www.federalregister.gov/documents/2024/09/18/2024-21217/notice-of-modification-chinas-acts-policies-and-practices-related-to-technology-transfer,"[""company_field_non_company_candidate""]",screening_flag_not_confirmed_error
claim_711c46d6cd1596b4433e2244,"[""q_95""]",https://zonos.com/docs/guides/us-tariff-changes,"[""company_field_non_company_candidate""]",screening_flag_not_confirmed_error
claim_72b5f44e8a6385f5bfc115dc,"[""q_197""]",https://www.strtrade.com/trade-news-resources/str-trade-report/trade-report/june/cbp-rules-on-origin-of-led-display-panels,"[""company_field_non_company_candidate""]",screening_flag_not_confirmed_error
claim_72c5f35f3ec01a4cbc0a8b65,"[""q_62""]",https://www.congress.gov/crs-product/IN12608,"[""company_field_non_company_candidate""]",screening_flag_not_confirmed_error
claim_72f8e95ec91bbf9fb79388ae,"[""q_74""]",https://www.uktpo.org/briefing-papers/trade-policy-and-the-production-of-electric-vehicles,"[""company_field_non_company_candidate""]",screening_flag_not_confirmed_error
claim_72ff985c95464ed644b7de4f,"[""q_363""]",https://www.cbp.gov/trade/programs-administration/entry-summary/232-tariffs-aluminum-and-steel-faqs,"[""effective_date_may_be_publication_update""]",screening_flag_not_confirmed_error
claim_73042754f006af1777f3efb9,"[""q_179""]",https://www.regulations.gov/document/USCBP-2024-0016-0001,"[""company_field_non_company_candidate""]",screening_flag_not_confirmed_error
claim_7308c92614d8cae6f097a32a,"[""q_380""]",https://www.cfr.org/articles/how-us-and-eu-could-harmonize-their-approaches-trade-evs-and-steel,"[""company_field_non_company_candidate""]",screening_flag_not_confirmed_error
claim_741a5f0bc51887e0963b841d,"[""q_181""]",https://www.congress.gov/crs-product/IN12545,"[""company_field_non_company_candidate""]",screening_flag_not_confirmed_error
claim_76a96aa95a61147c7b50f93a,"[""q_275""]",https://www.whitehouse.gov/fact-sheets/2025/03/fact-sheet-president-donald-j-trump-adjusts-imports-of-automobiles-and-automobile-parts-into-the-united-states,"[""effective_date_relative_without_anchor""]",screening_flag_not_confirmed_error
claim_76ddf850e9a24897e7cfb519,"[""q_192""]",https://www.customsmobile.com/rulings/docview?doc_id=HQ+H325872&highlight=category%3AClassification,"[""company_field_non_company_candidate""]",screening_flag_not_confirmed_error
claim_78afaba53f3ea4023f545480,"[""q_243""]",https://www.govinfo.gov/content/pkg/CHRG-115shrg40897/html/CHRG-115shrg40897.htm,"[""county_in_city_field""]",screening_flag_not_confirmed_error
claim_79040501f75d79e2f0ec0e86,"[""q_29"", ""q_461"", ""q_463""]",https://www.wabe.org/cargo-surge-amid-tariff-turmoil-drives-the-port-of-savannah-to-its-2nd-busiest-year,"[""company_field_non_company_candidate""]",screening_flag_not_confirmed_error
claim_7a4da8005a1e2539965bd34d,"[""q_283""]",https://www.maersk.com/news/articles/2025/03/13/global-tariffs-impacting-supply-chains,"[""company_field_non_company_candidate""]",screening_flag_not_confirmed_error
claim_7c70883b759cf0551517d247,"[""q_62""]",https://www.congress.gov/crs-product/IN12608,"[""company_field_non_company_candidate""]",screening_flag_not_confirmed_error
claim_8070a8a1cb3688e2071e6f5c,"[""q_12""]",https://www.automotive-fleet.com/news/tariff-update-may-30-tariff-shifts-shake-up-auto-industry-as-legal-trade-battles-evolve,"[""company_field_non_company_candidate""]",screening_flag_not_confirmed_error
claim_8161388e821363cb639e40c6,"[""q_496""]",https://www.congress.gov/crs-product/IN12545,"[""company_field_non_company_candidate""]",screening_flag_not_confirmed_error
claim_81eaf35e6cc00db9a9ccad86,"[""q_476""]",https://ustr.gov/sites/default/files/files/Press/Releases/2025/301%20Ships%20Action%20Mod%20FRN.pdf,"[""company_field_non_company_candidate""]",screening_flag_not_confirmed_error
claim_82b57f0af0697e908441c58d,"[""q_268""]",https://www.hyundai.com/content/dam/hyundai/kr/ko/images/company-intro/sustain-manage/2026/hmc-sr-eng-2026.pdf,"[""company_field_non_company_candidate""]",screening_flag_not_confirmed_error
claim_82b99688be78d8ec5b8ddb32,"[""q_368""]",https://www.wabe.org/steel-and-aluminum-tariffs-doubled-as-georgia-businesses-face-price-increases,"[""effective_date_relative_without_anchor""]",screening_flag_not_confirmed_error
claim_8530598be0a3d7a2e14cde84,"[""q_152""]",https://www.fastmarkets.com/insights/us-to-impose-25-import-tariffs-on-chinese-rare-earth-magnets,"[""company_field_non_company_candidate""]",screening_flag_not_confirmed_error
claim_8654c0e2c043b0b14261108b,"[""q_197""]",https://rulings.cbp.gov/ruling/H302821,"[""company_field_non_company_candidate""]",screening_flag_not_confirmed_error
claim_86d0793a3d7f1b515ad54c39,"[""q_195""]",https://www.ghy.com/trade-compliance/us-modifies-section-232-tariffs-taiwan-auto-parts-aircraft-wood-products,"[""company_field_non_company_candidate""]",screening_flag_not_confirmed_error
claim_87cebb34dc0290f66c33a392,"[""q_234"", ""q_504""]",https://thecurrentga.org/2025/03/31/tariff-threat-casts-shadow-over-hyundais-plant-opening-party-in-bryan-county,"[""county_in_city_field""]",screening_flag_not_confirmed_error
claim_88a0008c26d5885bd24fc3ef,"[""q_52""]",https://zonos.com/docs/guides/us-tariff-changes,"[""company_field_non_company_candidate""]",screening_flag_not_confirmed_error
claim_8933ca8bc8d432e39e532058,"[""q_357""]",https://gingercontrol.com/blog/how-tariff-stacking-works,"[""effective_date_may_be_publication_update""]",screening_flag_not_confirmed_error
claim_8994bd56e90d8ba7ecae28e4,"[""q_278""]",https://www.wjcl.com/article/hyundai-20-billion-positive-impact-hyundai-metaplant-bryan-county/64290033,"[""county_in_city_field""]",screening_flag_not_confirmed_error
claim_89e977d9e161e019ee203cec,"[""q_204""]",https://zonos.com/docs/guides/us-tariff-changes,"[""company_field_non_company_candidate""]",screening_flag_not_confirmed_error
claim_8a7c3f5dc982515bce372a62,"[""q_333""]",https://www.strtrade.com/trade-news-resources/str-trade-report/trade-report/september/classification-changes-proposed-for-car-cleaner-bumper-parts-playmats,"[""company_field_non_company_candidate""]",screening_flag_not_confirmed_error
claim_8adc495407de3839b4b0f1c1,"[""q_358""]",https://www.congress.gov/crs-product/IF10733,"[""company_field_non_company_candidate""]",screening_flag_not_confirmed_error
claim_8b09af42468a19bfcad3c5ef,"[""q_45""]",https://www.globalatlanta.com/hyundai-holds-grand-opening-on-georgia-ev-plant-as-tariffs-loom,"[""county_in_city_field""]",screening_flag_not_confirmed_error
claim_8bcf8393d2e10f4bcf756e7b,"[""q_95""]",https://zonos.com/docs/guides/us-tariff-changes,"[""company_field_non_company_candidate""]",screening_flag_not_confirmed_error
claim_8c8030c13fcc492ccfcf7da9,"[""q_268""]",https://www.hyundai.com/content/dam/hyundai/kr/ko/images/company-intro/sustain-manage/2026/hmc-sr-eng-2026.pdf,"[""company_field_non_company_candidate""]",screening_flag_not_confirmed_error
claim_8d5b072fd6a8a9438391e356,"[""q_292""]",https://thecurrentga.org/2025/03/31/tariff-threat-casts-shadow-over-hyundais-plant-opening-party-in-bryan-county,"[""county_in_city_field""]",screening_flag_not_confirmed_error
claim_8f90d45ea3a1dcef23052b4e,"[""q_327""]",https://digitaldealer.com/news/us-tariff-tracker-impact-automaker-response/164521,"[""company_field_non_company_candidate""]",screening_flag_not_confirmed_error
claim_9972a80eeb76e15320161f0d,"[""q_149""]",https://www.federalregister.gov/documents/2024/09/18/2024-21217/notice-of-modification-chinas-acts-policies-and-practices-related-to-technology-transfer,"[""company_field_non_company_candidate""]",screening_flag_not_confirmed_error
claim_9c0f0dda545e71bc3141c370,"[""q_277""]",https://insideevs.com/news/755058/hyundai-metaplant-georgia-ioniq-tariffs,"[""effective_date_relative_without_anchor""]",screening_flag_not_confirmed_error
claim_9cef2271ef92b9cbe35f6ffe,"[""q_245"", ""q_502""]",https://www.oxfordenergy.org/wpcms/wp-content/uploads/2025/04/OEF-144.pdf,"[""company_field_non_company_candidate""]",screening_flag_not_confirmed_error
claim_9d8311a5016cd1721784dc21,"[""q_1""]",https://source.benchmarkminerals.com/article/us-hikes-tariffs-to-further-isolate-china-from-its-ev-supply-chain-ambitions,"[""effective_date_relative_without_anchor""]",screening_flag_not_confirmed_error
claim_9eed4bf5db8b06437adc047f,"[""q_510""]",https://www.linkedin.com/posts/sinagolara_georgia-and-tariffs-georgia-is-a-critical-activity-7327480102080962560-gT6J,"[""company_field_non_company_candidate""]",screening_flag_not_confirmed_error
claim_a02af2f424a4156460c373cd,"[""q_503""]",https://www.youtube.com/watch?v=35hkflOV0Hg,"[""effective_date_relative_without_anchor""]",screening_flag_not_confirmed_error
claim_a06d897c0d34a81e1ed6e0a7,"[""q_51""]",https://zonos.com/docs/guides/us-tariff-changes,"[""company_field_non_company_candidate""]",screening_flag_not_confirmed_error
claim_a4aba979c1a4bb6c2cbf2f35,"[""q_400""]",https://washingtonmonthly.com/2025/07/22/trump-is-destroying-the-american-battery-industry,"[""county_in_city_field""]",screening_flag_not_confirmed_error
claim_a564f37a761312b96f56386a,"[""q_509""]",https://source.benchmarkminerals.com/article/us-hikes-tariffs-to-further-isolate-china-from-its-ev-supply-chain-ambitions,"[""effective_date_relative_without_anchor""]",screening_flag_not_confirmed_error
claim_a9a87ad794edf45b16868538,"[""q_2""]",https://www.automotive-fleet.com/news/tariff-update-may-30-tariff-shifts-shake-up-auto-industry-as-legal-trade-battles-evolve,"[""company_field_non_company_candidate""]",screening_flag_not_confirmed_error
claim_aa68fe23d566bc2fce05368d,"[""q_510""]",https://www.linkedin.com/posts/sinagolara_georgia-and-tariffs-georgia-is-a-critical-activity-7327480102080962560-gT6J,"[""company_field_non_company_candidate""]",screening_flag_not_confirmed_error
claim_aa72e2a8de2489104450be3a,"[""q_16""]",https://www.globalatlanta.com/hyundai-holds-grand-opening-on-georgia-ev-plant-as-tariffs-loom,"[""county_in_city_field""]",screening_flag_not_confirmed_error
claim_ac3085e5fa39afdd634a0a36,"[""q_378""]",https://www.reddit.com/r/electricvehicles/comments/1mp1jzn/exclusive_us_ev_battery_imports_from_korea_top,"[""effective_date_relative_without_anchor""]",screening_flag_not_confirmed_error
claim_adee96feb1f941c2bf5e094c,"[""q_204""]",https://zonos.com/docs/guides/us-tariff-changes,"[""company_field_non_company_candidate""]",screening_flag_not_confirmed_error
claim_b1fdf254a4416bd73a7dc05f,"[""q_402""]",https://www.mobilityglobal.com/en-us/automotive-insights/blog/critical-minerals-shortages-looming-threat-ev-industry,"[""company_field_non_company_candidate""]",screening_flag_not_confirmed_error
claim_b20c2e6af376607678507a7a,"[""q_153""]",https://www.federalregister.gov/documents/2024/09/18/2024-21217/notice-of-modification-chinas-acts-policies-and-practices-related-to-technology-transfer,"[""company_field_non_company_candidate""]",screening_flag_not_confirmed_error
claim_b243cc7c19731c2ee726be7d,"[""q_52""]",https://zonos.com/docs/guides/us-tariff-changes,"[""company_field_non_company_candidate""]",screening_flag_not_confirmed_error
claim_b28af877e209a8bb1b51e4f2,"[""q_480""]",https://www.cbp.gov/sites/default/files/2025-03/vol_59_no_13_complete.pdf,"[""company_field_non_company_candidate""]",screening_flag_not_confirmed_error
claim_b63655eb5b92e656bd0bceef,"[""q_256""]",https://www.federalregister.gov/documents/2024/09/18/2024-21217/notice-of-modification-chinas-acts-policies-and-practices-related-to-technology-transfer,"[""company_field_non_company_candidate""]",screening_flag_not_confirmed_error
claim_b6813a93e3fcb1eca89ae920,"[""q_368""]",https://www.epi.org/publication/aluminum-producing-and-consuming-industries-have-thrived-under-u-s-section-232-import-measures,"[""county_in_city_field""]",screening_flag_not_confirmed_error
claim_b6e04ddbea6517b250f47b75,"[""q_293""]",https://carbuzz.com/us-korea-tariffs-deal-hyundai-kia,"[""company_field_non_company_candidate""]",screening_flag_not_confirmed_error
claim_b81e504a79a04aecef7f1274,"[""q_256""]",https://www.federalregister.gov/documents/2024/09/18/2024-21217/notice-of-modification-chinas-acts-policies-and-practices-related-to-technology-transfer,"[""company_field_non_company_candidate""]",screening_flag_not_confirmed_error
claim_bae9c2343e5d8c88493ef51b,"[""q_254""]",https://www.federalregister.gov/documents/2021/11/08/2021-24162/publication-of-a-report-on-the-effect-of-imports-of-automobiles-and-automobile-parts-on-the-national,"[""company_field_non_company_candidate""]",screening_flag_not_confirmed_error
claim_bd65dfb14c9c7a5edc569751,"[""q_285""]",https://www.globalatlanta.com/german-manufacturer-to-make-electric-vehicle-parts-in-northwest-georgia,"[""county_in_city_field""]",screening_flag_not_confirmed_error
claim_be7045fe3935450161729b43,"[""q_301""]",https://finance.yahoo.com/economy/policy/articles/hyundai-just-turned-georgia-battery-193000332.html,"[""county_in_city_field""]",screening_flag_not_confirmed_error
claim_c24602f71351b876cb5e491a,"[""q_382""]",https://rulings.cbp.gov/ruling/H316389,"[""company_field_non_company_candidate""]",screening_flag_not_confirmed_error
claim_c6ccab6e8f93c46218f627a2,"[""q_410""]",https://www.alixpartners.com/media/zwkcl4ec/impact-of-tariffs_sept-24.pdf,"[""effective_date_relative_without_anchor""]",screening_flag_not_confirmed_error
claim_c72b211caa1ab232ba1e3b73,"[""q_103""]",https://www.barnesrichardson.com/eu-springs-forward-with-countervailing-duties-on-chinese-ev-batteries-,"[""effective_date_relative_without_anchor""]",screening_flag_not_confirmed_error
claim_c88766e65b43f04d72cc5741,"[""q_149""]",https://www.federalregister.gov/documents/2024/09/18/2024-21217/notice-of-modification-chinas-acts-policies-and-practices-related-to-technology-transfer,"[""company_field_non_company_candidate""]",screening_flag_not_confirmed_error
claim_c9c4e7d1564325b465cfcb6a,"[""q_268""]",https://www.hyundai.com/content/dam/hyundai/kr/ko/images/company-intro/sustain-manage/2026/hmc-sr-eng-2026.pdf,"[""company_field_non_company_candidate""]",screening_flag_not_confirmed_error
claim_cd1463d30cbbc8a143a5245c,"[""q_197""]",https://rulings.cbp.gov/ruling/H302821,"[""company_field_non_company_candidate""]",screening_flag_not_confirmed_error
claim_cd2f4f98ab558f0207be4936,"[""q_16""]",https://www.globalatlanta.com/hyundai-holds-grand-opening-on-georgia-ev-plant-as-tariffs-loom,"[""county_in_city_field""]",screening_flag_not_confirmed_error
claim_cf4bc656922c4fc9ea73d862,"[""q_238""]",https://www.c2es.org/document/securing-the-critical-battery-materials-supply-chain-in-the-southeast-united-states,"[""county_in_city_field""]",screening_flag_not_confirmed_error
claim_d32228634e5e543ff6b06623,"[""q_429""]",https://www.energy.gov/sites/default/files/2022-02/Neodymium%20Magnets%20Supply%20Chain%20Report%20-%20Final.pdf,"[""company_field_non_company_candidate""]",screening_flag_not_confirmed_error
claim_d3b8b05f364a9be55daad18b,"[""q_197""]",https://www.strtrade.com/trade-news-resources/str-trade-report/trade-report/june/cbp-rules-on-origin-of-led-display-panels,"[""company_field_non_company_candidate""]",screening_flag_not_confirmed_error
claim_d7334c2d02d98e085d1536ad,"[""q_16""]",https://www.globalatlanta.com/hyundai-holds-grand-opening-on-georgia-ev-plant-as-tariffs-loom,"[""county_in_city_field""]",screening_flag_not_confirmed_error
claim_d99a4d8e793cafff334e3d0c,"[""q_271""]",https://www.oxfordenergy.org/wpcms/wp-content/uploads/2025/04/OEF-144.pdf,"[""company_field_non_company_candidate""]",screening_flag_not_confirmed_error
claim_da8ffff43beb7a8b106081f8,"[""q_282""]",https://www.govinfo.gov/content/pkg/CHRG-115shrg40897/html/CHRG-115shrg40897.htm,"[""county_in_city_field""]",screening_flag_not_confirmed_error
claim_db8457900362bfd8abd22eba,"[""q_268""]",https://www.hyundai.com/content/dam/hyundai/kr/ko/images/company-intro/sustain-manage/2026/hmc-sr-eng-2026.pdf,"[""company_field_non_company_candidate""]",screening_flag_not_confirmed_error
claim_dec73799392d40fce3bc22ed,"[""q_502"", ""q_9""]",https://www.oxfordenergy.org/wpcms/wp-content/uploads/2025/04/OEF-144.pdf,"[""company_field_non_company_candidate""]",screening_flag_not_confirmed_error
claim_df3cd9ef2740f79333af45ce,"[""q_402""]",https://www.mobilityglobal.com/en-us/automotive-insights/blog/critical-minerals-shortages-looming-threat-ev-industry,"[""company_field_non_company_candidate""]",screening_flag_not_confirmed_error
claim_e1b15323b481707a269f7ef6,"[""q_245"", ""q_271"", ""q_286"", ""q_502""]",https://www.oxfordenergy.org/wpcms/wp-content/uploads/2025/04/OEF-144.pdf,"[""company_field_non_company_candidate""]",screening_flag_not_confirmed_error
claim_e68e6ae2deebe99495d97316,"[""q_458""]",https://www.strtrade.com/trade-news-resources/str-trade-report/trade-report/june/cbp-rules-on-origin-of-led-display-panels,"[""company_field_non_company_candidate""]",screening_flag_not_confirmed_error
claim_e70cdc8c306beb93004599c2,"[""q_52""]",https://zonos.com/docs/guides/us-tariff-changes,"[""company_field_non_company_candidate""]",screening_flag_not_confirmed_error
claim_e87339f6c4cf8f686a6e5f66,"[""q_51""]",https://zonos.com/docs/guides/us-tariff-changes,"[""company_field_non_company_candidate""]",screening_flag_not_confirmed_error
claim_e88b9097e8a177dd97b70082,"[""q_268""]",https://www.hyundai.com/content/dam/hyundai/kr/ko/images/company-intro/sustain-manage/2026/hmc-sr-eng-2026.pdf,"[""company_field_non_company_candidate""]",screening_flag_not_confirmed_error
claim_e8fecf59c5592c58408051a2,"[""q_372""]",https://www.morganlewis.com/pubs/2025/03/addressing-tariffs-and-trade-in-energy-storage-projects,"[""company_field_non_company_candidate""]",screening_flag_not_confirmed_error
claim_ea0fbfb8973da8188b58f848,"[""q_388""]",https://www.customsmobile.com/rulings/docview?doc_id=HQ+H327000&highlight=category%3AOrigin%2C+USMCA,"[""company_field_non_company_candidate""]",screening_flag_not_confirmed_error
claim_ea27829fd6af40788cd129b9,"[""q_192""]",https://www.customsmobile.com/rulings/docview?doc_id=HQ+H325872&highlight=category%3AClassification,"[""company_field_non_company_candidate""]",screening_flag_not_confirmed_error
claim_f2cc43cbc673ab6163e3da3a,"[""q_327""]",https://digitaldealer.com/news/us-tariff-tracker-impact-automaker-response/164521,"[""company_field_non_company_candidate""]",screening_flag_not_confirmed_error
claim_f504c73b33d4e08c19fb865d,"[""q_188""]",https://www.zauba.com/import-head+up+display/hs-code-85269190-hs-code.html,"[""hts_jurisdiction_unverified""]",screening_flag_not_confirmed_error
claim_f5aa395cd78da4c20f5812e1,"[""q_52""]",https://zonos.com/docs/guides/us-tariff-changes,"[""company_field_non_company_candidate""]",screening_flag_not_confirmed_error
claim_f5ce883ef0059845e5d18b2f,"[""q_204""]",https://zonos.com/docs/guides/us-tariff-changes,"[""company_field_non_company_candidate""]",screening_flag_not_confirmed_error
claim_f5e4a5be1ad277aa74b4532d,"[""q_268""]",https://www.hyundai.com/content/dam/hyundai/kr/ko/images/company-intro/sustain-manage/2026/hmc-sr-eng-2026.pdf,"[""company_field_non_company_candidate""]",screening_flag_not_confirmed_error
claim_f9900d4fa42a41d614547506,"[""q_327""]",https://digitaldealer.com/news/us-tariff-tracker-impact-automaker-response/164521,"[""company_field_non_company_candidate""]",screening_flag_not_confirmed_error
claim_fe08ca99d697482cc54902a1,"[""q_256""]",https://www.federalregister.gov/documents/2024/09/18/2024-21217/notice-of-modification-chinas-acts-policies-and-practices-related-to-technology-transfer,"[""company_field_non_company_candidate""]",screening_flag_not_confirmed_error
claim_fe4058d54600102c244d27bf,"[""q_181""]",https://www.congress.gov/crs-product/IN12545,"[""company_field_non_company_candidate""]",screening_flag_not_confirmed_error
claim_fe4fdfb5ef710854a7c7e237,"[""q_220"", ""q_353"", ""q_363"", ""q_85"", ""q_89""]",https://www.cbp.gov/trade/programs-administration/entry-summary/232-tariffs-aluminum-and-steel-faqs,"[""effective_date_may_be_publication_update""]",screening_flag_not_confirmed_error
claim_fedee01dc115ff9ea1648090,"[""q_510""]",https://www.linkedin.com/posts/sinagolara_georgia-and-tariffs-georgia-is-a-critical-activity-7327480102080962560-gT6J,"[""company_field_non_company_candidate""]",screening_flag_not_confirmed_error
claim_ff535ec25a2b124ac0a08e3f,"[""q_268""]",https://www.hyundai.com/content/dam/hyundai/kr/ko/images/company-intro/sustain-manage/2026/hmc-sr-eng-2026.pdf,"[""company_field_non_company_candidate""]",screening_flag_not_confirmed_error
