claim_id,sample_id,clear_fields,set_fields,audit_flags,audit_verdict,reason,current_applicability_verified,record_version,old_fields,new_fields,source_url,chunk_id,finding_status
claim_3588189eba2869aab66108d1,S01,"[""origin_rules""]",{},"[""origin_rule_inferred_from_operations""]",field_misclassification,"The quote supports company operations in Florida and China, not a legal origin rule. Congressional testimony is not a current tariff determination.",False,quality-v1-2026-09-10,"{""origin_rules"": ""wholly-owned facility in China assembles, tests custom packages""}","{""origin_rules"": null}",https://www.govinfo.gov/content/pkg/CHRG-115shrg40897/html/CHRG-115shrg40897.htm,chunk_3ba4a2105d34faa95fd244ff,manually_identified_unsupported_or_misclassified_fields
claim_5bb5979ca2a13f54f873cd53,S02,"[""duty_rate""]",{},"[""hypothetical_example"", ""off_sector_product""]",illustrative_example_not_sector_evidence,CBP explicitly labels this as a hypothetical pasta entry-reporting example. It is not an observed automotive import or an automotive duty rate.,False,quality-v1-2026-09-10,"{""duty_rate"": ""not subject to AD/CVD""}","{""duty_rate"": null}",https://www.cbp.gov/trade/priority-issues/adcvd/antidumping-and-countervailing-duties-adcvd-frequently-asked-questions,chunk_2243e2a372e9b7a8f0920042,manually_identified_unsupported_or_misclassified_fields
claim_353d89efd7adcebbe0541e19,S04,"[""effective_date""]","{""conditions"": {""value"": ""effective for automobiles on April 3, 2025, and no later than May 3, 2025, for auto parts."", ""excerpt"": ""effective for automobiles on April 3, 2025, and no later than May 3, 2025, for auto parts.""}}","[""different_product_effective_dates""]",date_scope_conflation,The timeline distinguishes automobiles effective April 3 from parts no later than May 3. One effective_date for the combined product field loses that distinction.,False,quality-v1-2026-09-10,"{""effective_date"": ""April 3, 2025"", ""conditions"": null}","{""effective_date"": null, ""conditions"": ""effective for automobiles on April 3, 2025, and no later than May 3, 2025, for auto parts.""}",https://www.chrobinson.com/en-us/resources/insights-and-advisories/trade-tariff-insights/tariff-timeline,chunk_ee88aef1f8394205ee85e26c,manually_identified_unsupported_or_misclassified_fields
claim_a747f2abc6e0ddef00c8097f,S05,"[""tariff_program""]",{},"[""export_control_not_import_tariff""]",measure_type_misclassification,"The source describes export licensing restrictions, not an import tariff program. The source analysis may explain supply risk but does not establish a Georgia company effect.",False,quality-v1-2026-09-10,"{""tariff_program"": ""export restrictions""}","{""tariff_program"": null}",https://www.csis.org/analysis/consequences-chinas-new-rare-earths-export-restrictions,chunk_6e370b0945fc544e94af0497,manually_identified_unsupported_or_misclassified_fields
claim_9fb99c7c70ac82b6e3450954,S06,"[""company""]",{},"[""generic_company_identity"", ""outside_georgia""]",generic_entity_not_named_company,The quote reports a category of German OEMs in Hungary. It establishes no named supplier-OEM relationship or Georgia link.,False,quality-v1-2026-09-10,"{""company"": ""German original equipment manufacturers""}","{""company"": null}",https://www.oxfordenergy.org/wpcms/wp-content/uploads/2025/04/OEF-144.pdf,chunk_6b4739a724f726688a27a3e4,manually_identified_unsupported_or_misclassified_fields
claim_6dcf629e893c3bdf604789d9,S07,"[""country""]",{},"[""mixed_facilities"", ""country_from_other_facility""]",facility_country_conflation,"The statement lists two factories; the extracted facility/city/state are Torrance, California while country=China refers to Huizhou. The combined facility record is unsupported.",False,quality-v1-2026-09-10,"{""country"": ""China""}","{""country"": null}",https://www.totexmfg.com/battery-pack-tariffs-oem-2026,chunk_d625c75d6d3fc6f5cf2f6a0a,manually_identified_unsupported_or_misclassified_fields
claim_095a8f42ed407543ce11f34c,S08,"[""duty_rate""]",{},"[""no_numeric_rate_in_quote""]",rate_type_misclassification,The official amendment excerpt supports additional ad valorem duties and exceptions but gives no numeric duty rate. A phrase describing a rate type was stored as duty_rate.,False,quality-v1-2026-09-10,"{""duty_rate"": ""additional ad valorem rates of duty""}","{""duty_rate"": null}",https://www.whitehouse.gov/presidential-actions/2025/07/adjusting-imports-of-copper-into-the-united-states,chunk_5f11343d190d5b020722bfa2,manually_identified_unsupported_or_misclassified_fields
claim_40916635884075aea902bc06,S10,"[""effective_date""]",{},"[""page_update_not_effective_date""]",update_date_misclassified,"The source says Updated 6/26/2025. That is a FAQ update stamp, not the legal effective date of the entry-for-consumption condition.",False,quality-v1-2026-09-10,"{""effective_date"": ""6/26/2025""}","{""effective_date"": null}",https://www.cbp.gov/trade/programs-administration/entry-summary/232-tariffs-aluminum-and-steel-faqs,chunk_5a80266b0a024b1d4b5adce2,manually_identified_unsupported_or_misclassified_fields
claim_40367482e14635a8c9bc635d,S11,"[""effective_date""]",{},"[""forecast_not_observation"", ""forecast_year_not_effective_date"", ""off_sector_context""]",forecast_year_misclassified,"The source projects 2024 battery imports in a vendor marketing section. The year is a forecast period, not a tariff effective date; the quote is not metals-specific tariff evidence.",False,quality-v1-2026-09-10,"{""effective_date"": ""2024""}","{""effective_date"": null}",https://manlybattery.com/battery-tools-and-resources/usa-import-duty-calculator,chunk_4429ed3e0fea61f7656e476b,manually_identified_unsupported_or_misclassified_fields
claim_5c712fbfbbab89fbce343db2,S15,"[""origin_rules""]","{""legal_authority"": {""value"": ""19 U.S.C. 1304"", ""excerpt"": ""in accordance with the requirements of 19 U.S.C. 1304""}, ""conditions"": {""value"": ""assuming 19 CFR 102.13 is not applicable"", ""excerpt"": ""assuming 19 CFR 102.13 is not applicable""}}","[""marking_vs_origin_determination"", ""conditional_ruling"", ""snippet_only""]",marking_authority_not_origin_test,"The conditional ruling excerpt concerns packaging origin marking. 19 U.S.C. 1304 is cited as the marking authority, not a standalone test establishing a battery origin or a current duty.",False,quality-v1-2026-09-10,"{""origin_rules"": ""19 U.S.C. 1304"", ""legal_authority"": null, ""conditions"": null}","{""origin_rules"": null, ""legal_authority"": ""19 U.S.C. 1304"", ""conditions"": ""assuming 19 CFR 102.13 is not applicable""}",https://rulings.cbp.gov/ruling/559032,chunk_1e29c11796707a7f17168ae2,manually_identified_unsupported_or_misclassified_fields
claim_feaff40cbf9d03ab10385e09,S18,"[""tariff_program"", ""duty_rate"", ""rate_type""]","{""hts_code"": {""value"": ""8704.60.00"", ""excerpt"": ""8704.60.00 | 00 | Other, with only electric motor for propulsion""}}","[""flattened_tariff_columns"", ""missing_headers_and_conditions"", ""off_sector_vehicle_row""]",tariff_table_columns_conflated,"The snippet flattens general and special tariff columns. Free and 25% are conditional entries, not a single rate/type/program. The quoted row is 8704.60.00 despite the different query parameter in the URL.",False,quality-v1-2026-09-10,"{""tariff_program"": ""Free (A+, AU, B, BH, CL, CO, D, E, IL, JO, MA, OM, P, PA, PE, S, SG)"", ""duty_rate"": ""25%"", ""rate_type"": ""Free"", ""hts_code"": null}","{""tariff_program"": null, ""duty_rate"": null, ""rate_type"": null, ""hts_code"": ""8704.60.00""}",https://hts.usitc.gov/search?query=8711.60.00.90,chunk_a9624c31f84ad7ec02dc606f,manually_identified_unsupported_or_misclassified_fields
claim_ee0ecda05c1e3aff0131d5b2,S19,"[""investment_effect""]",{},"[""aggregate_vs_facility_scope"", ""investment_precedes_announcement"", ""off_sector_automotive_context""]",company_facility_scope_and_causality_unresolved,"The paragraph blends a national $21 billion commitment with a Georgia facility and aggregate capacity/jobs figures. The investment preceded the tariff announcement, so timing alone does not prove tariff causation. Cached reporting separately gives 500,000 vehicles for the Georgia factory, requiring scope/date reconciliation.",False,quality-v1-2026-09-10,"{""investment_effect"": ""$21 billion investment through 2028""}","{""investment_effect"": null}",https://www.automotivelogistics.media/supply-chain/automotive-logistics-and-supply-chains-in-2025-tariff-turmoil-investment-uncertainty-and-further-cost-pressures/649740,chunk_6bb594047515ea6015be7937,manually_identified_unsupported_or_misclassified_fields
claim_39964e1ae7ee90db27e81ed5,S20,"[""origin_rules""]","{""effective_date"": {""value"": ""September 24, 2018"", ""excerpt"": ""Effective September 24, 2018""}}","[""same_source_later_rate_change"", ""origin_scope_not_origin_test""]",historical_rate_with_missing_transition,"The official paragraph records the September 2018 additional 10% duty, but the very next sentence says it increased to 25% in May 2019. It supports history, not a current 10% rate. Goods of China states geographic scope rather than an origin-determination rule.",False,quality-v1-2026-09-10,"{""origin_rules"": ""goods of China"", ""effective_date"": null}","{""origin_rules"": null, ""effective_date"": ""September 24, 2018""}",https://www.federalregister.gov/documents/2020/02/20/2020-03377/notice-of-product-exclusions-chinas-acts-policies-and-practices-related-to-technology-transfer,chunk_5354e17bedd406b9a52d7e63,manually_identified_unsupported_or_misclassified_fields
claim_bb42e868d723725a516e8937,S21,"[""hts_code""]",{},"[""foreign_or_unspecified_hs_jurisdiction"", ""snippet_only""]",unspecified_foreign_hs_not_us_hts,A trade-data snippet labels an HS code without establishing US HTS jurisdiction. It cannot support US-specific tariff classification or duty applicability for a Georgia company.,False,quality-v1-2026-09-10,"{""hts_code"": ""85049090""}","{""hts_code"": null}",https://www.zauba.com/import-INVERTER+PCB+ASSY/hs-code-85049090-hs-code.html,chunk_874efd4486598d7f37b973e5,manually_identified_unsupported_or_misclassified_fields
claim_34b9e02f9e757fa64ec1c88a,S22,"[""company"", ""effective_date""]","{""rate_type"": {""value"": ""no less than"", ""excerpt"": ""no less than 25 percent""}}","[""government_body_not_company"", ""proposed_minimum_not_final_rate"", ""off_sector_facemasks""]",agency_as_company_and_proposal_as_rate,"USTR is a government body, not a company. The excerpt describes a direction for no less than 25% and ensuing proposals for facemasks; it is not a final electronics rate or an exact effective date.",False,quality-v1-2026-09-10,"{""company"": ""U.S. Trade Representative"", ""effective_date"": ""2024"", ""rate_type"": null}","{""company"": null, ""effective_date"": null, ""rate_type"": ""no less than""}",https://www.federalregister.gov/documents/2024/09/18/2024-21217/notice-of-modification-chinas-acts-policies-and-practices-related-to-technology-transfer,chunk_f920e269de67d8043fa3f8ca,manually_identified_unsupported_or_misclassified_fields
claim_9fcfae8a48fedb34512a2b1a,S23,"[""company""]",{},"[""government_body_not_company"", ""social_media_source"", ""stacking_not_verified""]",agency_as_company_and_secondary_rate_claim,"The White House is cited as a source, not an exposed company. The LinkedIn post reports a PCB duty component and makes stacking assertions; it is secondary evidence needing the underlying authority and dated scope.",False,quality-v1-2026-09-10,"{""company"": ""White House""}","{""company"": null}",https://www.linkedin.com/posts/greg-papandrew-5025834_%F0%9D%97%A7%F0%9D%97%94%F0%9D%97%A5%F0%9D%97%9C%F0%9D%97%99%F0%9D%97%99-%F0%9D%97%A8%F0%9D%97%A3%F0%9D%97%97%F0%9D%97%94%F0%9D%97%A7%F0%9D%97%98-%F0%9D%97%A6%F0%9D%97%A2%F0%9D%97%9F%F0%9D%97%A8%F0%9D%97%A7%F0%9D%97%9C%F0%9D%97%A2%F0%9D%97%A1-activity-7302659128592617473-FCFp,chunk_cbd1179e7fea1bc79e4ee02e,manually_identified_unsupported_or_misclassified_fields
claim_93b77e471e6e89244a0b1a88,S28,"[""effective_date"", ""reported_policy_status""]",{},"[""relative_date"", ""status_refers_to_previous_rate"", ""truncated_video_snippet""]",relative_date_and_status_reference_error,"Now is not an effective date. In this truncated snippet, implemented modifies the former 25% tariff, not necessarily the new 15% rate; the structured status transfers that modifier to the wrong rate.",False,quality-v1-2026-09-10,"{""effective_date"": ""now"", ""reported_policy_status"": ""implemented""}","{""effective_date"": null, ""reported_policy_status"": null}",https://www.youtube.com/watch?v=0trOeEANSKs,chunk_796b07c3d69c1807e5df8ae1,manually_identified_unsupported_or_misclassified_fields
claim_c0e4b0aa02465013bc17b96e,S30,"[""production_effect""]",{},"[""policy_rationale_not_causal_effect"", ""off_sector_automotive_context""]",policy_rationale_not_measured_tariff_effect,"The proclamation states a national-security rationale about an existing production decline. It is not a measured production effect caused by the tariff, and it is not display-specific evidence.",False,quality-v1-2026-09-10,"{""production_effect"": ""decline that jeopardizes our domestic industrial base and national security""}","{""production_effect"": null}",https://www.federalregister.gov/documents/2025/04/03/2025-05930/adjusting-imports-of-automobiles-and-automobile-parts-into-the-united-states,chunk_e3c1cfec8bb51cf3c6674814,manually_identified_unsupported_or_misclassified_fields
claim_56645736c71e8be73fa2e20b,additional_conflict_review,"[""hts_code""]",{},"[""manual_conflict_review_field_error""]",field_misclassification,"The cached heading explicitly identifies Schedule B export codes, not an import HTS classification.",False,quality-v1-2026-09-10,"{""hts_code"": ""8708100010""}","{""hts_code"": null}",https://www.trade.gov/automotive-parts-tariff-codes,chunk_af551c84d9912577c25cbf1c,manually_identified_unsupported_or_misclassified_fields
claim_0d2878f8ec3c6660b1cb52ff,additional_conflict_review,"[""effective_date""]","{""expiration_date"": {""value"": ""Dec. 31, 2027"", ""excerpt"": ""through Dec. 31, 2027""}}","[""manual_conflict_review_field_error""]",field_misclassification,The date is the end of a reported relief period.,False,quality-v1-2026-09-10,"{""effective_date"": ""through Dec. 31, 2027"", ""expiration_date"": null}","{""effective_date"": null, ""expiration_date"": ""Dec. 31, 2027""}",https://www.plasticstoday.com/legislation-regulations/trump-revises-tariffs-impacting-plastics-industry-imports,chunk_85e320b75329e00ab59ec1cb,manually_identified_unsupported_or_misclassified_fields
claim_6edeba07cb0873e118bb5b78,additional_conflict_review,"[""company""]",{},"[""manual_conflict_review_field_error""]",field_misclassification,"The named individual is the ruling signatory, not the importer/company.",False,quality-v1-2026-09-10,"{""company"": ""Gregory Connor, Chief Electronics, Machinery, Automotive, and International Nomenclature Branch""}","{""company"": null}",https://www.customsmobile.com/rulings/docview?doc_id=HQ+H325872&highlight=category%3AClassification,chunk_11ccf05dbd681a3584ab0038,manually_identified_unsupported_or_misclassified_fields
claim_d1fd8b73c4da9a6e55cf051d,additional_conflict_review,"[""company"", ""duty_rate""]",{},"[""manual_conflict_review_field_error""]",field_misclassification,"CBP is the deciding agency. The free general rate in this ruling’s holding refers to the subject LCD module, not the heads-up-display comparator.",False,quality-v1-2026-09-10,"{""company"": ""CBP"", ""duty_rate"": ""free""}","{""company"": null, ""duty_rate"": null}",https://www.customsmobile.com/rulings/docview?doc_id=HQ+H325872&highlight=category%3AClassification,chunk_11ccf05dbd681a3584ab0038,manually_identified_unsupported_or_misclassified_fields
claim_a79d12636c8b91a8d8f5b549,additional_conflict_review,"[""origin_rules""]",{},"[""manual_conflict_review_field_error""]",field_misclassification,National-security rationale is not a legal origin test.,False,quality-v1-2026-09-10,"{""origin_rules"": ""U.S. auto imports were a threat to U.S. national security""}","{""origin_rules"": null}",https://www.congress.gov/crs-product/IN12545,chunk_388605ef4849945d41378490,manually_identified_unsupported_or_misclassified_fields
claim_a117a3e855f756d50fa2203c,additional_conflict_review,"[""hts_code""]",{},"[""schedule_b_export_code_not_import_hts""]",field_misclassification,The second code listing also occurs after the Schedule B Codes for Exports heading in the full cached Trade.gov document; it does not support an import HTS field.,False,quality-v1-2026-09-10,"{""hts_code"": ""8708100010""}","{""hts_code"": null}",https://www.trade.gov/automotive-parts-tariff-codes,chunk_2480c99fbfd2a5512378e655,manually_identified_unsupported_or_misclassified_fields
