company_id,company_name,seed_row_ids,seed_locations,sector_hints_unverified,evidence_status,source_reported_effect_claims,response_or_opinion_claims,company_context_claims,group_context_claims,unverified_leads,rejected_company_links,full_text_named_tariff_claims,web_queries_completed,web_queries_planned,current_policy_verified,facility_exposure_verified,profile_path
company_fdd3fe73423e13e3b595140c,Ajin Georgia,"[""gnem_row_62""]","[""Register, Bulloch County""]","[""automotive_and_trade""]",company_context_only,0,0,14,0,0,0,0,2,2,False,False,companies/company_fdd3fe73423e13e3b595140c.md
company_1a42c8704adcaf70bd49cb78,Aspen Aerogels,"[""gnem_row_13""]","[""Statesboro, Bulloch County""]","[""automotive_and_trade""]",company_context_only,0,0,1,0,0,0,0,2,2,False,False,companies/company_1a42c8704adcaf70bd49cb78.md
company_c637266c7de19e629af5b867,DaeChang Seat Company,"[""gnem_row_66""]","[""Savannah, Chatham County""]","[""automotive_and_trade""]",company_context_only,0,0,11,1,0,0,0,2,2,False,False,companies/company_c637266c7de19e629af5b867.md
company_2c4b6344bfab2e8f192bfba9,Ecoplastic America Corporation,"[""gnem_row_42""]","[""Register, Bulloch County""]","[""automotive_and_trade"", ""metals""]",company_context_only,0,0,6,0,0,0,0,2,2,False,False,companies/company_2c4b6344bfab2e8f192bfba9.md
company_79ae9d99f72979a1c1261010,Ecoplastic Corporation,"[""gnem_row_51""]","[""Statesboro, Bulloch County""]","[""automotive_and_trade"", ""metals""]",company_context_only,0,0,18,0,0,0,0,2,2,False,False,companies/company_79ae9d99f72979a1c1261010.md
company_c01c638d33df890a6b51cd0c,Elan Technology Inc.,"[""gnem_row_49""]","[""Midway, Bryan County""]","[""automotive_and_trade"", ""metals""]",company_context_only,0,0,1,0,0,0,0,2,2,False,False,companies/company_c01c638d33df890a6b51cd0c.md
company_90ce15ff13f865cb62749afb,GLOVIS Georgia LLC,"[""gnem_row_83""]","[""Savannah, Bryan County""]","[""automotive_and_trade"", ""metals""]",group_context_only,0,0,0,2,0,0,0,2,2,False,False,companies/company_90ce15ff13f865cb62749afb.md
company_87068da9d6a4b546bd557609,Great Dane LP,"[""gnem_row_141""]","[""Savannah, Chatham County""]","[""automotive_and_trade"", ""metals""]",company_tariff_response_or_opinion,0,3,4,0,1,0,2,2,2,False,False,companies/company_87068da9d6a4b546bd557609.md
company_da9706f4b8d8a7c81d035528,Great Dane Trailers,"[""gnem_row_147""]","[""Savannah, Chatham County""]","[""automotive_and_trade"", ""metals""]",no_usable_company_evidence,0,0,0,0,0,0,0,2,2,False,False,companies/company_da9706f4b8d8a7c81d035528.md
company_c04f33ffc5921844cc767a0a,Hyundai & LG Energy Solution (LGES),"[""gnem_row_81""]","[""Ellabell, Forsyth County""]","[""batteries_and_minerals"", ""displays"", ""pcbs_and_electronics""]",group_context_only,0,0,0,118,0,0,0,2,2,False,False,companies/company_c04f33ffc5921844cc767a0a.md
company_9c033fbbbe5dd968878b7417,Hyundai Industrial Co.,"[""gnem_row_94""]","[""Ellabell, Lowndes County""]","[""displays"", ""pcbs_and_electronics""]",company_context_only,0,0,8,118,0,0,0,2,2,False,False,companies/company_9c033fbbbe5dd968878b7417.md
company_2b21c38fbded6ea1b5538a75,Hyundai Motor Group,"[""gnem_row_84""]","[""Ellabell, Bryan County""]","[""displays"", ""pcbs_and_electronics""]",company_tariff_response_or_opinion,0,5,77,106,5,0,2,2,2,False,False,companies/company_2b21c38fbded6ea1b5538a75.md
company_2fc6813eb9f41f003204ef69,PHA Body Systems LLC,"[""gnem_row_143""]","[""Bloomingdale, Bryan County""]","[""automotive_and_trade""]",company_context_only,0,0,2,0,0,0,0,2,2,False,False,companies/company_2fc6813eb9f41f003204ef69.md
company_3d4d0f99f4974152e5c9657d,Propex Operating Co. LLC,"[""gnem_row_128""]","[""Pooler, Bryan County""]","[""automotive_and_trade""]",company_context_only,0,0,1,0,0,0,0,2,2,False,False,companies/company_3d4d0f99f4974152e5c9657d.md
company_2ca807a86c0a7e4aeb4ae014,SK Battery America,"[""gnem_row_164""]","[""Ellabell, Bryan County""]","[""automotive_and_trade"", ""batteries_and_minerals""]",company_context_only,0,0,6,0,0,0,0,2,2,False,False,companies/company_2ca807a86c0a7e4aeb4ae014.md
company_56947b6791bbd3d8817d1869,ACM Georgia LLC,"[""gnem_row_8""]","[""Warrenton, Warren County""]","[""automotive_and_trade""]",no_usable_company_evidence,0,0,0,0,0,0,0,2,2,False,False,companies/company_56947b6791bbd3d8817d1869.md
company_39f85ab24943ff1c43fdb019,Adient,"[""gnem_row_45""]","[""West Point, Harris County""]","[""automotive_and_trade""]",source_reported_company_tariff_effect,2,0,0,0,1,0,2,2,2,False,False,companies/company_39f85ab24943ff1c43fdb019.md
company_a1d2f17b3360077e6922a03d,ADVICS Manufacturing Georgia LLC,"[""gnem_row_57""]","[""LaGrange, Troup County""]","[""automotive_and_trade""]",company_context_only,0,0,1,0,0,0,0,2,2,False,False,companies/company_a1d2f17b3360077e6922a03d.md
company_5d6710bbebca17301582eef6,ALBAform Inc.,"[""gnem_row_67""]","[""Flowery Branch, Forsyth County""]","[""automotive_and_trade""]",company_context_only,0,0,1,0,0,0,0,2,2,False,False,companies/company_5d6710bbebca17301582eef6.md
company_105d9963b102a6ae236572eb,Anovion Technologies,"[""gnem_row_95""]","[""Bainbridge, Decatur County""]","[""automotive_and_trade"", ""batteries_and_minerals""]",company_context_only,0,0,14,1,0,0,0,2,2,False,False,companies/company_105d9963b102a6ae236572eb.md
company_2e20e495efaa524f3c7b4c3a,Apache Mills Inc.,"[""gnem_row_64""]","[""Calhoun, Forsyth County""]","[""automotive_and_trade""]",no_usable_company_evidence,0,0,0,0,0,0,0,2,2,False,False,companies/company_2e20e495efaa524f3c7b4c3a.md
company_8102602c2cf120a2e06de532,Archer Aviation Inc.,"[""gnem_row_40""]","[""Covington, Morgan County""]","[""automotive_and_trade""]",company_context_only,0,0,7,0,0,0,0,2,2,False,False,companies/company_8102602c2cf120a2e06de532.md
company_2c8b7f05b5f09138866667d6,Arising Industries Inc.,"[""gnem_row_6"", ""gnem_row_112""]","[""Norcross, Gwinnett County""]","[""automotive_and_trade""]",group_context_only,0,0,0,2,0,0,0,2,2,False,False,companies/company_2c8b7f05b5f09138866667d6.md
company_36bb5b7f923c6cc0642f4aca,Ascend Elements,"[""gnem_row_12""]","[""Covington, Henry County""]","[""automotive_and_trade"", ""batteries_and_minerals""]",company_tariff_response_or_opinion,0,2,8,0,1,0,1,2,2,False,False,companies/company_36bb5b7f923c6cc0642f4aca.md
company_42975cd2568a7dcbeb7cbd98,Aurubis,"[""gnem_row_14""]","[""Augusta, Burke County""]","[""automotive_and_trade""]",company_tariff_response_or_opinion,0,1,6,0,0,0,0,2,2,False,False,companies/company_42975cd2568a7dcbeb7cbd98.md
company_af625009d15eb10609433c7a,AVS,"[""gnem_row_17""]","[""Alpharetta, Forsyth County""]","[""automotive_and_trade""]",no_usable_company_evidence,0,0,0,0,0,0,0,2,2,False,False,companies/company_af625009d15eb10609433c7a.md
company_c7297d0309518878c6b970e8,Beaver Manufacturing Co. Inc.,"[""gnem_row_16""]","[""Mansfield, Newton County""]","[""automotive_and_trade""]",company_context_only,0,0,1,0,0,0,0,2,2,False,False,companies/company_c7297d0309518878c6b970e8.md
company_17d2a2419c972bbfbd0d3c66,Big Tex Trailer Manufacturing Inc.,"[""gnem_row_30""]","[""Loganville, Gwinnett County""]","[""automotive_and_trade""]",no_usable_company_evidence,0,0,0,0,0,0,0,2,2,False,False,companies/company_17d2a2419c972bbfbd0d3c66.md
company_7401d56b17c5cd19433e6b12,Blue Bird Corp.,"[""gnem_row_18""]","[""Fort Valley, Peach County""]","[""automotive_and_trade""]",company_context_only,0,0,3,0,0,0,0,2,2,False,False,companies/company_7401d56b17c5cd19433e6b12.md
company_22670a5f0b194d8bd2c5eb74,Blue Ridge Manufacturing,"[""gnem_row_19""]","[""Blue Ridge, Union County""]","[""automotive_and_trade""]",no_usable_company_evidence,0,0,0,0,0,0,0,2,2,False,False,companies/company_22670a5f0b194d8bd2c5eb74.md
company_d34cd4f09e41e0c33dd7091f,Bonnell Aluminum,"[""gnem_row_33""]","[""Newnan, Coweta County""]","[""automotive_and_trade""]",company_tariff_response_or_opinion,0,1,2,0,0,0,1,2,2,False,False,companies/company_d34cd4f09e41e0c33dd7091f.md
company_c5335f42ecc83c2a03899ecb,Boogook Industries,"[""gnem_row_21""]","[""Macon, Twiggs County""]","[""automotive_and_trade""]",no_usable_company_evidence,0,0,0,0,0,0,0,2,2,False,False,companies/company_c5335f42ecc83c2a03899ecb.md
company_0d0c7e1f704d4df061e129a4,Bosal Industries Georgia,"[""gnem_row_34""]","[""Lavonia, Franklin County""]","[""automotive_and_trade""]",no_usable_company_evidence,0,0,0,0,0,0,0,2,2,False,False,companies/company_0d0c7e1f704d4df061e129a4.md
company_c5fcc97bfb2974073676415c,Bosch (Automotive Division),"[""gnem_row_23""]","[""Toccoa, Franklin County""]","[""automotive_and_trade""]",group_context_only,0,0,0,2,0,0,0,2,2,False,False,companies/company_c5fcc97bfb2974073676415c.md
company_ae431317033c698ebc8dbdc9,Bridgestone Bandag,"[""gnem_row_24""]","[""Griffin, Spalding County""]","[""automotive_and_trade""]",group_context_only,0,0,0,3,0,0,0,2,2,False,False,companies/company_ae431317033c698ebc8dbdc9.md
company_554a225e8185b55b8a0a41bd,Carcoustics USA,"[""gnem_row_39""]","[""Buford, Forsyth County""]","[""automotive_and_trade""]",no_usable_company_evidence,0,0,0,0,0,0,0,2,2,False,False,companies/company_554a225e8185b55b8a0a41bd.md
company_9f7649ab93e553fce03a0293,Club Car LLC,"[""gnem_row_26""]","[""Evans, Columbia County""]","[""automotive_and_trade""]",company_tariff_response_or_opinion,0,3,3,0,0,0,3,2,2,False,False,companies/company_9f7649ab93e553fce03a0293.md
company_80c510ece7aa44948187d533,Constellium Automotive USA,"[""gnem_row_27""]","[""Cartersville, Bartow County""]","[""automotive_and_trade""]",no_usable_company_evidence,0,0,0,0,0,0,0,2,2,False,False,companies/company_80c510ece7aa44948187d533.md
company_fc7c935e96c630b5d97e68a4,Continental Automotive,"[""gnem_row_50""]","[""Fairburn, Fayette County""]","[""automotive_and_trade""]",group_context_only,0,0,0,5,0,0,0,2,2,False,False,companies/company_fc7c935e96c630b5d97e68a4.md
company_9e5f148c5a229152f328fcb1,Continental Tire the Americas LLC,"[""gnem_row_60""]","[""Barnesville, Lamar County""]","[""automotive_and_trade""]",group_context_only,0,0,0,5,0,0,0,2,2,False,False,companies/company_9e5f148c5a229152f328fcb1.md
company_85bc0be08bc4340515f23feb,DAEHAN Solution Georgia LLC,"[""gnem_row_31""]","[""Covington, Henry County""]","[""automotive_and_trade""]",no_usable_company_evidence,0,0,0,0,0,0,0,2,2,False,False,companies/company_85bc0be08bc4340515f23feb.md
company_95301b2e6722331d5c2f845b,Daesol Ausys,"[""gnem_row_32""]","[""Smyrna, Cobb County""]","[""automotive_and_trade""]",company_context_only,0,0,12,0,0,0,0,2,2,False,False,companies/company_95301b2e6722331d5c2f845b.md
company_afab7be1621b5bafcfb7f0b4,"Daesol Material Georgia, LLC","[""gnem_row_82""]","[""Duluth, Gwinnett County""]","[""automotive_and_trade""]",company_context_only,0,0,1,0,0,0,0,2,2,False,False,companies/company_afab7be1621b5bafcfb7f0b4.md
company_8d42c7988edcfa40dca2f234,Daimler Truck North America,"[""gnem_row_86""]","[""Covington, Henry County""]","[""automotive_and_trade""]",company_tariff_response_or_opinion,0,1,0,7,0,0,1,2,2,False,False,companies/company_8d42c7988edcfa40dca2f234.md
company_0493452f9eb077afb0f244bd,DAS Corp.,"[""gnem_row_35""]","[""Metter, Emanuel County""]","[""automotive_and_trade""]",company_context_only,0,0,8,0,0,0,0,2,2,False,False,companies/company_0493452f9eb077afb0f244bd.md
company_90866fc8cf495eea5d2f62ee,Decostar Industries,"[""gnem_row_104""]","[""Buchanan, Polk County""]","[""automotive_and_trade""]",company_context_only,0,0,1,0,0,0,0,2,2,False,False,companies/company_90866fc8cf495eea5d2f62ee.md
company_a67cb8fe187afc2e4991e639,DeKalb Tool & Die Inc.,"[""gnem_row_115""]","[""Tucker, Gwinnett County""]","[""automotive_and_trade""]",no_usable_company_evidence,0,0,0,0,0,0,0,2,2,False,False,companies/company_a67cb8fe187afc2e4991e639.md
company_15be2d53cdedc8bb7d9f1da8,Denkai America,"[""gnem_row_161""]","[""Augusta, Richmond County""]","[""automotive_and_trade""]",no_usable_company_evidence,0,0,0,0,0,0,0,2,2,False,False,companies/company_15be2d53cdedc8bb7d9f1da8.md
company_5b628ee8f4aa57a92808347b,Denso Manufacturing Georgia,"[""gnem_row_71""]","[""Pendergrass, Hall County""]","[""automotive_and_trade""]",group_context_only,0,0,0,5,0,0,0,2,2,False,False,companies/company_5b628ee8f4aa57a92808347b.md
company_89c7fb4ea40a16de2124266e,Die-Tech Industries Inc.,"[""gnem_row_142""]","[""Carrollton, Carroll County""]","[""automotive_and_trade""]",no_usable_company_evidence,0,0,0,0,0,0,0,2,2,False,False,companies/company_89c7fb4ea40a16de2124266e.md
company_8c24996dab6424ef3a7a1d2c,Dinex Emissions Inc.,"[""gnem_row_7""]","[""Dublin, Johnson County""]","[""automotive_and_trade"", ""metals""]",company_context_only,0,0,3,0,0,0,0,2,2,False,False,companies/company_8c24996dab6424ef3a7a1d2c.md
company_e4034603e2ef1f2c82e9bef8,Dongwon Autopart Technology Georgia LLC,"[""gnem_row_15""]","[""Hogansville, Meriwether County""]","[""automotive_and_trade"", ""metals""]",no_usable_company_evidence,0,0,0,0,0,0,0,2,2,False,False,companies/company_e4034603e2ef1f2c82e9bef8.md
company_9ddeeb9ac201aee6620312ef,Dorsett Industries Inc.,"[""gnem_row_20""]","[""Dalton, Whitfield County""]","[""automotive_and_trade"", ""metals""]",company_context_only,0,0,4,0,0,0,0,2,2,False,False,companies/company_9ddeeb9ac201aee6620312ef.md
company_2a4a597f72ccf38caccb9442,Down 2 Earth Trailers,"[""gnem_row_22""]","[""Baxley, Appling County""]","[""automotive_and_trade"", ""metals""]",no_usable_company_evidence,0,0,0,0,0,0,0,2,2,False,False,companies/company_2a4a597f72ccf38caccb9442.md
company_5dcbbc145bf0d5ed726febae,Duckyang,"[""gnem_row_36""]","[""Braselton, Hall County""]","[""automotive_and_trade"", ""metals""]",company_context_only,0,0,5,0,0,0,0,2,2,False,False,companies/company_5dcbbc145bf0d5ed726febae.md
company_c1c4fd592ddbedf564507b8b,Eaton Corp.,"[""gnem_row_37""]","[""Athens, Clarke County""]","[""automotive_and_trade"", ""metals""]",no_usable_company_evidence,0,0,0,0,0,0,0,2,2,False,False,companies/company_c1c4fd592ddbedf564507b8b.md
company_23ebfd09d6c7f37b2dc25904,Enchem America Inc.,"[""gnem_row_52""]","[""Commerce, Jackson County""]","[""automotive_and_trade"", ""batteries_and_minerals"", ""metals""]",company_context_only,0,0,11,0,0,0,0,2,2,False,False,companies/company_23ebfd09d6c7f37b2dc25904.md
company_2433d9dc53f48bd785fdde67,Enplas USA Inc.,"[""gnem_row_59""]","[""Marietta, Cobb County""]","[""automotive_and_trade"", ""metals""]",no_usable_company_evidence,0,0,0,0,0,0,0,2,2,False,False,companies/company_2433d9dc53f48bd785fdde67.md
company_39deb7adc0f95475d16ebb1b,Erdrich USA Inc.,"[""gnem_row_68""]","[""Dublin, Laurens County""]","[""automotive_and_trade"", ""metals""]",no_usable_company_evidence,0,0,0,0,0,0,0,2,2,False,False,companies/company_39deb7adc0f95475d16ebb1b.md
company_8b600a968a9e1e7afd1f6cb1,EVCO Plastics,"[""gnem_row_53""]","[""Calhoun, Gordon County""]","[""automotive_and_trade"", ""metals""]",company_tariff_response_or_opinion,0,1,2,0,0,0,1,2,2,False,False,companies/company_8b600a968a9e1e7afd1f6cb1.md
company_72b49d856cf0c4ec907d8a5c,F&P Georgia Manufacturing,"[""gnem_row_54""]","[""Rome, Floyd County""]","[""automotive_and_trade"", ""metals""]",no_usable_company_evidence,0,0,0,0,0,0,0,2,2,False,False,companies/company_72b49d856cf0c4ec907d8a5c.md
company_16cfdd7795f2585f3782e10a,Fanello Industries Inc.,"[""gnem_row_55""]","[""Lavonia, Franklin County""]","[""automotive_and_trade"", ""metals""]",no_usable_company_evidence,0,0,0,0,0,0,0,2,2,False,False,companies/company_16cfdd7795f2585f3782e10a.md
company_dd47a3941fa7ff93d27cfe5d,First American Resources,"[""gnem_row_56""]","[""Mableton, Cobb County""]","[""automotive_and_trade"", ""metals""]",no_usable_company_evidence,0,0,0,0,0,0,0,2,2,False,False,companies/company_dd47a3941fa7ff93d27cfe5d.md
company_5fd1cdbb7f4fedfb0fc5ec73,Flambeau Inc.,"[""gnem_row_5""]","[""Madison, Morgan County""]","[""automotive_and_trade"", ""metals""]",no_usable_company_evidence,0,0,0,0,0,0,0,2,2,False,False,companies/company_5fd1cdbb7f4fedfb0fc5ec73.md
company_db84bb9d505096e9f1ac05ff,Fouts Brothers Fire Equipment,"[""gnem_row_11""]","[""Milledgeville, Baldwin County""]","[""automotive_and_trade"", ""metals""]",no_usable_company_evidence,0,0,0,0,0,0,0,2,2,False,False,companies/company_db84bb9d505096e9f1ac05ff.md
company_b77873acd655b85203123334,FOX Factory,"[""gnem_row_10""]","[""Duluth, Gwinnett County""]","[""automotive_and_trade"", ""metals""]",no_usable_company_evidence,0,0,0,0,0,0,0,2,2,False,False,companies/company_b77873acd655b85203123334.md
company_95499c81d98267ad7ee60c61,Freudenberg-NOK,"[""gnem_row_48"", ""gnem_row_61""]","[""LaGrange, Troup County""]","[""automotive_and_trade"", ""metals""]",no_usable_company_evidence,0,0,0,0,0,0,0,2,2,False,False,companies/company_95499c81d98267ad7ee60c61.md
company_0f47bea73e79482f99163b3b,FREYR Battery,"[""gnem_row_69""]","[""Atlanta, Cobb County""]","[""automotive_and_trade"", ""batteries_and_minerals"", ""metals""]",company_context_only,0,0,5,0,0,0,0,2,2,False,False,companies/company_0f47bea73e79482f99163b3b.md
company_4cf9aea6b8343b258d83e9d6,GEDIA Georgia LLC,"[""gnem_row_74""]","[""Dalton, Cobb County""]","[""automotive_and_trade"", ""metals""]",no_usable_company_evidence,0,0,0,0,0,0,0,2,2,False,False,companies/company_4cf9aea6b8343b258d83e9d6.md
company_1397e4a3a1b21417765afda3,Global Powertrain Systems LLC,"[""gnem_row_75""]","[""Jefferson, Jackson County""]","[""automotive_and_trade"", ""metals""]",no_usable_company_evidence,0,0,0,0,0,0,0,2,2,False,False,companies/company_1397e4a3a1b21417765afda3.md
company_b7b4dc548795424b83c672ad,Goodyear Tire & Rubber Co.,"[""gnem_row_108""]","[""Atlanta, Clayton County""]","[""automotive_and_trade"", ""metals""]",company_context_only,0,0,6,4,2,0,0,2,2,False,False,companies/company_b7b4dc548795424b83c672ad.md
company_284da82fa1a5d254a086d112,Grudem,"[""gnem_row_4""]","[""Gainesville, Hall County""]","[""automotive_and_trade""]",no_usable_company_evidence,0,0,0,0,0,0,0,2,2,False,False,companies/company_284da82fa1a5d254a086d112.md
company_62439ed88b20d99762107a5c,GSC Steel Stamping LLC,"[""gnem_row_70""]","[""Adairsville, Bartow County""]","[""automotive_and_trade""]",company_context_only,0,0,3,0,0,0,0,2,2,False,False,companies/company_62439ed88b20d99762107a5c.md
company_cd5434e61fd91cb82ebf56cf,Haering Precision USA LP,"[""gnem_row_43"", ""gnem_row_72""]","[""Buford, Hall County""]","[""automotive_and_trade""]",no_usable_company_evidence,0,0,0,0,0,0,0,2,2,False,False,companies/company_cd5434e61fd91cb82ebf56cf.md
company_2f674205f91f09171f99b95d,Hanon Systems USA LLC,"[""gnem_row_73""]","[""Shorter, Spalding County""]","[""automotive_and_trade""]",no_usable_company_evidence,0,0,0,0,0,0,0,2,2,False,False,companies/company_2f674205f91f09171f99b95d.md
company_83738a1fb07cdd4d4438490b,HELLA Automotive Sales Inc.,"[""gnem_row_121""]","[""Atlanta, Cobb County""]","[""automotive_and_trade""]",company_context_only,0,0,3,0,0,0,0,2,2,False,False,companies/company_83738a1fb07cdd4d4438490b.md
company_c07c982df0d492aa3945a40c,HEXPOL Compounding Corp.,"[""gnem_row_163""]","[""Griffin, Spalding County""]","[""automotive_and_trade""]",no_usable_company_evidence,0,0,0,0,0,0,0,2,2,False,False,companies/company_c07c982df0d492aa3945a40c.md
company_09c2e352043905f0b725491b,Hitachi Astemo,"[""gnem_row_76""]","[""Shorter, Fayette County""]","[""displays"", ""pcbs_and_electronics""]",company_context_only,0,0,3,2,0,0,0,2,2,False,False,companies/company_09c2e352043905f0b725491b.md
company_857a53c98c8af0ccf25cdd3a,Hitachi Astemo Americas Inc.,"[""gnem_row_77""]","[""Shorter, Coweta County""]","[""displays"", ""pcbs_and_electronics""]",company_context_only,0,0,3,2,0,0,0,2,2,False,False,companies/company_857a53c98c8af0ccf25cdd3a.md
company_1a995c929c9b6b4f4eafd428,Hollingsworth & Vose Co.,"[""gnem_row_78""]","[""Hawkinsville, Bleckley County""]","[""displays"", ""pcbs_and_electronics""]",company_context_only,0,0,1,0,0,0,0,2,2,False,False,companies/company_1a995c929c9b6b4f4eafd428.md
company_19c065ceff1df6bfa321c147,Honda Development & Manufacturing,"[""gnem_row_79""]","[""Tallapoosa, Cherokee County""]","[""displays"", ""pcbs_and_electronics""]",company_context_only,0,0,1,18,0,0,0,2,2,False,False,companies/company_19c065ceff1df6bfa321c147.md
company_26beff672f7c2515d668d5a8,Hwashin,"[""gnem_row_80""]","[""LaGrange, Carroll County""]","[""displays"", ""pcbs_and_electronics""]",company_context_only,0,0,12,0,0,0,0,2,2,False,False,companies/company_26beff672f7c2515d668d5a8.md
company_c616bc37ca5f1ed57590e3c9,Hyundai MOBIS (Georgia),"[""gnem_row_100""]","[""West Point, Troup County""]","[""displays"", ""pcbs_and_electronics""]",group_context_only,0,0,0,118,0,0,0,2,2,False,False,companies/company_c616bc37ca5f1ed57590e3c9.md
company_a5d8748e8f29ace38fb5e117,Hyundai Transys Georgia Powertrain,"[""gnem_row_85""]","[""West Point, Troup County""]","[""displays"", ""pcbs_and_electronics""]",company_context_only,0,0,3,116,0,0,0,2,2,False,False,companies/company_a5d8748e8f29ace38fb5e117.md
company_127cc1bfd36760f9a2c064cc,Hyundai Transys Georgia Seating Systems,"[""gnem_row_131""]","[""West Point, Troup County""]","[""displays"", ""pcbs_and_electronics""]",group_context_only,0,0,0,118,0,0,0,2,2,False,False,companies/company_127cc1bfd36760f9a2c064cc.md
company_b1eb8328a45bb51000d1ecaa,IMMI,"[""gnem_row_87""]","[""Dublin, Johnson County""]","[""displays"", ""pcbs_and_electronics""]",no_usable_company_evidence,0,0,0,0,0,0,0,2,2,False,False,companies/company_b1eb8328a45bb51000d1ecaa.md
company_688fd73015130e3680f03efc,IMS Gear Georgia Inc.,"[""gnem_row_88""]","[""Suwanee, Gwinnett County""]","[""displays"", ""pcbs_and_electronics""]",no_usable_company_evidence,0,0,0,0,0,0,0,2,2,False,False,companies/company_688fd73015130e3680f03efc.md
company_bf629aedfdcb5f68f8719223,Inalfa Roof Systems Inc.,"[""gnem_row_146""]","[""Acworth, Cobb County""]","[""displays"", ""pcbs_and_electronics""]",no_usable_company_evidence,0,0,0,0,0,0,0,2,2,False,False,companies/company_bf629aedfdcb5f68f8719223.md
company_3d6e0348f06d2e4c8bef6828,JAC Products Inc.,"[""gnem_row_90""]","[""Jefferson, Barrow County""]","[""displays"", ""pcbs_and_electronics""]",source_reported_company_tariff_effect,2,0,1,0,0,0,1,2,2,False,False,companies/company_3d6e0348f06d2e4c8bef6828.md
company_5e93b599969eccdd9ccfe0a3,Jefferson Southern Corp.,"[""gnem_row_166""]","[""Commerce, Forsyth County""]","[""displays"", ""pcbs_and_electronics""]",company_context_only,0,0,2,0,0,0,0,2,2,False,False,companies/company_5e93b599969eccdd9ccfe0a3.md
company_b7bd683c22b8b3f21d8e9f7d,Jefferson Southern Corporation,"[""gnem_row_92""]","[""Commerce, Forsyth County""]","[""automotive_and_trade""]",company_context_only,0,0,2,0,0,0,0,2,2,False,False,companies/company_b7bd683c22b8b3f21d8e9f7d.md
company_933e96a9f78bb1d41d7089e0,"Joon Georgia, Inc.","[""gnem_row_93""]","[""West Point, Chattahoochee County""]","[""automotive_and_trade""]",company_context_only,0,0,5,0,0,0,0,2,2,False,False,companies/company_933e96a9f78bb1d41d7089e0.md
company_51acf7e91bf99d07602b0a15,JTEKT North America Corp.,"[""gnem_row_2""]","[""Pendergrass, Hall County""]","[""automotive_and_trade""]",company_context_only,0,0,1,5,0,0,0,2,2,False,False,companies/company_51acf7e91bf99d07602b0a15.md
company_7959438dbd42735054f1a7a4,Kautex Inc.,"[""gnem_row_3""]","[""Lavonia, Rabun County""]","[""automotive_and_trade""]",company_context_only,0,0,20,0,0,0,0,2,2,False,False,companies/company_7959438dbd42735054f1a7a4.md
company_284421b36ec8283988c17894,Kia Georgia Inc.,"[""gnem_row_96""]","[""West Point, Troup County""]","[""automotive_and_trade""]",company_context_only,0,0,5,38,0,0,0,2,2,False,False,companies/company_284421b36ec8283988c17894.md
company_98ae8e7c06629f61cd42906f,KTX America Corporation,"[""gnem_row_97""]","[""LaGrange, Meriwether County""]","[""automotive_and_trade""]",no_usable_company_evidence,0,0,0,0,0,0,0,2,2,False,False,companies/company_98ae8e7c06629f61cd42906f.md
company_0070706649688b18a55fb394,Kumho Tire USA Inc.,"[""gnem_row_98""]","[""Macon, Bibb County""]","[""automotive_and_trade""]",group_context_only,0,0,0,5,0,0,0,2,2,False,False,companies/company_0070706649688b18a55fb394.md
company_fc5db24fad4fb6564b0f2519,Kyungshin America Corp.,"[""gnem_row_99""]","[""West Point, Troup County""]","[""automotive_and_trade""]",company_context_only,0,0,6,0,0,0,0,2,2,False,False,companies/company_fc5db24fad4fb6564b0f2519.md
company_9c755b1461327a4d399720e7,Lark United Manufacturing Inc.,"[""gnem_row_9""]","[""Dublin, Johnson County""]","[""automotive_and_trade""]",company_context_only,0,0,1,0,0,0,0,2,2,False,False,companies/company_9c755b1461327a4d399720e7.md
company_1ccd8d549b6d5b76fe835826,Lear Corporation,"[""gnem_row_101""]","[""Hammond Industrial Park, Troup County""]","[""automotive_and_trade""]",company_tariff_response_or_opinion,0,3,4,0,0,0,0,2,2,False,False,companies/company_1ccd8d549b6d5b76fe835826.md
company_ccca310b7ffd19ccc338c019,Lehigh Technologies Inc.,"[""gnem_row_102""]","[""Tucker, Gwinnett County""]","[""automotive_and_trade""]",no_usable_company_evidence,0,0,0,0,0,0,0,2,2,False,False,companies/company_ccca310b7ffd19ccc338c019.md
company_007f5c302685153392ed0dc8,Linde + Wiemann,"[""gnem_row_103""]","[""Dublin, Laurens County""]","[""automotive_and_trade""]",company_context_only,0,0,2,0,0,0,0,2,2,False,False,companies/company_007f5c302685153392ed0dc8.md
company_f8508eb6bd1d98eac99aa886,Lund International Inc.,"[""gnem_row_25""]","[""Madison, Morgan County""]","[""automotive_and_trade""]",company_context_only,0,0,1,0,0,0,0,2,2,False,False,companies/company_f8508eb6bd1d98eac99aa886.md
company_41d9c60287871fc6c424af25,Lund International Inc./Ventshade Division,"[""gnem_row_105""]","[""Madison, Morgan County""]","[""automotive_and_trade""]",no_usable_company_evidence,0,0,0,0,0,0,0,2,2,False,False,companies/company_41d9c60287871fc6c424af25.md
company_b5ea19d5054e315d972744db,Lyle Industries Inc.,"[""gnem_row_106"", ""gnem_row_107""]","[""Dawsonville, Dawson County""]","[""automotive_and_trade""]",company_context_only,0,0,6,0,0,0,0,2,2,False,False,companies/company_b5ea19d5054e315d972744db.md
company_ef38ad6c248a16d5d72da55c,Mack Trucks,"[""gnem_row_28""]","[""Dublin, Lowndes County""]","[""automotive_and_trade""]",company_context_only,0,0,1,0,0,0,0,2,2,False,False,companies/company_ef38ad6c248a16d5d72da55c.md
company_6ad2cc466d4f49495289e32c,Magna International,"[""gnem_row_109""]","[""Carrollton, Carroll County""]","[""automotive_and_trade""]",source_reported_company_tariff_effect,2,1,0,2,1,0,2,2,2,False,False,companies/company_6ad2cc466d4f49495289e32c.md
company_74f4835a25a8890b2477e48b,Mando America Corp.,"[""gnem_row_29""]","[""Hogansville, Meriwether County""]","[""automotive_and_trade""]",company_context_only,0,0,1,0,0,0,0,2,2,False,False,companies/company_74f4835a25a8890b2477e48b.md
company_cc05f0fa42a8b67bc3fac107,Master Craft Engineering Inc.,"[""gnem_row_111""]","[""Lavonia, Franklin County""]","[""automotive_and_trade""]",no_usable_company_evidence,0,0,0,0,0,0,0,2,2,False,False,companies/company_cc05f0fa42a8b67bc3fac107.md
company_40f766afc78f2026929f2f25,MAT Heavy Duty,"[""gnem_row_38""]","[""Suwanee, Gwinnett County""]","[""automotive_and_trade""]",no_usable_company_evidence,0,0,0,0,0,0,0,2,2,False,False,companies/company_40f766afc78f2026929f2f25.md
company_04aa588dd09fd1f4ac08e185,Maxxis International USA,"[""gnem_row_113""]","[""Suwanee, Clayton County""]","[""automotive_and_trade""]",no_usable_company_evidence,0,0,0,0,0,0,0,2,2,False,False,companies/company_04aa588dd09fd1f4ac08e185.md
company_a4ae0b0d9a7850bda1de1dbe,Mercedes-Benz USA LLC,"[""gnem_row_41""]","[""Sandy Springs, Fulton County""]","[""automotive_and_trade""]",company_context_only,0,0,6,16,0,0,0,2,2,False,False,companies/company_a4ae0b0d9a7850bda1de1dbe.md
company_154339ddd87245d6b7e95ca5,Michelin Tread Technologies,"[""gnem_row_44""]","[""Lawrenceville, Gwinnett County""]","[""automotive_and_trade""]",group_context_only,0,0,0,5,0,0,0,2,2,False,False,companies/company_154339ddd87245d6b7e95ca5.md
company_d75ac400f676e94363abe01a,Milliken & Co./Valway Plant,"[""gnem_row_46""]","[""LaGrange, Troup County""]","[""automotive_and_trade""]",no_usable_company_evidence,0,0,0,0,0,0,0,2,2,False,False,companies/company_d75ac400f676e94363abe01a.md
company_d4ec137cd59e7e026abc774c,Minebea AccessSolutions USA Inc.,"[""gnem_row_117""]","[""Gainesville, Cobb County""]","[""automotive_and_trade""]",company_context_only,0,0,1,0,0,0,0,2,2,False,False,companies/company_d4ec137cd59e7e026abc774c.md
company_859f550089b8293c0ae121ed,Mobis Alabama LLC,"[""gnem_row_47""]","[""West Point, Troup County""]","[""automotive_and_trade""]",no_usable_company_evidence,0,0,0,0,0,0,0,2,2,False,False,companies/company_859f550089b8293c0ae121ed.md
company_10d15bbbe68ff2be14d6aec2,MollerTech LLC,"[""gnem_row_119""]","[""Dalton, Murray County""]","[""automotive_and_trade""]",no_usable_company_evidence,0,0,0,0,0,0,0,2,2,False,False,companies/company_10d15bbbe68ff2be14d6aec2.md
company_eede3852858fee3e71f33721,Morgan Corp.,"[""gnem_row_120""]","[""Lawrenceville, Gwinnett County""]","[""automotive_and_trade""]",company_context_only,0,0,2,0,0,3,0,2,2,False,False,companies/company_eede3852858fee3e71f33721.md
company_1586819e6c963998b5db83da,Murata Electronics North America Inc.,"[""gnem_row_58""]","[""Smyrna, Fulton County""]","[""automotive_and_trade""]",no_usable_company_evidence,0,0,0,0,0,0,0,2,2,False,False,companies/company_1586819e6c963998b5db83da.md
company_4744f7fd4e0e4f89f2f73b2a,Neaton Rome Inc.,"[""gnem_row_63""]","[""Rome, Cobb County""]","[""automotive_and_trade""]",no_usable_company_evidence,0,0,0,0,0,0,0,2,2,False,False,companies/company_4744f7fd4e0e4f89f2f73b2a.md
company_88a2081314267701955f6546,Nidec Elesys Americas Corp.,"[""gnem_row_123""]","[""Suwanee, Forsyth County""]","[""automotive_and_trade""]",group_context_only,0,0,0,5,0,0,0,2,2,False,False,companies/company_88a2081314267701955f6546.md
company_7849dc05e9630d0106497b00,NIFCO KTW America Corp.,"[""gnem_row_124""]","[""Toccoa, Franklin County""]","[""automotive_and_trade""]",company_context_only,0,0,1,0,0,0,0,2,2,False,False,companies/company_7849dc05e9630d0106497b00.md
company_8f5291e2a5a64e6a8f7f09e2,Nile Automotive,"[""gnem_row_125""]","[""Cumming, Forsyth County""]","[""automotive_and_trade""]",company_context_only,0,0,1,0,0,0,0,2,2,False,False,companies/company_8f5291e2a5a64e6a8f7f09e2.md
company_c511a92fcd95a7cc9a4a2c33,Nisshinbo Automotive Manufacturing Inc.,"[""gnem_row_126""]","[""Covington, Newton County""]","[""automotive_and_trade""]",no_usable_company_evidence,0,0,0,0,0,0,0,2,2,False,False,companies/company_c511a92fcd95a7cc9a4a2c33.md
company_620054e4e188e563c4920e21,Nivel Parts & Manufacturing Co. LLC,"[""gnem_row_127""]","[""Cairo, Grady County""]","[""automotive_and_trade""]",no_usable_company_evidence,0,0,0,0,0,0,0,2,2,False,False,companies/company_620054e4e188e563c4920e21.md
company_bcc838354309e862758a8371,Novelis Inc.,"[""gnem_row_65"", ""gnem_row_129"", ""gnem_row_130""]","[""Atlanta, Fulton County""]","[""automotive_and_trade""]",source_reported_company_tariff_effect,2,0,10,0,2,0,2,2,2,False,False,companies/company_bcc838354309e862758a8371.md
company_a51a3f8338d12ca01a577774,NVH Korea,"[""gnem_row_89""]","[""Locust Grove, Henry County""]","[""automotive_and_trade""]",no_usable_company_evidence,0,0,0,0,0,0,0,2,2,False,False,companies/company_a51a3f8338d12ca01a577774.md
company_a25ed74f86091489db686a03,Oneda Corp.,"[""gnem_row_91""]","[""Gainesville, Hall County""]","[""automotive_and_trade""]",no_usable_company_evidence,0,0,0,0,0,0,0,2,2,False,False,companies/company_a25ed74f86091489db686a03.md
company_bce2d26074c9cd4b0409dbc0,OTR Wheel Engineering Inc.,"[""gnem_row_133""]","[""Rome, Floyd County""]","[""automotive_and_trade""]",no_usable_company_evidence,0,0,0,0,0,0,0,2,2,False,False,companies/company_bce2d26074c9cd4b0409dbc0.md
company_b2519d425e8c787c3825d2b9,Paccar,"[""gnem_row_134""]","[""Morrow, Clayton County""]","[""automotive_and_trade""]",source_reported_company_tariff_effect,1,4,2,0,2,0,3,2,2,False,False,companies/company_b2519d425e8c787c3825d2b9.md
company_065f929c58de60436123306d,PAI Industries Inc.,"[""gnem_row_135""]","[""Mableton, Cobb County""]","[""automotive_and_trade""]",no_usable_company_evidence,0,0,0,0,0,0,0,2,2,False,False,companies/company_065f929c58de60436123306d.md
company_d0e4b3968ef99687d30dd1ba,Pak-Lite Inc.,"[""gnem_row_136""]","[""Suwanee, Gwinnett County""]","[""automotive_and_trade""]",no_usable_company_evidence,0,0,0,0,0,0,0,2,2,False,False,companies/company_d0e4b3968ef99687d30dd1ba.md
company_f4939036511c0ee9ade29b46,Panasonic Automotive Systems Co.,"[""gnem_row_137"", ""gnem_row_138""]","[""Peachtree City, Fayette County""]","[""automotive_and_trade""]",group_context_only,0,0,0,5,0,0,0,2,2,False,False,companies/company_f4939036511c0ee9ade29b46.md
company_abf2b48f96cf55c66c957e6e,Panduit Corp.,"[""gnem_row_139""]","[""Cumming, Forsyth County""]","[""automotive_and_trade""]",no_usable_company_evidence,0,0,0,0,0,0,0,2,2,False,False,companies/company_abf2b48f96cf55c66c957e6e.md
company_58e740dcd9f3598d25e1cf8c,Peerless-Winsmith Inc.,"[""gnem_row_140""]","[""Flowery Branch, Hall County""]","[""automotive_and_trade""]",no_usable_company_evidence,0,0,0,0,0,0,0,2,2,False,False,companies/company_58e740dcd9f3598d25e1cf8c.md
company_09088da4230e4aa9653a62b0,Perkins Small Engines LLC,"[""gnem_row_110""]","[""Griffin, Spalding County""]","[""automotive_and_trade""]",company_context_only,0,0,1,1,0,0,0,2,2,False,False,companies/company_09088da4230e4aa9653a62b0.md
company_3b08d60cda1e626125460263,Peterson Spring,"[""gnem_row_114""]","[""Athens, Clarke County""]","[""automotive_and_trade""]",company_context_only,0,0,1,7,0,0,0,2,2,False,False,companies/company_3b08d60cda1e626125460263.md
company_2d4ba2a74a409a97bbfe7442,Piedmont Automotive Products Inc.,"[""gnem_row_144""]","[""Clarkesville, Habersham County""]","[""automotive_and_trade""]",no_usable_company_evidence,0,0,0,0,0,0,0,2,2,False,False,companies/company_2d4ba2a74a409a97bbfe7442.md
company_f5609ab445df94a594136ba8,PIOLAX Corp.,"[""gnem_row_116""]","[""Canton, Cherokee County""]","[""automotive_and_trade""]",company_context_only,0,0,2,0,0,0,0,2,2,False,False,companies/company_f5609ab445df94a594136ba8.md
company_ca4c6bbbf98fac1857c252a1,Pirelli Tire North America LLC,"[""gnem_row_118""]","[""Albany, Dougherty County""]","[""automotive_and_trade""]",group_context_only,0,0,0,3,0,0,0,2,2,False,False,companies/company_ca4c6bbbf98fac1857c252a1.md
company_916426eb70ecce5624bfa654,Porsche Cars North America Inc.,"[""gnem_row_122""]","[""Atlanta, Fulton County""]","[""automotive_and_trade""]",group_context_only,0,0,0,7,0,0,0,2,2,False,False,companies/company_916426eb70ecce5624bfa654.md
company_d52e9e16bbe521b4e9847297,PPG Industries Inc.,"[""gnem_row_148""]","[""Calhoun, Whitfield County""]","[""automotive_and_trade""]",company_tariff_response_or_opinion,0,1,0,0,0,0,1,2,2,False,False,companies/company_d52e9e16bbe521b4e9847297.md
company_29f6309444ab2e1c3472c3a7,QSR Inc.,"[""gnem_row_150""]","[""LaGrange, Clayton County""]","[""automotive_and_trade""]",no_usable_company_evidence,0,0,0,0,0,0,0,2,2,False,False,companies/company_29f6309444ab2e1c3472c3a7.md
company_7dd0e30354ae58e70bc7f1ab,Racemark International LLC,"[""gnem_row_151""]","[""Gray, Jones County""]","[""automotive_and_trade""]",no_usable_company_evidence,0,0,0,0,0,0,0,2,2,False,False,companies/company_7dd0e30354ae58e70bc7f1ab.md
company_733f406bade7f8e2e5e1a4ac,RealTruck,"[""gnem_row_132""]","[""Peachtree City, Walker County""]","[""automotive_and_trade""]",company_context_only,0,0,1,0,0,0,0,2,2,False,False,companies/company_733f406bade7f8e2e5e1a4ac.md
company_bf47a285d281fa0f069e5d46,Rivian Automotive,"[""gnem_row_153""]","[""Atlanta, Fulton County""]","[""automotive_and_trade""]",company_context_only,0,0,1,4,0,0,0,2,2,False,False,companies/company_bf47a285d281fa0f069e5d46.md
company_12e67d5ae5db170e67a50b2e,Robert Bosch LLC,"[""gnem_row_145""]","[""Flowery Branch, Forsyth County""]","[""automotive_and_trade""]",company_context_only,0,0,1,1,0,0,0,2,2,False,False,companies/company_12e67d5ae5db170e67a50b2e.md
company_200ebe21e055e72509aa1abc,SAFT America Inc.,"[""gnem_row_155""]","[""Cataula, Harris County""]","[""automotive_and_trade""]",no_usable_company_evidence,0,0,0,0,0,0,0,2,2,False,False,companies/company_200ebe21e055e72509aa1abc.md
company_e9fd0ec8b547bf4492af2a45,Sejong Georgia LLC,"[""gnem_row_156""]","[""Jefferson, Barrow County""]","[""automotive_and_trade""]",company_context_only,0,0,2,0,0,0,0,2,2,False,False,companies/company_e9fd0ec8b547bf4492af2a45.md
company_07bdb7c1d1dbfa2bc94f0282,Seohan Auto USA,"[""gnem_row_157""]","[""LaGrange, Lamar County""]","[""automotive_and_trade""]",no_usable_company_evidence,0,0,0,0,0,0,0,2,2,False,False,companies/company_07bdb7c1d1dbfa2bc94f0282.md
company_c89f5b7a127c7ebb39ac7795,Seoyon E-HWA,"[""gnem_row_158""]","[""West Point, Troup County""]","[""automotive_and_trade""]",company_context_only,0,0,2,0,0,0,0,2,2,False,False,companies/company_c89f5b7a127c7ebb39ac7795.md
company_8888aef32079e2fde2def9b4,Seoyon E-Hwa Interior Systems,"[""gnem_row_159""]","[""West Point, Troup County""]","[""automotive_and_trade""]",no_usable_company_evidence,0,0,0,0,0,0,0,2,2,False,False,companies/company_8888aef32079e2fde2def9b4.md
company_a3f3c6917807f4d6e5d3818f,Sewon America Inc.,"[""gnem_row_149"", ""gnem_row_152"", ""gnem_row_162""]","[""LaGrange, Troup County""]","[""automotive_and_trade""]",company_context_only,0,0,4,0,0,0,0,2,2,False,False,companies/company_a3f3c6917807f4d6e5d3818f.md
company_0840ca72a880ea975df81150,SHIROKI North America Inc,"[""gnem_row_154""]","[""LaGrange, Clayton County""]","[""automotive_and_trade""]",no_usable_company_evidence,0,0,0,0,0,0,0,2,2,False,False,companies/company_0840ca72a880ea975df81150.md
company_8df8745aa77e1b6d38397a4e,SKF USA Inc.,"[""gnem_row_165""]","[""Ringgold, Catoosa County""]","[""automotive_and_trade""]",no_usable_company_evidence,0,0,0,0,0,0,0,2,2,False,False,companies/company_8df8745aa77e1b6d38397a4e.md
company_2703f483acb6cc525b6a7848,Solvay Specialty Polymers USA LLC,"[""gnem_row_160""]","[""Augusta, Elbert County""]","[""automotive_and_trade""]",company_context_only,0,0,4,0,0,0,0,2,2,False,False,companies/company_2703f483acb6cc525b6a7848.md
company_897a9db8aebed83bd2799b36,Southern Switches Corp.,"[""gnem_row_167""]","[""Dahlonega, Dawson County""]","[""automotive_and_trade""]",no_usable_company_evidence,0,0,0,0,0,0,0,2,2,False,False,companies/company_897a9db8aebed83bd2799b36.md
company_5851dbb8592edb520cc2ac87,SRG Global Inc.,"[""gnem_row_168""]","[""Covington, Newton County""]","[""automotive_and_trade""]",no_usable_company_evidence,0,0,0,0,0,0,0,2,2,False,False,companies/company_5851dbb8592edb520cc2ac87.md
company_01817ab985f63f3cc976a82f,Stryten Energy,"[""gnem_row_169""]","[""Alpharetta, Forsyth County""]","[""automotive_and_trade""]",no_usable_company_evidence,0,0,0,0,0,0,0,2,2,False,False,companies/company_01817ab985f63f3cc976a82f.md
company_705c975c0b21d509bfb29018,Suhner Manufacturing Corp.,"[""gnem_row_170""]","[""Rome, Floyd County""]","[""automotive_and_trade""]",no_usable_company_evidence,0,0,0,0,0,0,0,2,2,False,False,companies/company_705c975c0b21d509bfb29018.md
company_37a56bc9ae554661c98d2c5e,SungEel Recycling Park Georgia,"[""gnem_row_171""]","[""Duluth, Gwinnett County""]","[""automotive_and_trade"", ""batteries_and_minerals""]",no_usable_company_evidence,0,0,0,0,0,0,0,2,2,False,False,companies/company_37a56bc9ae554661c98d2c5e.md
company_f48a5d63b769d5a79766038c,Superior Essex Inc.,"[""gnem_row_172""]","[""Kennesaw, Cobb County""]","[""automotive_and_trade""]",no_usable_company_evidence,0,0,0,0,0,0,0,2,2,False,False,companies/company_f48a5d63b769d5a79766038c.md
company_a70d2f26955acf1b5a0306e6,Suzuki Manufacturing of America Corp.,"[""gnem_row_173""]","[""Rome, Cobb County""]","[""automotive_and_trade""]",no_usable_company_evidence,0,0,0,0,0,0,0,2,2,False,False,companies/company_a70d2f26955acf1b5a0306e6.md
company_1f5709cc554bb7b9bb9826bf,TCI Powder Coatings,"[""gnem_row_174""]","[""Ellaville, Schley County""]","[""automotive_and_trade""]",company_context_only,0,0,1,0,0,0,0,2,2,False,False,companies/company_1f5709cc554bb7b9bb9826bf.md
company_3e0686f60c22b008dd5a18cf,TDK Components USA Inc.,"[""gnem_row_175""]","[""Silver Creek, Floyd County""]","[""automotive_and_trade""]",no_usable_company_evidence,0,0,0,0,0,0,0,2,2,False,False,companies/company_3e0686f60c22b008dd5a18cf.md
company_aaa7f0307f6d78ed3a046f8c,TE Connectivity,"[""gnem_row_176""]","[""Kennesaw, Cobb County""]","[""automotive_and_trade""]",unverified_tariff_leads_only,0,0,0,0,1,0,0,2,2,False,False,companies/company_aaa7f0307f6d78ed3a046f8c.md
company_c6dcb308bcb598c09e54dacd,Teklas USA,"[""gnem_row_177""]","[""Calhoun, Gordon County""]","[""automotive_and_trade""]",company_context_only,0,0,1,0,0,0,0,2,2,False,False,companies/company_c6dcb308bcb598c09e54dacd.md
company_7941a108fa084dfe890ed1d8,Textron Specialized Vehicles,"[""gnem_row_178""]","[""Augusta, Richmond County""]","[""automotive_and_trade""]",company_tariff_response_or_opinion,0,2,0,1,0,0,2,2,2,False,False,companies/company_7941a108fa084dfe890ed1d8.md
company_102e1a25f7c6be28624dcef0,Thermal Ceramics Inc.,"[""gnem_row_179""]","[""Augusta, Columbia County""]","[""automotive_and_trade""]",company_context_only,0,0,1,0,0,0,0,2,2,False,False,companies/company_102e1a25f7c6be28624dcef0.md
company_2abed4e8267cf9012537b79e,Thomson Plastics Inc.,"[""gnem_row_180""]","[""Monroe, Walton County""]","[""automotive_and_trade""]",company_context_only,0,0,4,0,0,0,0,2,2,False,False,companies/company_2abed4e8267cf9012537b79e.md
company_6cbe93bbec566a18e6054681,TI Fluid Systems,"[""gnem_row_181"", ""gnem_row_182""]","[""Cartersville, Bartow County""]","[""automotive_and_trade""]",no_usable_company_evidence,0,0,0,0,0,0,0,2,2,False,False,companies/company_6cbe93bbec566a18e6054681.md
company_e0551e94478a46a41053fe4e,Tie Down Engineering,"[""gnem_row_183""]","[""Atlanta, Fulton County""]","[""automotive_and_trade""]",no_usable_company_evidence,0,0,0,0,0,0,0,2,2,False,False,companies/company_e0551e94478a46a41053fe4e.md
company_dfea087f5e2dd31c50e24164,TN Americas Holding Inc.,"[""gnem_row_184""]","[""Cumming, Forsyth County""]","[""automotive_and_trade""]",no_usable_company_evidence,0,0,0,0,0,0,0,2,2,False,False,companies/company_dfea087f5e2dd31c50e24164.md
company_caacbd2dc0461ed785c2c708,Toyota Industries Group (TACG-TICA),"[""gnem_row_185""]","[""Pendergrass, Hall County""]","[""automotive_and_trade""]",group_context_only,0,0,0,18,0,0,0,2,2,False,False,companies/company_caacbd2dc0461ed785c2c708.md
company_ee8dbbd4cf1c48979fcf0406,Trenton Pressing,"[""gnem_row_186""]","[""Trenton, Dade County""]","[""automotive_and_trade""]",company_context_only,0,0,2,0,0,0,0,2,2,False,False,companies/company_ee8dbbd4cf1c48979fcf0406.md
company_d6618350a3c99d906f0ee2c2,Trenton Pressing Inc.,"[""gnem_row_187""]","[""Trenton, Dade County""]","[""automotive_and_trade""]",company_context_only,0,0,2,0,0,0,0,2,2,False,False,companies/company_d6618350a3c99d906f0ee2c2.md
company_7150fb43251087a238bda4ce,Valeo,"[""gnem_row_188""]",[],"[""automotive_and_trade""]",company_tariff_response_or_opinion,0,1,6,0,0,0,0,2,2,False,False,companies/company_7150fb43251087a238bda4ce.md
company_596feb00112a7e34ae91ab24,Vanguard National Trailer Corp.,"[""gnem_row_189""]","[""Trenton, Dade County""]","[""automotive_and_trade""]",source_reported_company_tariff_effect,1,0,0,0,0,0,1,2,2,False,False,companies/company_596feb00112a7e34ae91ab24.md
company_2bc94a6bcf8d11a21a6cf4eb,Vernay,"[""gnem_row_190""]","[""Griffin, Spalding County""]","[""automotive_and_trade"", ""metals""]",no_usable_company_evidence,0,0,0,0,0,0,0,2,2,False,False,companies/company_2bc94a6bcf8d11a21a6cf4eb.md
company_b0f60975ef3d7167cafebe78,Vista Metals Corp.,"[""gnem_row_191""]","[""Adairsville, Bartow County""]","[""automotive_and_trade""]",no_usable_company_evidence,0,0,0,0,0,0,0,2,2,False,False,companies/company_b0f60975ef3d7167cafebe78.md
company_e8ba5621ee1abfc8fd4637ee,Voestalpine Automotive Body Parts Inc.,"[""gnem_row_192""]","[""Cartersville, Bartow County""]","[""automotive_and_trade""]",company_context_only,0,0,5,0,0,0,0,2,2,False,False,companies/company_e8ba5621ee1abfc8fd4637ee.md
company_1b71f48f9617b15b0e014979,Volvo Cars USA,"[""gnem_row_193""]",[],"[""automotive_and_trade""]",group_context_only,0,0,0,26,0,0,0,2,2,False,False,companies/company_1b71f48f9617b15b0e014979.md
company_7a96eea5ccf771c156845947,Volvo Group North America,"[""gnem_row_194""]",[],"[""metals""]",group_context_only,0,0,0,26,0,0,0,2,2,False,False,companies/company_7a96eea5ccf771c156845947.md
company_bac57d36c7250058fae99e10,Wabash National Corp.,"[""gnem_row_195""]","[""Ellenwood, Clayton County""]","[""automotive_and_trade""]",source_reported_company_tariff_effect,1,1,0,3,0,0,1,2,2,False,False,companies/company_bac57d36c7250058fae99e10.md
company_aacc5e2a4c9fc98b8e2f9d80,Wheelabrator Group Inc.,"[""gnem_row_196""]","[""LaGrange, Troup County""]","[""automotive_and_trade""]",no_usable_company_evidence,0,0,0,0,0,0,0,2,2,False,False,companies/company_aacc5e2a4c9fc98b8e2f9d80.md
company_3c67e220aad7d9c8ee1929f3,WIKA USA,"[""gnem_row_197""]","[""Lawrenceville, Gwinnett County""]","[""automotive_and_trade""]",no_usable_company_evidence,0,0,0,0,0,0,0,2,2,False,False,companies/company_3c67e220aad7d9c8ee1929f3.md
company_a61f2691b7ceb2228b2ccd4d,Woodbridge Foam Corp.,"[""gnem_row_198""]","[""Lithonia, Rockdale County""]","[""automotive_and_trade""]",no_usable_company_evidence,0,0,0,0,0,0,0,2,2,False,False,companies/company_a61f2691b7ceb2228b2ccd4d.md
company_aa1a5dfbbcb7e72c4fc98871,Woory Industrial Co.,"[""gnem_row_199""]","[""Dublin, Johnson County""]","[""automotive_and_trade""]",company_context_only,0,0,6,0,0,0,0,2,2,False,False,companies/company_aa1a5dfbbcb7e72c4fc98871.md
company_74bf2146c064be5012820c17,Yachiyo Manufacturing of America LLC,"[""gnem_row_200""]","[""Carrollton, Carroll County""]","[""automotive_and_trade""]",no_usable_company_evidence,0,0,0,0,0,0,0,2,2,False,False,companies/company_74bf2146c064be5012820c17.md
company_3bfce136e09e64002bf1582c,Yamaha Motor Manufacturing Corp.,"[""gnem_row_201""]","[""Newnan, Coweta County""]","[""automotive_and_trade""]",company_context_only,0,0,3,4,0,0,0,2,2,False,False,companies/company_3bfce136e09e64002bf1582c.md
company_efe9bd3c5d9ae8c0879f1258,Yazaki North America,"[""gnem_row_202""]","[""Griffin, Spalding County""]","[""automotive_and_trade""]",no_usable_company_evidence,0,0,0,0,0,0,0,2,2,False,False,companies/company_efe9bd3c5d9ae8c0879f1258.md
company_df83f1d388dc1cf299de32ec,YKK USA Inc.,"[""gnem_row_203""]","[""Marietta, Cobb County""]","[""automotive_and_trade""]",no_usable_company_evidence,0,0,0,0,0,0,0,2,2,False,False,companies/company_df83f1d388dc1cf299de32ec.md
company_8d222dd0a0807029704fdce6,ZF Gainesville LLC,"[""gnem_row_204"", ""gnem_row_205"", ""gnem_row_206""]","[""Gainesville, Hall County""]","[""automotive_and_trade""]",no_usable_company_evidence,0,0,0,0,0,0,0,2,2,False,False,companies/company_8d222dd0a0807029704fdce6.md
