company_id,company_name,search_aliases,seed_row_ids,seed_locations,seed_products,seed_industries,identity_verified,facility_exposure_verified,sector_hints,southeast_georgia_seed_hint
company_fdd3fe73423e13e3b595140c,Ajin Georgia,"[""Ajin Georgia"", ""ajin georgia""]","[""gnem_row_62""]","[""Register, Bulloch County""]","[""Automobile floor coverings""]","[""Textile Products""]",False,False,"[""automotive_and_trade""]",True
company_1a42c8704adcaf70bd49cb78,Aspen Aerogels,"[""Aspen Aerogels"", ""aspen aerogels""]","[""gnem_row_13""]","[""Statesboro, Bulloch County""]","[""Gaskets, plastic precision moldings, oil seals and valve steam seals""]","[""Rubber and Miscellaneous Plastic Products""]",False,False,"[""automotive_and_trade""]",True
company_c637266c7de19e629af5b867,DaeChang Seat Company,"[""DaeChang Seat Company"", ""daechang seat""]","[""gnem_row_66""]","[""Savannah, Chatham County""]","[""Foam products for the automotive industry""]","[""Rubber and Miscellaneous Plastic Products""]",False,False,"[""automotive_and_trade""]",True
company_2c4b6344bfab2e8f192bfba9,Ecoplastic America Corporation,"[""Ecoplastic America Corporation"", ""ecoplastic america""]","[""gnem_row_42""]","[""Register, Bulloch County""]","[""Aluminum sheet for automotive bodies""]","[""Primary Metal Industries""]",False,False,"[""automotive_and_trade"", ""metals""]",True
company_79ae9d99f72979a1c1261010,Ecoplastic Corporation,"[""Ecoplastic Corporation"", ""ecoplastic""]","[""gnem_row_51""]","[""Statesboro, Bulloch County""]","[""Flexible shafts for automotive transmissions""]","[""Primary Metal Industries""]",False,False,"[""automotive_and_trade"", ""metals""]",True
company_c01c638d33df890a6b51cd0c,Elan Technology Inc.,"[""Elan Technology Inc."", ""elan technology""]","[""gnem_row_49""]","[""Midway, Bryan County""]","[""Single and multimode fiber cables""]","[""Primary Metal Industries""]",False,False,"[""automotive_and_trade"", ""metals""]",True
company_90ce15ff13f865cb62749afb,GLOVIS Georgia LLC,"[""GLOVIS Georgia LLC"", ""glovis georgia""]","[""gnem_row_83""]","[""Savannah, Bryan County""]","[""Metal parts and subassemblies for the automotive industry""]","[""Fabricated Metal Products""]",False,False,"[""automotive_and_trade"", ""metals""]",True
company_87068da9d6a4b546bd557609,Great Dane LP,"[""Great Dane LP"", ""great dane""]","[""gnem_row_141""]","[""Savannah, Chatham County""]","[""Precision metal stamping""]","[""Fabricated Metal Products""]",False,False,"[""automotive_and_trade"", ""metals""]",True
company_da9706f4b8d8a7c81d035528,Great Dane Trailers,"[""Great Dane Trailers"", ""great dane trailers""]","[""gnem_row_147""]","[""Savannah, Chatham County""]","[""Metal stampings and forklifts""]","[""Fabricated Metal Products""]",False,False,"[""automotive_and_trade"", ""metals""]",True
company_c04f33ffc5921844cc767a0a,Hyundai & LG Energy Solution (LGES),"[""Hyundai & LG Energy Solution (LGES)"", ""hyundai lg energy solution lges""]","[""gnem_row_81""]","[""Ellabell, Forsyth County""]","[""Storage batteries""]","[""Electronic and Other Electrical Equipment and Components""]",False,False,"[""batteries_and_minerals"", ""displays"", ""pcbs_and_electronics""]",True
company_9c033fbbbe5dd968878b7417,Hyundai Industrial Co.,"[""Hyundai Industrial Co."", ""hyundai industrial""]","[""gnem_row_94""]","[""Ellabell, Lowndes County""]","[""Automotive batteries""]","[""Electronic and Other Electrical Equipment and Components""]",False,False,"[""displays"", ""pcbs_and_electronics""]",True
company_2b21c38fbded6ea1b5538a75,Hyundai Motor Group,"[""Hyundai Motor Group"", ""hyundai motor group""]","[""gnem_row_84""]","[""Ellabell, Bryan County""]","[""Battery parts for electric vehicles""]","[""Electronic and Other Electrical Equipment and Components""]",False,False,"[""displays"", ""pcbs_and_electronics""]",True
company_2fc6813eb9f41f003204ef69,PHA Body Systems LLC,"[""PHA Body Systems LLC"", ""pha body systems""]","[""gnem_row_143""]","[""Bloomingdale, Bryan County""]","[""Plastic fuel tanks and sunroofs""]","[""Transportation Equipment""]",False,False,"[""automotive_and_trade""]",True
company_3d4d0f99f4974152e5c9657d,Propex Operating Co. LLC,"[""Propex Operating Co. LLC"", ""propex operating""]","[""gnem_row_128""]","[""Pooler, Bryan County""]","[""Ventvisors, hood shields, floor mats, automotive accessories""]","[""Transportation Equipment""]",False,False,"[""automotive_and_trade""]",True
company_2ca807a86c0a7e4aeb4ae014,SK Battery America,"[""SK Battery America"", ""sk battery america""]","[""gnem_row_164""]","[""Ellabell, Bryan County""]","[""Engineered steel systems mounted in motor vehicles""]","[""Transportation Equipment""]",False,False,"[""automotive_and_trade"", ""batteries_and_minerals""]",True
company_56947b6791bbd3d8817d1869,ACM Georgia LLC,"[""ACM Georgia LLC"", ""acm georgia""]","[""gnem_row_8""]","[""Warrenton, Warren County""]","[""Automotive floor mats made of purchased wire""]","[""Textile Products""]",False,False,"[""automotive_and_trade""]",False
company_39f85ab24943ff1c43fdb019,Adient,"[""Adient"", ""adient""]","[""gnem_row_45""]","[""West Point, Harris County""]","[""Backing for automotive carpets and other auto related applications""]","[""Textile Products""]",False,False,"[""automotive_and_trade""]",False
company_a1d2f17b3360077e6922a03d,ADVICS Manufacturing Georgia LLC,"[""ADVICS Manufacturing Georgia LLC"", ""advics manufacturing georgia""]","[""gnem_row_57""]","[""LaGrange, Troup County""]","[""Air bags, tire cording, performance related products""]","[""Textile Products""]",False,False,"[""automotive_and_trade""]",False
company_5d6710bbebca17301582eef6,ALBAform Inc.,"[""ALBAform Inc."", ""albaform""]","[""gnem_row_67""]","[""Flowery Branch, Forsyth County""]","[""Floor mats, trunk mats, seat covers and seat vests""]","[""Textile Products""]",False,False,"[""automotive_and_trade""]",False
company_105d9963b102a6ae236572eb,Anovion Technologies,"[""Anovion Technologies"", ""anovion technologies""]","[""gnem_row_95""]","[""Bainbridge, Decatur County""]","[""Molded floor covering, interior trim, floor mats""]","[""Textile Products""]",False,False,"[""automotive_and_trade"", ""batteries_and_minerals""]",False
company_2e20e495efaa524f3c7b4c3a,Apache Mills Inc.,"[""Apache Mills Inc."", ""apache mills""]","[""gnem_row_64""]","[""Calhoun, Forsyth County""]","[""Engine filtration papers""]","[""Paper and Allied Products""]",False,False,"[""automotive_and_trade""]",False
company_8102602c2cf120a2e06de532,Archer Aviation Inc.,"[""Archer Aviation Inc."", ""archer aviation""]","[""gnem_row_40""]","[""Covington, Morgan County""]","[""Powder coatings for automotive and other industries""]","[""Chemicals and Allied Products""]",False,False,"[""automotive_and_trade""]",False
company_2c8b7f05b5f09138866667d6,Arising Industries Inc.,"[""Arising Industries Inc."", ""arising industries""]","[""gnem_row_6"", ""gnem_row_112""]","[""Norcross, Gwinnett County""]","[""Automotive and aircraft tires"", ""Rubber powders for tires""]","[""Rubber and Miscellaneous Plastic Products"", ""Chemicals and Allied Products""]",False,False,"[""automotive_and_trade""]",False
company_36bb5b7f923c6cc0642f4aca,Ascend Elements,"[""Ascend Elements"", ""ascend elements""]","[""gnem_row_12""]","[""Covington, Henry County""]","[""Interior and exterior plastic parts""]","[""Rubber and Miscellaneous Plastic Products""]",False,False,"[""automotive_and_trade"", ""batteries_and_minerals""]",False
company_42975cd2568a7dcbeb7cbd98,Aurubis,"[""Aurubis"", ""aurubis""]","[""gnem_row_14""]","[""Augusta, Burke County""]","[""Automotive interior plastic parts, door trim""]","[""Rubber and Miscellaneous Plastic Products""]",False,False,"[""automotive_and_trade""]",False
company_af625009d15eb10609433c7a,AVS,"[""AVS"", ""avs""]","[""gnem_row_17""]","[""Alpharetta, Forsyth County""]","[""Tires for light trucks, SUVs and commercial vehicles""]","[""Rubber and Miscellaneous Plastic Products""]",False,False,"[""automotive_and_trade""]",False
company_c7297d0309518878c6b970e8,Beaver Manufacturing Co. Inc.,"[""Beaver Manufacturing Co. Inc."", ""beaver manufacturing""]","[""gnem_row_16""]","[""Mansfield, Newton County""]","[""Plastic valves""]","[""Rubber and Miscellaneous Plastic Products""]",False,False,"[""automotive_and_trade""]",False
company_17d2a2419c972bbfbd0d3c66,Big Tex Trailer Manufacturing Inc.,"[""Big Tex Trailer Manufacturing Inc."", ""big tex trailer manufacturing""]","[""gnem_row_30""]","[""Loganville, Gwinnett County""]","[""Tires for light trucks, SUVs and commercial vehicles""]","[""Rubber and Miscellaneous Plastic Products""]",False,False,"[""automotive_and_trade""]",False
company_7401d56b17c5cd19433e6b12,Blue Bird Corp.,"[""Blue Bird Corp."", ""blue bird""]","[""gnem_row_18""]","[""Fort Valley, Peach County""]","[""Plastic interior assemblies for the auto industry""]","[""Rubber and Miscellaneous Plastic Products""]",False,False,"[""automotive_and_trade""]",False
company_22670a5f0b194d8bd2c5eb74,Blue Ridge Manufacturing,"[""Blue Ridge Manufacturing"", ""blue ridge manufacturing""]","[""gnem_row_19""]","[""Blue Ridge, Union County""]","[""Plastic and metal fasteners and precision strings for automotive industry""]","[""Rubber and Miscellaneous Plastic Products""]",False,False,"[""automotive_and_trade""]",False
company_d34cd4f09e41e0c33dd7091f,Bonnell Aluminum,"[""Bonnell Aluminum"", ""bonnell aluminum""]","[""gnem_row_33""]","[""Newnan, Coweta County""]","[""Rubber oil seals""]","[""Rubber and Miscellaneous Plastic Products""]",False,False,"[""automotive_and_trade""]",False
company_c5335f42ecc83c2a03899ecb,Boogook Industries,"[""Boogook Industries"", ""boogook industries""]","[""gnem_row_21""]","[""Macon, Twiggs County""]","[""Plastic injection gear wheels""]","[""Rubber and Miscellaneous Plastic Products""]",False,False,"[""automotive_and_trade""]",False
company_0d0c7e1f704d4df061e129a4,Bosal Industries Georgia,"[""Bosal Industries Georgia"", ""bosal industries georgia""]","[""gnem_row_34""]","[""Lavonia, Franklin County""]","[""Tires for cars, trucks and motorcycles""]","[""Rubber and Miscellaneous Plastic Products""]",False,False,"[""automotive_and_trade""]",False
company_c5fcc97bfb2974073676415c,Bosch (Automotive Division),"[""Bosch (Automotive Division)"", ""bosch automotive division""]","[""gnem_row_23""]","[""Toccoa, Franklin County""]","[""Custom injection molded plastic products for the automotive industry and other industries""]","[""Rubber and Miscellaneous Plastic Products""]",False,False,"[""automotive_and_trade""]",False
company_ae431317033c698ebc8dbdc9,Bridgestone Bandag,"[""Bridgestone Bandag"", ""bridgestone bandag""]","[""gnem_row_24""]","[""Griffin, Spalding County""]","[""Composite materials and specialty polymers for automotive components""]","[""Rubber and Miscellaneous Plastic Products""]",False,False,"[""automotive_and_trade""]",False
company_554a225e8185b55b8a0a41bd,Carcoustics USA,"[""Carcoustics USA"", ""carcoustics usa""]","[""gnem_row_39""]","[""Buford, Forsyth County""]","[""Tires for light trucks, SUVs and commercial vehicles""]","[""Rubber and Miscellaneous Plastic Products""]",False,False,"[""automotive_and_trade""]",False
company_9f7649ab93e553fce03a0293,Club Car LLC,"[""Club Car LLC"", ""club car""]","[""gnem_row_26""]","[""Evans, Columbia County""]","[""Injection molded plastic automotive parts""]","[""Rubber and Miscellaneous Plastic Products""]",False,False,"[""automotive_and_trade""]",False
company_80c510ece7aa44948187d533,Constellium Automotive USA,"[""Constellium Automotive USA"", ""constellium automotive usa""]","[""gnem_row_27""]","[""Cartersville, Bartow County""]","[""Motor vehicle plastic fuel systems and parts""]","[""Rubber and Miscellaneous Plastic Products""]",False,False,"[""automotive_and_trade""]",False
company_fc7c935e96c630b5d97e68a4,Continental Automotive,"[""Continental Automotive"", ""continental automotive""]","[""gnem_row_50""]","[""Fairburn, Fayette County""]","[""Rubber silicone molded components for medical, automotive, and industrial use""]","[""Rubber and Miscellaneous Plastic Products""]",False,False,"[""automotive_and_trade""]",False
company_9e5f148c5a229152f328fcb1,Continental Tire the Americas LLC,"[""Continental Tire the Americas LLC"", ""continental tire the americas""]","[""gnem_row_60""]","[""Barnesville, Lamar County""]","[""Automotive gaskets and parts, protective film applications""]","[""Rubber and Miscellaneous Plastic Products""]",False,False,"[""automotive_and_trade""]",False
company_85bc0be08bc4340515f23feb,DAEHAN Solution Georgia LLC,"[""DAEHAN Solution Georgia LLC"", ""daehan solution georgia""]","[""gnem_row_31""]","[""Covington, Henry County""]","[""Chemically treated industrial yarns Rubber compounds for tires, mining conveyor belts, automotive floor mats, and windshield wiper blades""]","[""Rubber and Miscellaneous Plastic Products""]",False,False,"[""automotive_and_trade""]",False
company_95301b2e6722331d5c2f845b,Daesol Ausys,"[""Daesol Ausys"", ""daesol ausys""]","[""gnem_row_32""]","[""Smyrna, Cobb County""]","[""High-precision engineered plastic products for the automotive industry""]","[""Rubber and Miscellaneous Plastic Products""]",False,False,"[""automotive_and_trade""]",False
company_afab7be1621b5bafcfb7f0b4,"Daesol Material Georgia, LLC","[""Daesol Material Georgia, LLC"", ""daesol material georgia""]","[""gnem_row_82""]","[""Duluth, Gwinnett County""]","[""Tires""]","[""Rubber and Miscellaneous Plastic Products""]",False,False,"[""automotive_and_trade""]",False
company_8d42c7988edcfa40dca2f234,Daimler Truck North America,"[""Daimler Truck North America"", ""daimler truck north america""]","[""gnem_row_86""]","[""Covington, Henry County""]","[""Pre-molded tire treads""]","[""Rubber and Miscellaneous Plastic Products""]",False,False,"[""automotive_and_trade""]",False
company_0493452f9eb077afb0f244bd,DAS Corp.,"[""DAS Corp."", ""das""]","[""gnem_row_35""]","[""Metter, Emanuel County""]","[""Automotive plastic coatings""]","[""Rubber and Miscellaneous Plastic Products""]",False,False,"[""automotive_and_trade""]",False
company_90866fc8cf495eea5d2f62ee,Decostar Industries,"[""Decostar Industries"", ""decostar industries""]","[""gnem_row_104""]","[""Buchanan, Polk County""]","[""Black and color elastomeric compounding""]","[""Rubber and Miscellaneous Plastic Products""]",False,False,"[""automotive_and_trade""]",False
company_a67cb8fe187afc2e4991e639,DeKalb Tool & Die Inc.,"[""DeKalb Tool & Die Inc."", ""dekalb tool die""]","[""gnem_row_115""]","[""Tucker, Gwinnett County""]","[""Truck interior cab components and exterior lights to HVAC and under the hood engine parts""]","[""Rubber and Miscellaneous Plastic Products""]",False,False,"[""automotive_and_trade""]",False
company_15be2d53cdedc8bb7d9f1da8,Denkai America,"[""Denkai America"", ""denkai america""]","[""gnem_row_161""]","[""Augusta, Richmond County""]","[""Custom injection molded components for the automotive industry""]","[""Rubber and Miscellaneous Plastic Products""]",False,False,"[""automotive_and_trade""]",False
company_5b628ee8f4aa57a92808347b,Denso Manufacturing Georgia,"[""Denso Manufacturing Georgia"", ""denso manufacturing georgia""]","[""gnem_row_71""]","[""Pendergrass, Hall County""]","[""Custom-designed shot peening and surface preparation surfaces""]","[""Stone, Clay, Glass and Concrete Products""]",False,False,"[""automotive_and_trade""]",False
company_89c7fb4ea40a16de2124266e,Die-Tech Industries Inc.,"[""Die-Tech Industries Inc."", ""die tech industries""]","[""gnem_row_142""]","[""Carrollton, Carroll County""]","[""Glass, ceramics and glass ceramic composites""]","[""Stone, Clay, Glass and Concrete Products""]",False,False,"[""automotive_and_trade""]",False
company_8c24996dab6424ef3a7a1d2c,Dinex Emissions Inc.,"[""Dinex Emissions Inc."", ""dinex emissions""]","[""gnem_row_7""]","[""Dublin, Johnson County""]","[""Aluminum sheet for automotive bodies""]","[""Primary Metal Industries""]",False,False,"[""automotive_and_trade"", ""metals""]",False
company_e4034603e2ef1f2c82e9bef8,Dongwon Autopart Technology Georgia LLC,"[""Dongwon Autopart Technology Georgia LLC"", ""dongwon autopart technology georgia""]","[""gnem_row_15""]","[""Hogansville, Meriwether County""]","[""Aluminum extrusions""]","[""Primary Metal Industries""]",False,False,"[""automotive_and_trade"", ""metals""]",False
company_9ddeeb9ac201aee6620312ef,Dorsett Industries Inc.,"[""Dorsett Industries Inc."", ""dorsett industries""]","[""gnem_row_20""]","[""Dalton, Whitfield County""]","[""Aluminum extrusions""]","[""Primary Metal Industries""]",False,False,"[""automotive_and_trade"", ""metals""]",False
company_2a4a597f72ccf38caccb9442,Down 2 Earth Trailers,"[""Down 2 Earth Trailers"", ""down 2 earth trailers""]","[""gnem_row_22""]","[""Baxley, Appling County""]","[""Standard and custom aluminum-lithium products for automotive customers""]","[""Primary Metal Industries""]",False,False,"[""automotive_and_trade"", ""metals""]",False
company_5dcbbc145bf0d5ed726febae,Duckyang,"[""Duckyang"", ""duckyang""]","[""gnem_row_36""]","[""Braselton, Hall County""]","[""High-quality electrodeposited (ED) copper foil for electric vehicles""]","[""Primary Metal Industries""]",False,False,"[""automotive_and_trade"", ""metals""]",False
company_c1c4fd592ddbedf564507b8b,Eaton Corp.,"[""Eaton Corp."", ""eaton""]","[""gnem_row_37""]","[""Athens, Clarke County""]","[""Aluminum products for various markets including automotive market""]","[""Primary Metal Industries""]",False,False,"[""automotive_and_trade"", ""metals""]",False
company_23ebfd09d6c7f37b2dc25904,Enchem America Inc.,"[""Enchem America Inc."", ""enchem america""]","[""gnem_row_52""]","[""Commerce, Jackson County""]","[""Electric wiring components""]","[""Primary Metal Industries""]",False,False,"[""automotive_and_trade"", ""batteries_and_minerals"", ""metals""]",False
company_2433d9dc53f48bd785fdde67,Enplas USA Inc.,"[""Enplas USA Inc."", ""enplas usa""]","[""gnem_row_59""]","[""Marietta, Cobb County""]","[""Recycler of lithium ion batteries""]","[""Primary Metal Industries""]",False,False,"[""automotive_and_trade"", ""metals""]",False
company_39deb7adc0f95475d16ebb1b,Erdrich USA Inc.,"[""Erdrich USA Inc."", ""erdrich usa""]","[""gnem_row_68""]","[""Dublin, Laurens County""]","[""Aluminum sheet for automotive bodies""]","[""Primary Metal Industries""]",False,False,"[""automotive_and_trade"", ""metals""]",False
company_8b600a968a9e1e7afd1f6cb1,EVCO Plastics,"[""EVCO Plastics"", ""evco plastics""]","[""gnem_row_53""]","[""Calhoun, Gordon County""]","[""Recycler of copper, precious metals, and non-ferrous materials""]","[""Primary Metal Industries""]",False,False,"[""automotive_and_trade"", ""metals""]",False
company_72b49d856cf0c4ec907d8a5c,F&P Georgia Manufacturing,"[""F&P Georgia Manufacturing"", ""f p georgia manufacturing""]","[""gnem_row_54""]","[""Rome, Floyd County""]","[""Lithium-ion battery recycler and raw materials provider""]","[""Primary Metal Industries""]",False,False,"[""automotive_and_trade"", ""metals""]",False
company_16cfdd7795f2585f3782e10a,Fanello Industries Inc.,"[""Fanello Industries Inc."", ""fanello industries""]","[""gnem_row_55""]","[""Lavonia, Franklin County""]","[""Chrome and stainless steel balls""]","[""Primary Metal Industries""]",False,False,"[""automotive_and_trade"", ""metals""]",False
company_dd47a3941fa7ff93d27cfe5d,First American Resources,"[""First American Resources"", ""first american resources""]","[""gnem_row_56""]","[""Mableton, Cobb County""]","[""Honeycomb material""]","[""Primary Metal Industries""]",False,False,"[""automotive_and_trade"", ""metals""]",False
company_5fd1cdbb7f4fedfb0fc5ec73,Flambeau Inc.,"[""Flambeau Inc."", ""flambeau""]","[""gnem_row_5""]","[""Madison, Morgan County""]","[""Door locks, ignition locks, side mirrors and door handles""]","[""Fabricated Metal Products""]",False,False,"[""automotive_and_trade"", ""metals""]",False
company_db84bb9d505096e9f1ac05ff,Fouts Brothers Fire Equipment,"[""Fouts Brothers Fire Equipment"", ""fouts brothers fire equipment""]","[""gnem_row_11""]","[""Milledgeville, Baldwin County""]","[""Automotive body parts and electronics Cylinder-head and specialty gaskets, housing modules and shielding systems for engines, transmissions, exhaust systems and auxiliary units""]","[""Fabricated Metal Products""]",False,False,"[""automotive_and_trade"", ""metals""]",False
company_b77873acd655b85203123334,FOX Factory,"[""FOX Factory"", ""fox factory""]","[""gnem_row_10""]","[""Duluth, Gwinnett County""]","[""Chrome plated automotive parts""]","[""Fabricated Metal Products""]",False,False,"[""automotive_and_trade"", ""metals""]",False
company_95499c81d98267ad7ee60c61,Freudenberg-NOK,"[""Freudenberg-NOK"", ""freudenberg nok""]","[""gnem_row_48"", ""gnem_row_61""]","[""LaGrange, Troup County""]","[""Brake components"", ""Stamped blanks Flexible metal hoses for exhaust systems, thermal compensators, among other automotive""]","[""Fabricated Metal Products""]",False,False,"[""automotive_and_trade"", ""metals""]",False
company_0f47bea73e79482f99163b3b,FREYR Battery,"[""FREYR Battery"", ""freyr battery""]","[""gnem_row_69""]","[""Atlanta, Cobb County""]","[""Decorative and functional coating systems""]","[""Fabricated Metal Products""]",False,False,"[""automotive_and_trade"", ""batteries_and_minerals"", ""metals""]",False
company_4cf9aea6b8343b258d83e9d6,GEDIA Georgia LLC,"[""GEDIA Georgia LLC"", ""gedia georgia""]","[""gnem_row_74""]","[""Dalton, Cobb County""]","[""Automotive stampings""]","[""Fabricated Metal Products""]",False,False,"[""automotive_and_trade"", ""metals""]",False
company_1397e4a3a1b21417765afda3,Global Powertrain Systems LLC,"[""Global Powertrain Systems LLC"", ""global powertrain systems""]","[""gnem_row_75""]","[""Jefferson, Jackson County""]","[""Motor vehicle brake systems and parts Fabricates metal products, including coated coils, metal wall and roof systems and aluminum recreational vehicle doors""]","[""Fabricated Metal Products""]",False,False,"[""automotive_and_trade"", ""metals""]",False
company_b7b4dc548795424b83c672ad,Goodyear Tire & Rubber Co.,"[""Goodyear Tire & Rubber Co."", ""goodyear tire rubber""]","[""gnem_row_108""]","[""Atlanta, Clayton County""]","[""Coiled and flat springs for power train, chassis and body applications""]","[""Fabricated Metal Products""]",False,False,"[""automotive_and_trade"", ""metals""]",False
company_284da82fa1a5d254a086d112,Grudem,"[""Grudem"", ""grudem""]","[""gnem_row_4""]","[""Gainesville, Hall County""]","[""Sensors for mobile hydraulic applications""]","[""Machinery Except Electrical""]",False,False,"[""automotive_and_trade""]",False
company_62439ed88b20d99762107a5c,GSC Steel Stamping LLC,"[""GSC Steel Stamping LLC"", ""gsc steel stamping""]","[""gnem_row_70""]","[""Adairsville, Bartow County""]","[""Deep grove ball bearings Toyota Industries Electric Systems North 255 DC-to-DC converters Jackson America, Inc.*""]","[""Machinery Except Electrical""]",False,False,"[""automotive_and_trade""]",False
company_cd5434e61fd91cb82ebf56cf,Haering Precision USA LP,"[""Haering Precision USA LP"", ""haering precision usa""]","[""gnem_row_43"", ""gnem_row_72""]","[""Buford, Hall County""]","[""Tools and dies for automotive industry"", ""Ball and roller bearings Hydraulic, plate, diaphragm and centrifugal clutches, metal retainers, plastic retainers, stamped inner and outer rings and modular units""]","[""Machinery Except Electrical""]",False,False,"[""automotive_and_trade""]",False
company_2f674205f91f09171f99b95d,Hanon Systems USA LLC,"[""Hanon Systems USA LLC"", ""hanon systems usa""]","[""gnem_row_73""]","[""Shorter, Spalding County""]","[""Internal combustion engines""]","[""Machinery Except Electrical""]",False,False,"[""automotive_and_trade""]",False
company_83738a1fb07cdd4d4438490b,HELLA Automotive Sales Inc.,"[""HELLA Automotive Sales Inc."", ""hella automotive sales""]","[""gnem_row_121""]","[""Atlanta, Cobb County""]","[""Speed changers and drives""]","[""Machinery Except Electrical""]",False,False,"[""automotive_and_trade""]",False
company_c07c982df0d492aa3945a40c,HEXPOL Compounding Corp.,"[""HEXPOL Compounding Corp."", ""hexpol compounding""]","[""gnem_row_163""]","[""Griffin, Spalding County""]","[""Automotive and commercial stampings; metalworking dies""]","[""Machinery Except Electrical""]",False,False,"[""automotive_and_trade""]",False
company_09c2e352043905f0b725491b,Hitachi Astemo,"[""Hitachi Astemo"", ""hitachi astemo""]","[""gnem_row_76""]","[""Shorter, Fayette County""]","[""Car audio systems""]","[""Electronic and Other Electrical Equipment and Components""]",False,False,"[""displays"", ""pcbs_and_electronics""]",False
company_857a53c98c8af0ccf25cdd3a,Hitachi Astemo Americas Inc.,"[""Hitachi Astemo Americas Inc."", ""hitachi astemo americas""]","[""gnem_row_77""]","[""Shorter, Coweta County""]","[""Battery cells for electric mobility""]","[""Electronic and Other Electrical Equipment and Components""]",False,False,"[""displays"", ""pcbs_and_electronics""]",False
company_1a995c929c9b6b4f4eafd428,Hollingsworth & Vose Co.,"[""Hollingsworth & Vose Co."", ""hollingsworth vose""]","[""gnem_row_78""]","[""Hawkinsville, Bleckley County""]","[""Lithium-ion battery materials""]","[""Electronic and Other Electrical Equipment and Components""]",False,False,"[""displays"", ""pcbs_and_electronics""]",False
company_19c065ceff1df6bfa321c147,Honda Development & Manufacturing,"[""Honda Development & Manufacturing"", ""honda development manufacturing""]","[""gnem_row_79""]","[""Tallapoosa, Cherokee County""]","[""Battery cells for electric mobility""]","[""Electronic and Other Electrical Equipment and Components""]",False,False,"[""displays"", ""pcbs_and_electronics""]",False
company_26beff672f7c2515d668d5a8,Hwashin,"[""Hwashin"", ""hwashin""]","[""gnem_row_80""]","[""LaGrange, Carroll County""]","[""Modules and storage systems""]","[""Electronic and Other Electrical Equipment and Components""]",False,False,"[""displays"", ""pcbs_and_electronics""]",False
company_c616bc37ca5f1ed57590e3c9,Hyundai MOBIS (Georgia),"[""Hyundai MOBIS (Georgia)"", ""hyundai mobis georgia""]","[""gnem_row_100""]","[""West Point, Troup County""]","[""Capacitors, electronic automotive components""]","[""Electronic and Other Electrical Equipment and Components""]",False,False,"[""displays"", ""pcbs_and_electronics""]",False
company_a5d8748e8f29ace38fb5e117,Hyundai Transys Georgia Powertrain,"[""Hyundai Transys Georgia Powertrain"", ""hyundai transys georgia powertrain""]","[""gnem_row_85""]","[""West Point, Troup County""]","[""Electrical heaters, control units, and actuators""]","[""Electronic and Other Electrical Equipment and Components""]",False,False,"[""displays"", ""pcbs_and_electronics""]",False
company_127cc1bfd36760f9a2c064cc,Hyundai Transys Georgia Seating Systems,"[""Hyundai Transys Georgia Seating Systems"", ""hyundai transys georgia seating systems""]","[""gnem_row_131""]","[""West Point, Troup County""]","[""Automotive electronics, resonators, capacitors, resistors, electronics and electronic parts""]","[""Electronic and Other Electrical Equipment and Components""]",False,False,"[""displays"", ""pcbs_and_electronics""]",False
company_b1eb8328a45bb51000d1ecaa,IMMI,"[""IMMI"", ""immi""]","[""gnem_row_87""]","[""Dublin, Johnson County""]","[""Battery electrolyte""]","[""Electronic and Other Electrical Equipment and Components""]",False,False,"[""displays"", ""pcbs_and_electronics""]",False
company_688fd73015130e3680f03efc,IMS Gear Georgia Inc.,"[""IMS Gear Georgia Inc."", ""ims gear georgia""]","[""gnem_row_88""]","[""Suwanee, Gwinnett County""]","[""Car audio systems""]","[""Electronic and Other Electrical Equipment and Components""]",False,False,"[""displays"", ""pcbs_and_electronics""]",False
company_bf629aedfdcb5f68f8719223,Inalfa Roof Systems Inc.,"[""Inalfa Roof Systems Inc."", ""inalfa roof systems""]","[""gnem_row_146""]","[""Acworth, Cobb County""]","[""Automotive electronic safety systems""]","[""Electronic and Other Electrical Equipment and Components""]",False,False,"[""displays"", ""pcbs_and_electronics""]",False
company_3d6e0348f06d2e4c8bef6828,JAC Products Inc.,"[""JAC Products Inc."", ""jac products""]","[""gnem_row_90""]","[""Jefferson, Barrow County""]","[""Switches, resistors and related products""]","[""Electronic and Other Electrical Equipment and Components""]",False,False,"[""displays"", ""pcbs_and_electronics""]",False
company_5e93b599969eccdd9ccfe0a3,Jefferson Southern Corp.,"[""Jefferson Southern Corp."", ""jefferson southern""]","[""gnem_row_166""]","[""Commerce, Forsyth County""]","[""High current switches and resistors for automotive HVAC systems""]","[""Electronic and Other Electrical Equipment and Components""]",False,False,"[""displays"", ""pcbs_and_electronics""]",False
company_b7bd683c22b8b3f21d8e9f7d,Jefferson Southern Corporation,"[""Jefferson Southern Corporation"", ""jefferson southern""]","[""gnem_row_92""]","[""Commerce, Forsyth County""]","[""Stamped metal automobile body parts""]","[""Transportation Equipment""]",False,False,"[""automotive_and_trade""]",False
company_933e96a9f78bb1d41d7089e0,"Joon Georgia, Inc.","[""Joon Georgia, Inc."", ""joon georgia""]","[""gnem_row_93""]","[""West Point, Chattahoochee County""]","[""Seats and seat foam pads""]","[""Transportation Equipment""]",False,False,"[""automotive_and_trade""]",False
company_51acf7e91bf99d07602b0a15,JTEKT North America Corp.,"[""JTEKT North America Corp."", ""jtekt north america""]","[""gnem_row_2""]","[""Pendergrass, Hall County""]","[""Vehicle roofing systems""]","[""Transportation Equipment""]",False,False,"[""automotive_and_trade""]",False
company_7959438dbd42735054f1a7a4,Kautex Inc.,"[""Kautex Inc."", ""kautex""]","[""gnem_row_3""]","[""Lavonia, Rabun County""]","[""Automotive exterior and interior systems""]","[""Transportation Equipment""]",False,False,"[""automotive_and_trade""]",False
company_284421b36ec8283988c17894,Kia Georgia Inc.,"[""Kia Georgia Inc."", ""kia georgia""]","[""gnem_row_96""]","[""West Point, Troup County""]","[""Golf carts, various off-road vehicles, electric on-road vehicles""]","[""Transportation Equipment""]",False,False,"[""automotive_and_trade""]",False
company_98ae8e7c06629f61cd42906f,KTX America Corporation,"[""KTX America Corporation"", ""ktx america""]","[""gnem_row_97""]","[""LaGrange, Meriwether County""]","[""Stamped components and decorative trim""]","[""Transportation Equipment""]",False,False,"[""automotive_and_trade""]",False
company_0070706649688b18a55fb394,Kumho Tire USA Inc.,"[""Kumho Tire USA Inc."", ""kumho tire usa""]","[""gnem_row_98""]","[""Macon, Bibb County""]","[""Stamped components and decorative trim""]","[""Transportation Equipment""]",False,False,"[""automotive_and_trade""]",False
company_fc5db24fad4fb6564b0f2519,Kyungshin America Corp.,"[""Kyungshin America Corp."", ""kyungshin america""]","[""gnem_row_99""]","[""West Point, Troup County""]","[""Front-end modules, front-rolling chassis modules, rear-chassis modules""]","[""Transportation Equipment""]",False,False,"[""automotive_and_trade""]",False
company_9c755b1461327a4d399720e7,Lark United Manufacturing Inc.,"[""Lark United Manufacturing Inc."", ""lark united manufacturing""]","[""gnem_row_9""]","[""Dublin, Johnson County""]","[""Motor vehicle transmissions""]","[""Transportation Equipment""]",False,False,"[""automotive_and_trade""]",False
company_1ccd8d549b6d5b76fe835826,Lear Corporation,"[""Lear Corporation"", ""lear""]","[""gnem_row_101""]","[""Hammond Industrial Park, Troup County""]","[""Pressed parts in the body-in-white segment and structural components""]","[""Transportation Equipment""]",False,False,"[""automotive_and_trade""]",False
company_ccca310b7ffd19ccc338c019,Lehigh Technologies Inc.,"[""Lehigh Technologies Inc."", ""lehigh technologies""]","[""gnem_row_102""]","[""Tucker, Gwinnett County""]","[""Suspension related functional components""]","[""Transportation Equipment""]",False,False,"[""automotive_and_trade""]",False
company_007f5c302685153392ed0dc8,Linde + Wiemann,"[""Linde + Wiemann"", ""linde wiemann""]","[""gnem_row_103""]","[""Dublin, Laurens County""]","[""6-speed automatic transmissions""]","[""Transportation Equipment""]",False,False,"[""automotive_and_trade""]",False
company_f8508eb6bd1d98eac99aa886,Lund International Inc.,"[""Lund International Inc."", ""lund international""]","[""gnem_row_25""]","[""Madison, Morgan County""]","[""Automotive seat frames""]","[""Transportation Equipment""]",False,False,"[""automotive_and_trade""]",False
company_41d9c60287871fc6c424af25,Lund International Inc./Ventshade Division,"[""Lund International Inc./Ventshade Division"", ""lund international inc ventshade division""]","[""gnem_row_105""]","[""Madison, Morgan County""]","[""Industrial trailers and truck bodies""]","[""Transportation Equipment""]",False,False,"[""automotive_and_trade""]",False
company_b5ea19d5054e315d972744db,Lyle Industries Inc.,"[""Lyle Industries Inc."", ""lyle industries""]","[""gnem_row_106"", ""gnem_row_107""]","[""Dawsonville, Dawson County""]","[""Automatic transmissions"", ""Molded injection auto parts""]","[""Transportation Equipment""]",False,False,"[""automotive_and_trade""]",False
company_ef38ad6c248a16d5d72da55c,Mack Trucks,"[""Mack Trucks"", ""mack trucks""]","[""gnem_row_28""]","[""Dublin, Lowndes County""]","[""Interior and exterior automotive components""]","[""Transportation Equipment""]",False,False,"[""automotive_and_trade""]",False
company_6ad2cc466d4f49495289e32c,Magna International,"[""Magna International"", ""magna international""]","[""gnem_row_109""]","[""Carrollton, Carroll County""]","[""Ceramic fiber insulation blankets""]","[""Transportation Equipment""]",False,False,"[""automotive_and_trade""]",False
company_74f4835a25a8890b2477e48b,Mando America Corp.,"[""Mando America Corp."", ""mando america""]","[""gnem_row_29""]","[""Hogansville, Meriwether County""]","[""Automotive body parts""]","[""Transportation Equipment""]",False,False,"[""automotive_and_trade""]",False
company_cc05f0fa42a8b67bc3fac107,Master Craft Engineering Inc.,"[""Master Craft Engineering Inc."", ""master craft engineering""]","[""gnem_row_111""]","[""Lavonia, Franklin County""]","[""Door modules, tailgate latches, and hood latches""]","[""Transportation Equipment""]",False,False,"[""automotive_and_trade""]",False
company_40f766afc78f2026929f2f25,MAT Heavy Duty,"[""MAT Heavy Duty"", ""mat heavy duty""]","[""gnem_row_38""]","[""Suwanee, Gwinnett County""]","[""Vehicle protection and interior comfort products""]","[""Transportation Equipment""]",False,False,"[""automotive_and_trade""]",False
company_04aa588dd09fd1f4ac08e185,Maxxis International USA,"[""Maxxis International USA"", ""maxxis international usa""]","[""gnem_row_113""]","[""Suwanee, Clayton County""]","[""Brake systems""]","[""Transportation Equipment""]",False,False,"[""automotive_and_trade""]",False
company_a4ae0b0d9a7850bda1de1dbe,Mercedes-Benz USA LLC,"[""Mercedes-Benz USA LLC"", ""mercedes benz usa""]","[""gnem_row_41""]","[""Sandy Springs, Fulton County""]","[""Assembles motor vehicle chassis, automotive stamping""]","[""Transportation Equipment""]",False,False,"[""automotive_and_trade""]",False
company_154339ddd87245d6b7e95ca5,Michelin Tread Technologies,"[""Michelin Tread Technologies"", ""michelin tread technologies""]","[""gnem_row_44""]","[""Lawrenceville, Gwinnett County""]","[""Ventvisors, hood shields, floor mats, automotive accessories""]","[""Transportation Equipment""]",False,False,"[""automotive_and_trade""]",False
company_d75ac400f676e94363abe01a,Milliken & Co./Valway Plant,"[""Milliken & Co./Valway Plant"", ""milliken co valway plant""]","[""gnem_row_46""]","[""LaGrange, Troup County""]","[""Automotive brakes, steering and suspension systems""]","[""Transportation Equipment""]",False,False,"[""automotive_and_trade""]",False
company_d4ec137cd59e7e026abc774c,Minebea AccessSolutions USA Inc.,"[""Minebea AccessSolutions USA Inc."", ""minebea accesssolutions usa""]","[""gnem_row_117""]","[""Gainesville, Cobb County""]","[""Headquarters and distribution location""]","[""Transportation Equipment""]",False,False,"[""automotive_and_trade""]",False
company_859f550089b8293c0ae121ed,Mobis Alabama LLC,"[""Mobis Alabama LLC"", ""mobis alabama""]","[""gnem_row_47""]","[""West Point, Troup County""]","[""Products and systems for ATVs and other off-road vehicles""]","[""Transportation Equipment""]",False,False,"[""automotive_and_trade""]",False
company_10d15bbbe68ff2be14d6aec2,MollerTech LLC,"[""MollerTech LLC"", ""mollertech""]","[""gnem_row_119""]","[""Dalton, Murray County""]","[""Injection molded components""]","[""Transportation Equipment""]",False,False,"[""automotive_and_trade""]",False
company_eede3852858fee3e71f33721,Morgan Corp.,"[""Morgan Corp."", ""morgan""]","[""gnem_row_120""]","[""Lawrenceville, Gwinnett County""]","[""Engine components, turbochargers, exhaust parts and other automotive parts""]","[""Transportation Equipment""]",False,False,"[""automotive_and_trade""]",False
company_1586819e6c963998b5db83da,Murata Electronics North America Inc.,"[""Murata Electronics North America Inc."", ""murata electronics north america""]","[""gnem_row_58""]","[""Smyrna, Fulton County""]","[""Motor vehicle brake systems and parts""]","[""Transportation Equipment""]",False,False,"[""automotive_and_trade""]",False
company_4744f7fd4e0e4f89f2f73b2a,Neaton Rome Inc.,"[""Neaton Rome Inc."", ""neaton rome""]","[""gnem_row_63""]","[""Rome, Cobb County""]","[""Automotive seating and interior electronics""]","[""Transportation Equipment""]",False,False,"[""automotive_and_trade""]",False
company_88a2081314267701955f6546,Nidec Elesys Americas Corp.,"[""Nidec Elesys Americas Corp."", ""nidec elesys americas""]","[""gnem_row_123""]","[""Suwanee, Forsyth County""]","[""Seating systems""]","[""Transportation Equipment""]",False,False,"[""automotive_and_trade""]",False
company_7849dc05e9630d0106497b00,NIFCO KTW America Corp.,"[""NIFCO KTW America Corp."", ""nifco ktw america""]","[""gnem_row_124""]","[""Toccoa, Franklin County""]","[""Inventory management for Kia""]","[""Transportation Equipment""]",False,False,"[""automotive_and_trade""]",False
company_8f5291e2a5a64e6a8f7f09e2,Nile Automotive,"[""Nile Automotive"", ""nile automotive""]","[""gnem_row_125""]","[""Cumming, Forsyth County""]","[""Window regulators and door frames""]","[""Transportation Equipment""]",False,False,"[""automotive_and_trade""]",False
company_c511a92fcd95a7cc9a4a2c33,Nisshinbo Automotive Manufacturing Inc.,"[""Nisshinbo Automotive Manufacturing Inc."", ""nisshinbo automotive manufacturing""]","[""gnem_row_126""]","[""Covington, Newton County""]","[""Braking and suspension products""]","[""Transportation Equipment""]",False,False,"[""automotive_and_trade""]",False
company_620054e4e188e563c4920e21,Nivel Parts & Manufacturing Co. LLC,"[""Nivel Parts & Manufacturing Co. LLC"", ""nivel parts manufacturing""]","[""gnem_row_127""]","[""Cairo, Grady County""]","[""Industrial trailers and truck bodies""]","[""Transportation Equipment""]",False,False,"[""automotive_and_trade""]",False
company_bcc838354309e862758a8371,Novelis Inc.,"[""Novelis Inc."", ""novelis""]","[""gnem_row_65"", ""gnem_row_129"", ""gnem_row_130""]","[""Atlanta, Fulton County""]","[""Motor vehicle transmissions"", ""Seat, interior, and precision metal stamping"", ""Acoustic and thermally effective automotive components""]","[""Transportation Equipment""]",False,False,"[""automotive_and_trade""]",False
company_a51a3f8338d12ca01a577774,NVH Korea,"[""NVH Korea"", ""nvh korea""]","[""gnem_row_89""]","[""Locust Grove, Henry County""]","[""Automotive stampings""]","[""Transportation Equipment""]",False,False,"[""automotive_and_trade""]",False
company_a25ed74f86091489db686a03,Oneda Corp.,"[""Oneda Corp."", ""oneda""]","[""gnem_row_91""]","[""Gainesville, Hall County""]","[""Lightweight structural automotive parts""]","[""Transportation Equipment""]",False,False,"[""automotive_and_trade""]",False
company_bce2d26074c9cd4b0409dbc0,OTR Wheel Engineering Inc.,"[""OTR Wheel Engineering Inc."", ""otr wheel engineering""]","[""gnem_row_133""]","[""Rome, Floyd County""]","[""Single axle trailers""]","[""Transportation Equipment""]",False,False,"[""automotive_and_trade""]",False
company_b2519d425e8c787c3825d2b9,Paccar,"[""Paccar"", ""paccar""]","[""gnem_row_134""]","[""Morrow, Clayton County""]","[""Semi-trailers""]","[""Transportation Equipment""]",False,False,"[""automotive_and_trade""]",False
company_065f929c58de60436123306d,PAI Industries Inc.,"[""PAI Industries Inc."", ""pai industries""]","[""gnem_row_135""]","[""Mableton, Cobb County""]","[""Brake pads""]","[""Transportation Equipment""]",False,False,"[""automotive_and_trade""]",False
company_d0e4b3968ef99687d30dd1ba,Pak-Lite Inc.,"[""Pak-Lite Inc."", ""pak lite""]","[""gnem_row_136""]","[""Suwanee, Gwinnett County""]","[""Tires, wheels and rubber tracks""]","[""Transportation Equipment""]",False,False,"[""automotive_and_trade""]",False
company_f4939036511c0ee9ade29b46,Panasonic Automotive Systems Co.,"[""Panasonic Automotive Systems Co."", ""panasonic automotive systems""]","[""gnem_row_137"", ""gnem_row_138""]","[""Peachtree City, Fayette County""]","[""Axle bearings"", ""Fluid carrying systems; steel pipe and tubes; powertrain and plastic tank systems""]","[""Transportation Equipment""]",False,False,"[""automotive_and_trade""]",False
company_abf2b48f96cf55c66c957e6e,Panduit Corp.,"[""Panduit Corp."", ""panduit""]","[""gnem_row_139""]","[""Cumming, Forsyth County""]","[""Truck bodies and parts""]","[""Transportation Equipment""]",False,False,"[""automotive_and_trade""]",False
company_58e740dcd9f3598d25e1cf8c,Peerless-Winsmith Inc.,"[""Peerless-Winsmith Inc."", ""peerless winsmith""]","[""gnem_row_140""]","[""Flowery Branch, Hall County""]","[""Thermal solutions""]","[""Transportation Equipment""]",False,False,"[""automotive_and_trade""]",False
company_09088da4230e4aa9653a62b0,Perkins Small Engines LLC,"[""Perkins Small Engines LLC"", ""perkins small engines""]","[""gnem_row_110""]","[""Griffin, Spalding County""]","[""Specialized commercial vehicles including truck bodies, buses and armored vehicles""]","[""Transportation Equipment""]",False,False,"[""automotive_and_trade""]",False
company_3b08d60cda1e626125460263,Peterson Spring,"[""Peterson Spring"", ""peterson spring""]","[""gnem_row_114""]","[""Athens, Clarke County""]","[""Precision turned parts for the automotive industry""]","[""Transportation Equipment""]",False,False,"[""automotive_and_trade""]",False
company_2d4ba2a74a409a97bbfe7442,Piedmont Automotive Products Inc.,"[""Piedmont Automotive Products Inc."", ""piedmont automotive products""]","[""gnem_row_144""]","[""Clarkesville, Habersham County""]","[""Interior components and accessories""]","[""Transportation Equipment""]",False,False,"[""automotive_and_trade""]",False
company_f5609ab445df94a594136ba8,PIOLAX Corp.,"[""PIOLAX Corp."", ""piolax""]","[""gnem_row_116""]","[""Canton, Cherokee County""]","[""All terrain vehicles""]","[""Transportation Equipment""]",False,False,"[""automotive_and_trade""]",False
company_ca4c6bbbf98fac1857c252a1,Pirelli Tire North America LLC,"[""Pirelli Tire North America LLC"", ""pirelli tire north america""]","[""gnem_row_118""]","[""Albany, Dougherty County""]","[""Motor vehicle windshield wiper systems""]","[""Transportation Equipment""]",False,False,"[""automotive_and_trade""]",False
company_916426eb70ecce5624bfa654,Porsche Cars North America Inc.,"[""Porsche Cars North America Inc."", ""porsche cars north america""]","[""gnem_row_122""]","[""Atlanta, Fulton County""]","[""Aftermarket automotive accessories""]","[""Transportation Equipment""]",False,False,"[""automotive_and_trade""]",False
company_d52e9e16bbe521b4e9847297,PPG Industries Inc.,"[""PPG Industries Inc."", ""ppg industries""]","[""gnem_row_148""]","[""Calhoun, Whitfield County""]","[""Muffler and exhaust systems""]","[""Transportation Equipment""]",False,False,"[""automotive_and_trade""]",False
company_29f6309444ab2e1c3472c3a7,QSR Inc.,"[""QSR Inc."", ""qsr""]","[""gnem_row_150""]","[""LaGrange, Clayton County""]","[""Functional aftermarket accessories for trucks and SUVs""]","[""Transportation Equipment""]",False,False,"[""automotive_and_trade""]",False
company_7dd0e30354ae58e70bc7f1ab,Racemark International LLC,"[""Racemark International LLC"", ""racemark international""]","[""gnem_row_151""]","[""Gray, Jones County""]","[""Manufacturing and R&D engine parts for EV""]","[""Transportation Equipment""]",False,False,"[""automotive_and_trade""]",False
company_733f406bade7f8e2e5e1a4ac,RealTruck,"[""RealTruck"", ""realtruck""]","[""gnem_row_132""]","[""Peachtree City, Walker County""]","[""Automotive lighting and electronics""]","[""Transportation Equipment""]",False,False,"[""automotive_and_trade""]",False
company_bf47a285d281fa0f069e5d46,Rivian Automotive,"[""Rivian Automotive"", ""rivian automotive""]","[""gnem_row_153""]","[""Atlanta, Fulton County""]","[""Custom metal components""]","[""Transportation Equipment""]",False,False,"[""automotive_and_trade""]",False
company_12e67d5ae5db170e67a50b2e,Robert Bosch LLC,"[""Robert Bosch LLC"", ""robert bosch""]","[""gnem_row_145""]","[""Flowery Branch, Forsyth County""]","[""Automotive powertrain systems""]","[""Transportation Equipment""]",False,False,"[""automotive_and_trade""]",False
company_200ebe21e055e72509aa1abc,SAFT America Inc.,"[""SAFT America Inc."", ""saft america""]","[""gnem_row_155""]","[""Cataula, Harris County""]","[""Arm and head rests""]","[""Transportation Equipment""]",False,False,"[""automotive_and_trade""]",False
company_e9fd0ec8b547bf4492af2a45,Sejong Georgia LLC,"[""Sejong Georgia LLC"", ""sejong georgia""]","[""gnem_row_156""]","[""Jefferson, Barrow County""]","[""NVH parts and interior components""]","[""Transportation Equipment""]",False,False,"[""automotive_and_trade""]",False
company_07bdb7c1d1dbfa2bc94f0282,Seohan Auto USA,"[""Seohan Auto USA"", ""seohan auto usa""]","[""gnem_row_157""]","[""LaGrange, Lamar County""]","[""Custom made cargo trailers Ben""]","[""Transportation Equipment""]",False,False,"[""automotive_and_trade""]",False
company_c89f5b7a127c7ebb39ac7795,Seoyon E-HWA,"[""Seoyon E-HWA"", ""seoyon e hwa""]","[""gnem_row_158""]","[""West Point, Troup County""]","[""Custom made cargo trailers Jeff""]","[""Transportation Equipment""]",False,False,"[""automotive_and_trade""]",False
company_8888aef32079e2fde2def9b4,Seoyon E-Hwa Interior Systems,"[""Seoyon E-Hwa Interior Systems"", ""seoyon e hwa interior systems""]","[""gnem_row_159""]","[""West Point, Troup County""]","[""Fluid-carrying systems""]","[""Transportation Equipment""]",False,False,"[""automotive_and_trade""]",False
company_a3f3c6917807f4d6e5d3818f,Sewon America Inc.,"[""Sewon America Inc."", ""sewon america""]","[""gnem_row_149"", ""gnem_row_152"", ""gnem_row_162""]","[""LaGrange, Troup County""]","[""Automotive aftermarket parts"", ""Motor vehicle engines and parts"", ""Fire truck bodies""]","[""Transportation Equipment""]",False,False,"[""automotive_and_trade""]",False
company_0840ca72a880ea975df81150,SHIROKI North America Inc,"[""SHIROKI North America Inc"", ""shiroki north america""]","[""gnem_row_154""]","[""LaGrange, Clayton County""]","[""Exhaust and emission systems for trucks, buses, vans and industrial vehicles""]","[""Transportation Equipment""]",False,False,"[""automotive_and_trade""]",False
company_8df8745aa77e1b6d38397a4e,SKF USA Inc.,"[""SKF USA Inc."", ""skf usa""]","[""gnem_row_165""]","[""Ringgold, Catoosa County""]","[""Exhaust systems and parts""]","[""Transportation Equipment""]",False,False,"[""automotive_and_trade""]",False
company_2703f483acb6cc525b6a7848,Solvay Specialty Polymers USA LLC,"[""Solvay Specialty Polymers USA LLC"", ""solvay specialty polymers usa""]","[""gnem_row_160""]","[""Augusta, Elbert County""]","[""Automotive wire harnesses""]","[""Transportation Equipment""]",False,False,"[""automotive_and_trade""]",False
company_897a9db8aebed83bd2799b36,Southern Switches Corp.,"[""Southern Switches Corp."", ""southern switches""]","[""gnem_row_167""]","[""Dahlonega, Dawson County""]","[""Commercial truck bodies""]","[""Transportation Equipment""]",False,False,"[""automotive_and_trade""]",False
company_5851dbb8592edb520cc2ac87,SRG Global Inc.,"[""SRG Global Inc."", ""srg global""]","[""gnem_row_168""]","[""Covington, Newton County""]","[""Products for marine, mobile home, and other industries""]","[""Transportation Equipment""]",False,False,"[""automotive_and_trade""]",False
company_01817ab985f63f3cc976a82f,Stryten Energy,"[""Stryten Energy"", ""stryten energy""]","[""gnem_row_169""]","[""Alpharetta, Forsyth County""]","[""Automotive fiber padding""]","[""Transportation Equipment""]",False,False,"[""automotive_and_trade""]",False
company_705c975c0b21d509bfb29018,Suhner Manufacturing Corp.,"[""Suhner Manufacturing Corp."", ""suhner manufacturing""]","[""gnem_row_170""]","[""Rome, Floyd County""]","[""Truck trailers""]","[""Transportation Equipment""]",False,False,"[""automotive_and_trade""]",False
company_37a56bc9ae554661c98d2c5e,SungEel Recycling Park Georgia,"[""SungEel Recycling Park Georgia"", ""sungeel recycling park georgia""]","[""gnem_row_171""]","[""Duluth, Gwinnett County""]","[""Various fasteners for automotive seating and interior Fasteners, zippers, hook & loop, pull straps, ISO-marker buttons, seat belt buttons, plastic hardware""]","[""Miscellaneous Manufacturing Industries""]",False,False,"[""automotive_and_trade"", ""batteries_and_minerals""]",False
company_f48a5d63b769d5a79766038c,Superior Essex Inc.,"[""Superior Essex Inc."", ""superior essex""]","[""gnem_row_172""]","[""Kennesaw, Cobb County""]","[""Electric vehicles and batteries""]","[""Transportation Equipment""]",False,False,"[""automotive_and_trade""]",False
company_a70d2f26955acf1b5a0306e6,Suzuki Manufacturing of America Corp.,"[""Suzuki Manufacturing of America Corp."", ""suzuki manufacturing of america""]","[""gnem_row_173""]","[""Rome, Cobb County""]","[""Electric vehicle assembly plant""]","[""Transportation Equipment""]",False,False,"[""automotive_and_trade""]",False
company_1f5709cc554bb7b9bb9826bf,TCI Powder Coatings,"[""TCI Powder Coatings"", ""tci powder coatings""]","[""gnem_row_174""]","[""Ellaville, Schley County""]","[""Automotive assembly plant""]","[""Transportation Equipment""]",False,False,"[""automotive_and_trade""]",False
company_3e0686f60c22b008dd5a18cf,TDK Components USA Inc.,"[""TDK Components USA Inc."", ""tdk components usa""]","[""gnem_row_175""]","[""Silver Creek, Floyd County""]","[""Auto manufacturer headquarters""]","[""Transportation Equipment""]",False,False,"[""automotive_and_trade""]",False
company_aaa7f0307f6d78ed3a046f8c,TE Connectivity,"[""TE Connectivity"", ""te connectivity""]","[""gnem_row_176""]","[""Kennesaw, Cobb County""]","[""Truck and bus bodies""]","[""Transportation Equipment""]",False,False,"[""automotive_and_trade""]",False
company_c6dcb308bcb598c09e54dacd,Teklas USA,"[""Teklas USA"", ""teklas usa""]","[""gnem_row_177""]","[""Calhoun, Gordon County""]","[""Golf carts and all-terrain vehicles""]","[""Transportation Equipment""]",False,False,"[""automotive_and_trade""]",False
company_7941a108fa084dfe890ed1d8,Textron Specialized Vehicles,"[""Textron Specialized Vehicles"", ""textron specialized vehicles""]","[""gnem_row_178""]","[""Augusta, Richmond County""]","[""Golf carts, utility vehicles, industrial vehicles""]","[""Transportation Equipment""]",False,False,"[""automotive_and_trade""]",False
company_102e1a25f7c6be28624dcef0,Thermal Ceramics Inc.,"[""Thermal Ceramics Inc."", ""thermal ceramics""]","[""gnem_row_179""]","[""Augusta, Columbia County""]","[""Electric vehicle batteries""]","[""Transportation Equipment""]",False,False,"[""automotive_and_trade""]",False
company_2abed4e8267cf9012537b79e,Thomson Plastics Inc.,"[""Thomson Plastics Inc."", ""thomson plastics""]","[""gnem_row_180""]","[""Monroe, Walton County""]","[""Electric vertical takeoff and landing (eVTOL) aircraft manufacturing""]","[""Transportation Equipment""]",False,False,"[""automotive_and_trade""]",False
company_6cbe93bbec566a18e6054681,TI Fluid Systems,"[""TI Fluid Systems"", ""ti fluid systems""]","[""gnem_row_181"", ""gnem_row_182""]","[""Cartersville, Bartow County""]","[""School bus seating, seat belts, and occupant restraint systems"", ""OEM footprint: Volvo passenger vehicles; NA operations footprint""]","[""Automotive safety systems and restraints"", ""Passenger vehicles (EV + ICE)""]",False,False,"[""automotive_and_trade""]",False
company_e0551e94478a46a41053fe4e,Tie Down Engineering,"[""Tie Down Engineering"", ""tie down engineering""]","[""gnem_row_183""]","[""Atlanta, Fulton County""]","[""Heavy-duty and medium-duty trucks""]","[""Heavy-duty trucks""]",False,False,"[""automotive_and_trade""]",False
company_dfea087f5e2dd31c50e24164,TN Americas Holding Inc.,"[""TN Americas Holding Inc."", ""tn americas holding""]","[""gnem_row_184""]","[""Cumming, Forsyth County""]","[""Commercial trucks (Volvo/Mack), buses, construction equipment; OEM footprint""]","[""Commercial vehicles and powertrains""]",False,False,"[""automotive_and_trade""]",False
company_caacbd2dc0461ed785c2c708,Toyota Industries Group (TACG-TICA),"[""Toyota Industries Group (TACG-TICA)"", ""toyota industries group tacg tica""]","[""gnem_row_185""]","[""Pendergrass, Hall County""]","[""Commercial trucks (Freightliner/Western Star) & zero-emission truck programs""]","[""Commercial vehicles and powertrains""]",False,False,"[""automotive_and_trade""]",False
company_ee8dbbd4cf1c48979fcf0406,Trenton Pressing,"[""Trenton Pressing"", ""trenton pressing""]","[""gnem_row_186""]","[""Trenton, Dade County""]","[""Truck OEM footprint & parts/distribution operations (PACCAR network)""]","[""Commercial vehicles (Kenworth, Peterbilt)""]",False,False,"[""automotive_and_trade""]",False
company_d6618350a3c99d906f0ee2c2,Trenton Pressing Inc.,"[""Trenton Pressing Inc."", ""trenton pressing""]","[""gnem_row_187""]","[""Trenton, Dade County""]","[""Precision-machined powertrain components (engine/transmission/drivetrain parts)""]","[""Automotive precision components""]",False,False,"[""automotive_and_trade""]",False
company_7150fb43251087a238bda4ce,Valeo,"[""Valeo"", ""valeo""]","[""gnem_row_188""]",[],"[""Automotive body/stamped metal assemblies (Kia/Hyundai supply chain)""]","[""Automotive parts manufacturing""]",False,False,"[""automotive_and_trade""]",False
company_596feb00112a7e34ae91ab24,Vanguard National Trailer Corp.,"[""Vanguard National Trailer Corp."", ""vanguard national trailer""]","[""gnem_row_189""]","[""Trenton, Dade County""]","[""Stamped metal components and automotive body assemblies""]","[""Automotive structural components""]",False,False,"[""automotive_and_trade""]",False
company_2bc94a6bcf8d11a21a6cf4eb,Vernay,"[""Vernay"", ""vernay""]","[""gnem_row_190""]","[""Griffin, Spalding County""]","[""Automotive metal stamping & body parts manufacturing (Hyundai/Kia supplier)""]","[""Automotive stamping and assemblies""]",False,False,"[""automotive_and_trade"", ""metals""]",False
company_b0f60975ef3d7167cafebe78,Vista Metals Corp.,"[""Vista Metals Corp."", ""vista metals""]","[""gnem_row_191""]","[""Adairsville, Bartow County""]","[""Automotive modules/powertrain components; parts supply""]","[""Automotive modules and components""]",False,False,"[""automotive_and_trade""]",False
company_e8ba5621ee1abfc8fd4637ee,Voestalpine Automotive Body Parts Inc.,"[""Voestalpine Automotive Body Parts Inc."", ""voestalpine automotive body parts""]","[""gnem_row_192""]","[""Cartersville, Bartow County""]","[""Automotive components manufacturing group (compressors/automotive parts)""]","[""Automotive components""]",False,False,"[""automotive_and_trade""]",False
company_1b71f48f9617b15b0e014979,Volvo Cars USA,"[""Volvo Cars USA"", ""volvo cars usa""]","[""gnem_row_193""]",[],"[""Automotive plastic parts manufacturing (interior/exterior components)""]","[""Automotive plastics""]",False,False,"[""automotive_and_trade""]",False
company_7a96eea5ccf771c156845947,Volvo Group North America,"[""Volvo Group North America"", ""volvo group north america""]","[""gnem_row_194""]",[],"[""Metal stamping/pressing for automotive components""]","[""Metal stamping and assemblies""]",False,False,"[""metals""]",False
company_bac57d36c7250058fae99e10,Wabash National Corp.,"[""Wabash National Corp."", ""wabash national""]","[""gnem_row_195""]","[""Ellenwood, Clayton County""]","[""Automotive parts contract manufacturing (assemblies/components)""]","[""Automotive plastic components""]",False,False,"[""automotive_and_trade""]",False
company_aacc5e2a4c9fc98b8e2f9d80,Wheelabrator Group Inc.,"[""Wheelabrator Group Inc."", ""wheelabrator group""]","[""gnem_row_196""]","[""LaGrange, Troup County""]","[""Metal stamping & fabrication for automotive/industrial components""]","[""Automotive textiles and interiors""]",False,False,"[""automotive_and_trade""]",False
company_3c67e220aad7d9c8ee1929f3,WIKA USA,"[""WIKA USA"", ""wika usa""]","[""gnem_row_197""]","[""Lawrenceville, Gwinnett County""]","[""Vehicle power & data solutions; wiring harnesses and connectors""]","[""Automotive wiring systems""]",False,False,"[""automotive_and_trade""]",False
company_a61f2691b7ceb2228b2ccd4d,Woodbridge Foam Corp.,"[""Woodbridge Foam Corp."", ""woodbridge foam""]","[""gnem_row_198""]","[""Lithonia, Rockdale County""]","[""Automotive wiring harnesses & electrical distribution systems""]","[""Automotive electrical systems""]",False,False,"[""automotive_and_trade""]",False
company_aa1a5dfbbcb7e72c4fc98871,Woory Industrial Co.,"[""Woory Industrial Co."", ""woory industrial""]","[""gnem_row_199""]","[""Dublin, Johnson County""]","[""Automotive connectors, terminals, sensors, and power/data components""]","[""Electrical connectors and sensors""]",False,False,"[""automotive_and_trade""]",False
company_74bf2146c064be5012820c17,Yachiyo Manufacturing of America LLC,"[""Yachiyo Manufacturing of America LLC"", ""yachiyo manufacturing of america""]","[""gnem_row_200""]","[""Carrollton, Carroll County""]","[""Automotive seating and E-Systems (electrical distribution)""]","[""Automotive seating and E‑systems""]",False,False,"[""automotive_and_trade""]",False
company_3bfce136e09e64002bf1582c,Yamaha Motor Manufacturing Corp.,"[""Yamaha Motor Manufacturing Corp."", ""yamaha motor manufacturing""]","[""gnem_row_201""]","[""Newnan, Coweta County""]","[""Automotive electrical architecture, connectivity, and advanced safety components""]","[""Automotive electronics""]",False,False,"[""automotive_and_trade""]",False
company_efe9bd3c5d9ae8c0879f1258,Yazaki North America,"[""Yazaki North America"", ""yazaki north america""]","[""gnem_row_202""]","[""Griffin, Spalding County""]","[""Automotive supplier division (mobility solutions: ADAS, powertrain, electronics)""]","[""Automotive electronics and systems""]",False,False,"[""automotive_and_trade""]",False
company_df83f1d388dc1cf299de32ec,YKK USA Inc.,"[""YKK USA Inc."", ""ykk usa""]","[""gnem_row_203""]","[""Marietta, Cobb County""]","[""Automotive technologies (ADAS, braking, connectivity, tires & components)""]","[""Automotive electronics and safety systems""]",False,False,"[""automotive_and_trade""]",False
company_8d222dd0a0807029704fdce6,ZF Gainesville LLC,"[""ZF Gainesville LLC"", ""zf gainesville""]","[""gnem_row_204"", ""gnem_row_205"", ""gnem_row_206""]","[""Gainesville, Hall County""]","[""Contract manufacturing & automotive systems (body, chassis, powertrain, e-drive)"", ""Automotive supplier footprint (electrification, thermal, powertrain, ADAS components)"", ""Automotive supplier (thermal systems, electrification, ADAS, lighting)""]","[""Automotive systems and components"", ""Automotive thermal and electronics systems"", ""Automotive powertrain and thermal systems""]",False,False,"[""automotive_and_trade""]",False
