seed_row_id,worksheet_row,company_id,source_sheet,seed,seed_fields_verified,issues
gnem_row_2,2,company_51acf7e91bf99d07602b0a15,Sheet1,"{""Company"": ""JTEKT North America Corp."", ""Category"": ""Tier 1"", ""Industry Group"": "" Transportation Equipment"", ""Location"": ""Pendergrass, Hall County"", ""Address"": ""301 Teco Dr, Pendergrass, GA 30567"", ""Latitude"": 34.130329, ""Longitude"": -83.7648529, ""Primary Facility Type"": ""Manufacturing Plant"", ""EV Supply Chain Role"": ""General Automotive"", ""Primary OEMs"": ""Multiple OEMs"", ""Supplier or Affiliation Type"": ""Automotive supply chain participant"", ""Employment"": 860, ""Product / Service"": ""Vehicle roofing systems"", ""EV / Battery Relevant"": ""Indirect"", ""Classification Method"": ""Supplier""}",False,"[{""type"": ""city_county_disagreement_with_local_reference"", ""provided_county"": ""Hall"", ""local_reference_county"": ""Jackson"", ""action"": ""verify_external_source; do not overwrite seed""}]"
gnem_row_3,3,company_7959438dbd42735054f1a7a4,Sheet1,"{""Company"": ""Kautex Inc."", ""Category"": ""Tier 1"", ""Industry Group"": "" Transportation Equipment"", ""Location"": ""Lavonia, Rabun County"", ""Address"": ""100 Kautex Dr, Lavonia, GA 30553"", ""Latitude"": 34.968226, ""Longitude"": -83.490631, ""Primary Facility Type"": ""Manufacturing Plant"", ""EV Supply Chain Role"": ""General Automotive"", ""Primary OEMs"": ""Multiple OEMs"", ""Supplier or Affiliation Type"": ""Automotive supply chain participant"", ""Employment"": 800, ""Product / Service"": ""Automotive exterior and interior systems"", ""EV / Battery Relevant"": ""Indirect"", ""Classification Method"": ""Supplier""}",False,"[{""type"": ""city_county_disagreement_with_local_reference"", ""provided_county"": ""Rabun"", ""local_reference_county"": ""Franklin/Hart"", ""action"": ""verify_external_source; do not overwrite seed""}]"
gnem_row_7,7,company_8c24996dab6424ef3a7a1d2c,Sheet1,"{""Company"": ""Dinex Emissions Inc."", ""Category"": ""Tier 2/3"", ""Industry Group"": "" Primary Metal Industries"", ""Location"": ""Dublin, Johnson County"", ""Address"": ""2020 Waldrep Industrial Blvd., Dublin, GA 31021"", ""Latitude"": 32.5138588, ""Longitude"": -82.9469249, ""Primary Facility Type"": ""Manufacturing Plant"", ""EV Supply Chain Role"": ""General Automotive"", ""Primary OEMs"": ""Multiple OEMs"", ""Supplier or Affiliation Type"": ""Automotive supply chain participant"", ""Employment"": 500, ""Product / Service"": ""Aluminum sheet for automotive bodies"", ""EV / Battery Relevant"": ""Indirect"", ""Classification Method"": ""Supplier""}",False,"[{""type"": ""city_county_disagreement_with_local_reference"", ""provided_county"": ""Johnson"", ""local_reference_county"": ""Laurens"", ""action"": ""verify_external_source; do not overwrite seed""}]"
gnem_row_9,9,company_9c755b1461327a4d399720e7,Sheet1,"{""Company"": ""Lark United Manufacturing Inc."", ""Category"": ""Tier 1"", ""Industry Group"": "" Transportation Equipment"", ""Location"": ""Dublin, Johnson County"", ""Address"": ""200 Industrial Blvd, Dublin, GA 31021"", ""Latitude"": 32.5320682, ""Longitude"": -82.950167, ""Primary Facility Type"": ""Manufacturing Plant"", ""EV Supply Chain Role"": ""General Automotive"", ""Primary OEMs"": ""Multiple OEMs"", ""Supplier or Affiliation Type"": ""Automotive supply chain participant"", ""Employment"": 700, ""Product / Service"": ""Motor vehicle transmissions"", ""EV / Battery Relevant"": ""Indirect"", ""Classification Method"": ""Supplier""}",False,"[{""type"": ""city_county_disagreement_with_local_reference"", ""provided_county"": ""Johnson"", ""local_reference_county"": ""Laurens"", ""action"": ""verify_external_source; do not overwrite seed""}]"
gnem_row_12,12,company_36bb5b7f923c6cc0642f4aca,Sheet1,"{""Company"": ""Ascend Elements"", ""Category"": ""Tier 2/3"", ""Industry Group"": "" Rubber and Miscellaneous Plastic Products"", ""Location"": ""Covington, Henry County"", ""Address"": ""1409 Brampton Ave, Covington, GA 30014"", ""Latitude"": 33.3390858, ""Longitude"": -84.1874153, ""Primary Facility Type"": ""Manufacturing Plant"", ""EV Supply Chain Role"": ""Materials"", ""Primary OEMs"": ""Multiple OEMs"", ""Supplier or Affiliation Type"": ""Automotive supply chain participant"", ""Employment"": 456, ""Product / Service"": ""Interior and exterior plastic parts"", ""EV / Battery Relevant"": ""No"", ""Classification Method"": ""Supplier""}",False,"[{""type"": ""city_county_disagreement_with_local_reference"", ""provided_county"": ""Henry"", ""local_reference_county"": ""Newton"", ""action"": ""verify_external_source; do not overwrite seed""}]"
gnem_row_14,14,company_42975cd2568a7dcbeb7cbd98,Sheet1,"{""Company"": ""Aurubis"", ""Category"": ""Tier 2/3"", ""Industry Group"": "" Rubber and Miscellaneous Plastic Products"", ""Location"": ""Augusta, Burke County"", ""Address"": ""439 Valencia Way, Augusta, GA 30906"", ""Latitude"": 33.282551, ""Longitude"": -81.955757, ""Primary Facility Type"": ""Manufacturing Plant"", ""EV Supply Chain Role"": ""Materials"", ""Primary OEMs"": ""Multiple OEMs"", ""Supplier or Affiliation Type"": ""Automotive supply chain participant"", ""Employment"": 400, ""Product / Service"": ""Automotive interior plastic parts, door trim"", ""EV / Battery Relevant"": ""Indirect"", ""Classification Method"": ""Supplier""}",False,"[{""type"": ""city_county_disagreement_with_local_reference"", ""provided_county"": ""Burke"", ""local_reference_county"": ""Richmond"", ""action"": ""verify_external_source; do not overwrite seed""}]"
gnem_row_15,15,company_e4034603e2ef1f2c82e9bef8,Sheet1,"{""Company"": ""Dongwon Autopart Technology Georgia LLC"", ""Category"": ""Tier 2/3"", ""Industry Group"": "" Primary Metal Industries"", ""Location"": ""Hogansville, Meriwether County"", ""Address"": ""475 Meriwether Park Dr, Hogansville, GA 30230"", ""Latitude"": 33.1644618, ""Longitude"": -84.8598158, ""Primary Facility Type"": ""Manufacturing Plant"", ""EV Supply Chain Role"": ""General Automotive"", ""Primary OEMs"": ""Multiple OEMs"", ""Supplier or Affiliation Type"": ""Automotive supply chain participant"", ""Employment"": 315, ""Product / Service"": ""Aluminum extrusions"", ""EV / Battery Relevant"": ""No"", ""Classification Method"": ""Supplier""}",False,"[{""type"": ""city_county_disagreement_with_local_reference"", ""provided_county"": ""Meriwether"", ""local_reference_county"": ""Troup"", ""action"": ""verify_external_source; do not overwrite seed""}]"
gnem_row_17,17,company_af625009d15eb10609433c7a,Sheet1,"{""Company"": ""AVS"", ""Category"": ""Tier 2/3"", ""Industry Group"": "" Rubber and Miscellaneous Plastic Products"", ""Location"": ""Alpharetta, Forsyth County"", ""Address"": ""6110 McFarland Station Dr, Alpharetta, GA 30004 "", ""Latitude"": 34.134562, ""Longitude"": -84.252772, ""Primary Facility Type"": ""Manufacturing Plant"", ""EV Supply Chain Role"": ""General Automotive"", ""Primary OEMs"": ""Multiple OEMs"", ""Supplier or Affiliation Type"": ""Automotive supply chain participant"", ""Employment"": 310, ""Product / Service"": ""Tires for light trucks, SUVs and commercial vehicles"", ""EV / Battery Relevant"": ""Indirect"", ""Classification Method"": ""Supplier""}",False,"[{""type"": ""city_county_disagreement_with_local_reference"", ""provided_county"": ""Forsyth"", ""local_reference_county"": ""Fulton"", ""action"": ""verify_external_source; do not overwrite seed""}]"
gnem_row_19,19,company_22670a5f0b194d8bd2c5eb74,Sheet1,"{""Company"": ""Blue Ridge Manufacturing"", ""Category"": ""Tier 2/3"", ""Industry Group"": "" Rubber and Miscellaneous Plastic Products"", ""Location"": ""Blue Ridge, Union County"", ""Address"": ""87 Tom Boyd Rd, Blue Ridge, GA 30513"", ""Latitude"": 34.8963485, ""Longitude"": -84.094162, ""Primary Facility Type"": ""Manufacturing Plant"", ""EV Supply Chain Role"": ""Materials"", ""Primary OEMs"": ""Multiple OEMs"", ""Supplier or Affiliation Type"": ""Automotive supply chain participant"", ""Employment"": 270, ""Product / Service"": ""Plastic and metal fasteners and precision strings for automotive industry"", ""EV / Battery Relevant"": ""Indirect"", ""Classification Method"": ""Supplier""}",False,"[{""type"": ""city_county_disagreement_with_local_reference"", ""provided_county"": ""Union"", ""local_reference_county"": ""Fannin"", ""action"": ""verify_external_source; do not overwrite seed""}]"
gnem_row_21,21,company_c5335f42ecc83c2a03899ecb,Sheet1,"{""Company"": ""Boogook Industries"", ""Category"": ""Tier 2/3"", ""Industry Group"": "" Rubber and Miscellaneous Plastic Products"", ""Location"": ""Macon, Twiggs County"", ""Address"": ""2600 Weaver Rd Suite 1-11, Macon, GA 31217"", ""Latitude"": 32.8141689, ""Longitude"": -83.5566387, ""Primary Facility Type"": ""Manufacturing Plant"", ""EV Supply Chain Role"": ""Materials"", ""Primary OEMs"": ""Multiple OEMs"", ""Supplier or Affiliation Type"": ""Automotive supply chain participant"", ""Employment"": 250, ""Product / Service"": ""Plastic injection gear wheels"", ""EV / Battery Relevant"": ""No"", ""Classification Method"": ""Supplier""}",False,"[{""type"": ""city_county_disagreement_with_local_reference"", ""provided_county"": ""Twiggs"", ""local_reference_county"": ""Bibb"", ""action"": ""verify_external_source; do not overwrite seed""}]"
gnem_row_23,23,company_c5fcc97bfb2974073676415c,Sheet1,"{""Company"": ""Bosch (Automotive Division)"", ""Category"": ""Tier 2/3"", ""Industry Group"": "" Rubber and Miscellaneous Plastic Products"", ""Location"": ""Toccoa, Franklin County"", ""Address"": ""1241 Meadowbrook Dr, Toccoa, GA 30577"", ""Latitude"": 34.5288916, ""Longitude"": -83.2825339, ""Primary Facility Type"": ""Manufacturing Plant"", ""EV Supply Chain Role"": ""Materials"", ""Primary OEMs"": ""Multiple OEMs"", ""Supplier or Affiliation Type"": ""Automotive supply chain participant"", ""Employment"": 250, ""Product / Service"": ""Custom injection molded plastic products for the automotive industry and other industries"", ""EV / Battery Relevant"": ""Indirect"", ""Classification Method"": ""Supplier""}",False,"[{""type"": ""city_county_disagreement_with_local_reference"", ""provided_county"": ""Franklin"", ""local_reference_county"": ""Stephens"", ""action"": ""verify_external_source; do not overwrite seed""}]"
gnem_row_28,28,company_ef38ad6c248a16d5d72da55c,Sheet1,"{""Company"": ""Mack Trucks"", ""Category"": ""Tier 1"", ""Industry Group"": "" Transportation Equipment"", ""Location"": ""Dublin, Lowndes County"", ""Address"": ""1525 Madison Hwy, Dublin, GA 31021"", ""Latitude"": 30.804784, ""Longitude"": -83.273804, ""Primary Facility Type"": ""Manufacturing Plant"", ""EV Supply Chain Role"": ""General Automotive"", ""Primary OEMs"": ""Multiple OEMs"", ""Supplier or Affiliation Type"": ""Automotive supply chain participant"", ""Employment"": 500, ""Product / Service"": ""Interior and exterior automotive components"", ""EV / Battery Relevant"": ""Indirect"", ""Classification Method"": ""Supplier""}",False,"[{""type"": ""city_county_disagreement_with_local_reference"", ""provided_county"": ""Lowndes"", ""local_reference_county"": ""Laurens"", ""action"": ""verify_external_source; do not overwrite seed""}]"
gnem_row_29,29,company_74f4835a25a8890b2477e48b,Sheet1,"{""Company"": ""Mando America Corp."", ""Category"": ""Tier 1"", ""Industry Group"": "" Transportation Equipment"", ""Location"": ""Hogansville, Meriwether County"", ""Address"": ""100 Mando Dr, Hogansville, GA 30230"", ""Latitude"": 33.1709673066386, ""Longitude"": -84.8589919386904, ""Primary Facility Type"": ""Manufacturing Plant"", ""EV Supply Chain Role"": ""General Automotive"", ""Primary OEMs"": ""Multiple OEMs"", ""Supplier or Affiliation Type"": ""Automotive supply chain participant"", ""Employment"": 460, ""Product / Service"": ""Automotive body parts"", ""EV / Battery Relevant"": ""Indirect"", ""Classification Method"": ""Supplier""}",False,"[{""type"": ""city_county_disagreement_with_local_reference"", ""provided_county"": ""Meriwether"", ""local_reference_county"": ""Troup"", ""action"": ""verify_external_source; do not overwrite seed""}]"
gnem_row_31,31,company_85bc0be08bc4340515f23feb,Sheet1,"{""Company"": ""DAEHAN Solution Georgia LLC"", ""Category"": ""Tier 2/3"", ""Industry Group"": "" Rubber and Miscellaneous Plastic Products"", ""Location"": ""Covington, Henry County"", ""Address"": ""123 Industrial Blvd, Covington, GA 30014"", ""Latitude"": 33.4141149, ""Longitude"": -84.1586262, ""Primary Facility Type"": ""Manufacturing Plant"", ""EV Supply Chain Role"": ""Materials"", ""Primary OEMs"": ""Multiple OEMs"", ""Supplier or Affiliation Type"": ""Automotive supply chain participant"", ""Employment"": 130, ""Product / Service"": ""Chemically treated industrial yarns Rubber compounds for tires, mining conveyor belts, automotive floor mats, and windshield wiper blades"", ""EV / Battery Relevant"": ""Indirect"", ""Classification Method"": ""Supplier""}",False,"[{""type"": ""city_county_disagreement_with_local_reference"", ""provided_county"": ""Henry"", ""local_reference_county"": ""Newton"", ""action"": ""verify_external_source; do not overwrite seed""}]"
gnem_row_35,35,company_0493452f9eb077afb0f244bd,Sheet1,"{""Company"": ""DAS Corp."", ""Category"": ""Tier 2/3"", ""Industry Group"": "" Rubber and Miscellaneous Plastic Products"", ""Location"": ""Metter, Emanuel County"", ""Address"": ""730 Fortner Rd, Metter, GA 30439"", ""Latitude"": 32.3838336, ""Longitude"": -82.0753462, ""Primary Facility Type"": ""Manufacturing Plant"", ""EV Supply Chain Role"": ""Materials"", ""Primary OEMs"": ""Multiple OEMs"", ""Supplier or Affiliation Type"": ""Automotive supply chain participant"", ""Employment"": 85, ""Product / Service"": ""Automotive plastic coatings"", ""EV / Battery Relevant"": ""Indirect"", ""Classification Method"": ""Supplier""}",False,"[{""type"": ""city_county_disagreement_with_local_reference"", ""provided_county"": ""Emanuel"", ""local_reference_county"": ""Candler"", ""action"": ""verify_external_source; do not overwrite seed""}]"
gnem_row_39,39,company_554a225e8185b55b8a0a41bd,Sheet1,"{""Company"": ""Carcoustics USA"", ""Category"": ""Tier 2/3"", ""Industry Group"": "" Rubber and Miscellaneous Plastic Products"", ""Location"": ""Buford, Forsyth County"", ""Address"": ""4740 S Lee St, Buford, GA 30518"", ""Latitude"": 34.1143595, ""Longitude"": -84.0074037, ""Primary Facility Type"": ""Manufacturing Plant"", ""EV Supply Chain Role"": ""General Automotive"", ""Primary OEMs"": ""Multiple OEMs"", ""Supplier or Affiliation Type"": ""Automotive supply chain participant"", ""Employment"": 225, ""Product / Service"": ""Tires for light trucks, SUVs and commercial vehicles"", ""EV / Battery Relevant"": ""Indirect"", ""Classification Method"": ""Supplier""}",False,"[{""type"": ""city_county_disagreement_with_local_reference"", ""provided_county"": ""Forsyth"", ""local_reference_county"": ""Gwinnett/Hall"", ""action"": ""verify_external_source; do not overwrite seed""}]"
gnem_row_40,40,company_8102602c2cf120a2e06de532,Sheet1,"{""Company"": ""Archer Aviation Inc."", ""Category"": ""Tier 2/3"", ""Industry Group"": "" Chemicals and Allied Products"", ""Location"": ""Covington, Morgan County"", ""Address"": ""2151 Centennial Pkwy NE, Covington, GA 30014"", ""Latitude"": 33.5928931, ""Longitude"": -83.6101194, ""Primary Facility Type"": ""Manufacturing Plant"", ""EV Supply Chain Role"": ""General Automotive"", ""Primary OEMs"": ""Multiple OEMs"", ""Supplier or Affiliation Type"": ""Automotive supply chain participant"", ""Employment"": 200, ""Product / Service"": ""Powder coatings for automotive and other industries"", ""EV / Battery Relevant"": ""Indirect"", ""Classification Method"": ""Supplier""}",False,"[{""type"": ""city_county_disagreement_with_local_reference"", ""provided_county"": ""Morgan"", ""local_reference_county"": ""Newton"", ""action"": ""verify_external_source; do not overwrite seed""}]"
gnem_row_49,49,company_c01c638d33df890a6b51cd0c,Sheet1,"{""Company"": ""Elan Technology Inc."", ""Category"": ""Tier 2/3"", ""Industry Group"": "" Primary Metal Industries"", ""Location"": ""Midway, Bryan County"", ""Address"": ""169 Elan Court, Midway, GA 31320"", ""Latitude"": 31.7958661, ""Longitude"": -81.412058, ""Primary Facility Type"": ""Manufacturing Plant"", ""EV Supply Chain Role"": ""General Automotive"", ""Primary OEMs"": ""Multiple OEMs"", ""Supplier or Affiliation Type"": ""Automotive supply chain participant"", ""Employment"": 160, ""Product / Service"": ""Single and multimode fiber cables"", ""EV / Battery Relevant"": ""No"", ""Classification Method"": ""Supplier""}",False,"[{""type"": ""city_county_disagreement_with_local_reference"", ""provided_county"": ""Bryan"", ""local_reference_county"": ""Liberty"", ""action"": ""verify_external_source; do not overwrite seed""}]"
gnem_row_50,50,company_fc7c935e96c630b5d97e68a4,Sheet1,"{""Company"": ""Continental Automotive"", ""Category"": ""Tier 2/3"", ""Industry Group"": "" Rubber and Miscellaneous Plastic Products"", ""Location"": ""Fairburn, Fayette County"", ""Address"": ""7310 Oakley Industrial Blvd, Fairburn, GA 30213"", ""Latitude"": 33.5496124, ""Longitude"": -84.5424686, ""Primary Facility Type"": ""Manufacturing Plant"", ""EV Supply Chain Role"": ""General Automotive"", ""Primary OEMs"": ""Multiple OEMs"", ""Supplier or Affiliation Type"": ""Automotive supply chain participant"", ""Employment"": 160, ""Product / Service"": ""Rubber silicone molded components for medical, automotive, and industrial use"", ""EV / Battery Relevant"": ""Indirect"", ""Classification Method"": ""Supplier""}",False,"[{""type"": ""city_county_disagreement_with_local_reference"", ""provided_county"": ""Fayette"", ""local_reference_county"": ""Fulton"", ""action"": ""verify_external_source; do not overwrite seed""}]"
gnem_row_58,58,company_1586819e6c963998b5db83da,Sheet1,"{""Company"": ""Murata Electronics North America Inc."", ""Category"": ""Tier 1"", ""Industry Group"": "" Transportation Equipment"", ""Location"": ""Smyrna, Fulton County"", ""Address"": ""1000 Corporate Dr, Smyrna, GA 30080"", ""Latitude"": 33.8866538, ""Longitude"": -84.783561, ""Primary Facility Type"": ""Manufacturing Plant"", ""EV Supply Chain Role"": ""General Automotive"", ""Primary OEMs"": ""Multiple OEMs"", ""Supplier or Affiliation Type"": ""Automotive supply chain participant"", ""Employment"": 310, ""Product / Service"": ""Motor vehicle brake systems and parts"", ""EV / Battery Relevant"": ""Indirect"", ""Classification Method"": ""Supplier""}",False,"[{""type"": ""city_county_disagreement_with_local_reference"", ""provided_county"": ""Fulton"", ""local_reference_county"": ""Cobb"", ""action"": ""verify_external_source; do not overwrite seed""}]"
gnem_row_63,63,company_4744f7fd4e0e4f89f2f73b2a,Sheet1,"{""Company"": ""Neaton Rome Inc."", ""Category"": ""Tier 1"", ""Industry Group"": "" Transportation Equipment"", ""Location"": ""Rome, Cobb County"", ""Address"": ""1 Neaton Dr, Rome, GA 30161"", ""Latitude"": 33.766217, ""Longitude"": -84.713912, ""Primary Facility Type"": ""Manufacturing Plant"", ""EV Supply Chain Role"": ""General Automotive"", ""Primary OEMs"": ""Multiple OEMs"", ""Supplier or Affiliation Type"": ""Automotive supply chain participant"", ""Employment"": 300, ""Product / Service"": ""Automotive seating and interior electronics"", ""EV / Battery Relevant"": ""Indirect"", ""Classification Method"": ""Supplier""}",False,"[{""type"": ""city_county_disagreement_with_local_reference"", ""provided_county"": ""Cobb"", ""local_reference_county"": ""Floyd"", ""action"": ""verify_external_source; do not overwrite seed""}]"
gnem_row_64,64,company_2e20e495efaa524f3c7b4c3a,Sheet1,"{""Company"": ""Apache Mills Inc."", ""Category"": ""Tier 2/3"", ""Industry Group"": "" Paper and Allied Products"", ""Location"": ""Calhoun, Forsyth County"", ""Address"": ""3270 Joe Jerkins Blvd SE, Calhoun, GA 30701"", ""Latitude"": 34.1674763, ""Longitude"": -83.9581455, ""Primary Facility Type"": ""Manufacturing Plant"", ""EV Supply Chain Role"": ""General Automotive"", ""Primary OEMs"": ""Multiple OEMs"", ""Supplier or Affiliation Type"": ""Automotive supply chain participant"", ""Employment"": 140, ""Product / Service"": ""Engine filtration papers"", ""EV / Battery Relevant"": ""No"", ""Classification Method"": ""Supplier""}",False,"[{""type"": ""city_county_disagreement_with_local_reference"", ""provided_county"": ""Forsyth"", ""local_reference_county"": ""Gordon"", ""action"": ""verify_external_source; do not overwrite seed""}]"
gnem_row_67,67,company_5d6710bbebca17301582eef6,Sheet1,"{""Company"": ""ALBAform Inc."", ""Category"": ""Tier 2/3"", ""Industry Group"": "" Textile Products"", ""Location"": ""Flowery Branch, Forsyth County"", ""Address"": ""6505 McEver Rd, Flowery Branch, GA 30542"", ""Latitude"": 34.1674763, ""Longitude"": -83.9581455, ""Primary Facility Type"": ""Manufacturing Plant"", ""EV Supply Chain Role"": ""General Automotive"", ""Primary OEMs"": ""Multiple OEMs"", ""Supplier or Affiliation Type"": ""Automotive supply chain participant"", ""Employment"": 130, ""Product / Service"": ""Floor mats, trunk mats, seat covers and seat vests"", ""EV / Battery Relevant"": ""No"", ""Classification Method"": ""Supplier""}",False,"[{""type"": ""city_county_disagreement_with_local_reference"", ""provided_county"": ""Forsyth"", ""local_reference_county"": ""Hall"", ""action"": ""verify_external_source; do not overwrite seed""}]"
gnem_row_69,69,company_0f47bea73e79482f99163b3b,Sheet1,"{""Company"": ""FREYR Battery"", ""Category"": ""Tier 2/3"", ""Industry Group"": "" Fabricated Metal Products"", ""Location"": ""Atlanta, Cobb County"", ""Address"": ""601 10th St NW, Suite 400, Atlanta, GA 30318"", ""Latitude"": 33.7817149, ""Longitude"": -84.4078083, ""Primary Facility Type"": ""Manufacturing Plant"", ""EV Supply Chain Role"": ""General Automotive"", ""Primary OEMs"": ""Multiple OEMs"", ""Supplier or Affiliation Type"": ""Automotive supply chain participant"", ""Employment"": 110, ""Product / Service"": ""Decorative and functional coating systems"", ""EV / Battery Relevant"": ""No"", ""Classification Method"": ""Supplier""}",False,"[{""type"": ""city_county_disagreement_with_local_reference"", ""provided_county"": ""Cobb"", ""local_reference_county"": ""Fulton/DeKalb"", ""action"": ""verify_external_source; do not overwrite seed""}]"
gnem_row_71,71,company_5b628ee8f4aa57a92808347b,Sheet1,"{""Company"": ""Denso Manufacturing Georgia"", ""Category"": ""Tier 2/3"", ""Industry Group"": "" Stone, Clay, Glass and Concrete Products"", ""Location"": ""Pendergrass, Hall County"", ""Address"": ""1000 Valentine Industrial Pkwy, Pendergrass, GA 30567"", ""Latitude"": 34.1800115, ""Longitude"": -83.642691, ""Primary Facility Type"": ""Manufacturing Plant"", ""EV Supply Chain Role"": ""General Automotive"", ""Primary OEMs"": ""Multiple OEMs"", ""Supplier or Affiliation Type"": ""Automotive supply chain participant"", ""Employment"": 105, ""Product / Service"": ""Custom-designed shot peening and surface preparation surfaces"", ""EV / Battery Relevant"": ""No"", ""Classification Method"": ""Supplier""}",False,"[{""type"": ""city_county_disagreement_with_local_reference"", ""provided_county"": ""Hall"", ""local_reference_county"": ""Jackson"", ""action"": ""verify_external_source; do not overwrite seed""}]"
gnem_row_74,74,company_4cf9aea6b8343b258d83e9d6,Sheet1,"{""Company"": ""GEDIA Georgia LLC"", ""Category"": ""Tier 2/3"", ""Industry Group"": "" Fabricated Metal Products"", ""Location"": ""Dalton, Cobb County"", ""Address"": ""1 GEDIA Way, Dalton, GA 30721"", ""Latitude"": 33.7822022, ""Longitude"": -84.4078083, ""Primary Facility Type"": ""Manufacturing Plant"", ""EV Supply Chain Role"": ""General Automotive"", ""Primary OEMs"": ""Multiple OEMs"", ""Supplier or Affiliation Type"": ""Automotive supply chain participant"", ""Employment"": 100, ""Product / Service"": ""Automotive stampings"", ""EV / Battery Relevant"": ""Indirect"", ""Classification Method"": ""Supplier""}",False,"[{""type"": ""city_county_disagreement_with_local_reference"", ""provided_county"": ""Cobb"", ""local_reference_county"": ""Whitfield"", ""action"": ""verify_external_source; do not overwrite seed""}]"
gnem_row_78,78,company_1a995c929c9b6b4f4eafd428,Sheet1,"{""Company"": ""Hollingsworth & Vose Co."", ""Category"": ""Tier 1/2"", ""Industry Group"": "" Electronic and Other Electrical Equipment and Components"", ""Location"": ""Hawkinsville, Bleckley County"", ""Address"": ""111 Hollingsworth & Vose Rd, Hawkinsville, GA 31036"", ""Latitude"": 32.2835422, ""Longitude"": -83.4667907, ""Primary Facility Type"": ""Manufacturing Plant"", ""EV Supply Chain Role"": ""Battery Pack"", ""Primary OEMs"": ""Hyundai Kia"", ""Supplier or Affiliation Type"": ""Automotive supply chain participant"", ""Employment"": 400, ""Product / Service"": ""Lithium-ion battery materials"", ""EV / Battery Relevant"": ""Yes"", ""Classification Method"": ""Supplier""}",False,"[{""type"": ""city_county_disagreement_with_local_reference"", ""provided_county"": ""Bleckley"", ""local_reference_county"": ""Pulaski"", ""action"": ""verify_external_source; do not overwrite seed""}]"
gnem_row_79,79,company_19c065ceff1df6bfa321c147,Sheet1,"{""Company"": ""Honda Development & Manufacturing"", ""Category"": ""Tier 1/2"", ""Industry Group"": "" Electronic and Other Electrical Equipment and Components"", ""Location"": ""Tallapoosa, Cherokee County"", ""Address"": ""1000 Honda Dr, Tallapoosa, GA 30176"", ""Latitude"": 34.2575874, ""Longitude"": -84.5070413, ""Primary Facility Type"": ""Manufacturing Plant"", ""EV Supply Chain Role"": ""Battery Cell"", ""Primary OEMs"": ""Hyundai Kia"", ""Supplier or Affiliation Type"": ""Automotive supply chain participant"", ""Employment"": 400, ""Product / Service"": ""Battery cells for electric mobility"", ""EV / Battery Relevant"": ""Yes"", ""Classification Method"": ""Supplier""}",False,"[{""type"": ""city_county_disagreement_with_local_reference"", ""provided_county"": ""Cherokee"", ""local_reference_county"": ""Haralson"", ""action"": ""verify_external_source; do not overwrite seed""}]"
gnem_row_80,80,company_26beff672f7c2515d668d5a8,Sheet1,"{""Company"": ""Hwashin"", ""Category"": ""Tier 1/2"", ""Industry Group"": "" Electronic and Other Electrical Equipment and Components"", ""Location"": ""LaGrange, Carroll County"", ""Address"": ""1465 Troup Industrial Blvd, LaGrange, GA 30240"", ""Latitude"": 33.6931709, ""Longitude"": -85.2753961, ""Primary Facility Type"": ""Manufacturing Plant"", ""EV Supply Chain Role"": ""General Automotive"", ""Primary OEMs"": ""Multiple OEMs"", ""Supplier or Affiliation Type"": ""Automotive supply chain participant"", ""Employment"": 285, ""Product / Service"": ""Modules and storage systems"", ""EV / Battery Relevant"": ""No"", ""Classification Method"": ""Supplier""}",False,"[{""type"": ""city_county_disagreement_with_local_reference"", ""provided_county"": ""Carroll"", ""local_reference_county"": ""Troup"", ""action"": ""verify_external_source; do not overwrite seed""}]"
gnem_row_83,83,company_90ce15ff13f865cb62749afb,Sheet1,"{""Company"": ""GLOVIS Georgia LLC"", ""Category"": ""Tier 2/3"", ""Industry Group"": "" Fabricated Metal Products"", ""Location"": ""Savannah, Bryan County"", ""Address"": ""127 N Park Ct, Savannah, GA 31407"", ""Latitude"": 32.231682, ""Longitude"": -81.1991214, ""Primary Facility Type"": ""Manufacturing Plant"", ""EV Supply Chain Role"": ""General Automotive"", ""Primary OEMs"": ""Multiple OEMs"", ""Supplier or Affiliation Type"": ""Automotive supply chain participant"", ""Employment"": 90, ""Product / Service"": ""Metal parts and subassemblies for the automotive industry"", ""EV / Battery Relevant"": ""Indirect"", ""Classification Method"": ""Supplier""}",False,"[{""type"": ""city_county_disagreement_with_local_reference"", ""provided_county"": ""Bryan"", ""local_reference_county"": ""Chatham"", ""action"": ""verify_external_source; do not overwrite seed""}]"
gnem_row_86,86,company_8d42c7988edcfa40dca2f234,Sheet1,"{""Company"": ""Daimler Truck North America"", ""Category"": ""Tier 2/3"", ""Industry Group"": "" Rubber and Miscellaneous Plastic Products"", ""Location"": ""Covington, Henry County"", ""Address"": ""7400 E Freeman Pkwy, Covington, GA 30014"", ""Latitude"": 33.5182052, ""Longitude"": -84.0153106, ""Primary Facility Type"": ""Manufacturing Plant"", ""EV Supply Chain Role"": ""General Automotive"", ""Primary OEMs"": ""Multiple OEMs"", ""Supplier or Affiliation Type"": ""Automotive supply chain participant"", ""Employment"": 85, ""Product / Service"": ""Pre-molded tire treads"", ""EV / Battery Relevant"": ""No"", ""Classification Method"": ""Supplier""}",False,"[{""type"": ""city_county_disagreement_with_local_reference"", ""provided_county"": ""Henry"", ""local_reference_county"": ""Newton"", ""action"": ""verify_external_source; do not overwrite seed""}]"
gnem_row_87,87,company_b1eb8328a45bb51000d1ecaa,Sheet1,"{""Company"": ""IMMI"", ""Category"": ""Tier 1/2"", ""Industry Group"": "" Electronic and Other Electrical Equipment and Components"", ""Location"": ""Dublin, Johnson County"", ""Address"": ""2002 Industrial Park Dr, Dublin, GA 31021"", ""Latitude"": 32.511763, ""Longitude"": -82.923552, ""Primary Facility Type"": ""Manufacturing Plant"", ""EV Supply Chain Role"": ""Battery Pack"", ""Primary OEMs"": ""Hyundai Kia"", ""Supplier or Affiliation Type"": ""Automotive supply chain participant"", ""Employment"": 100, ""Product / Service"": ""Battery electrolyte"", ""EV / Battery Relevant"": ""Yes"", ""Classification Method"": ""Supplier""}",False,"[{""type"": ""city_county_disagreement_with_local_reference"", ""provided_county"": ""Johnson"", ""local_reference_county"": ""Laurens"", ""action"": ""verify_external_source; do not overwrite seed""}]"
gnem_row_90,90,company_3d6e0348f06d2e4c8bef6828,Sheet1,"{""Company"": ""JAC Products Inc."", ""Category"": ""Tier 1/2"", ""Industry Group"": "" Electronic and Other Electrical Equipment and Components"", ""Location"": ""Jefferson, Barrow County"", ""Address"": ""120 Logistics Pkwy, Jefferson, GA 30549"", ""Latitude"": 34.10601, ""Longitude"": -83.589021, ""Primary Facility Type"": ""Manufacturing Plant"", ""EV Supply Chain Role"": ""General Automotive"", ""Primary OEMs"": ""Multiple OEMs"", ""Supplier or Affiliation Type"": ""Automotive supply chain participant"", ""Employment"": 63, ""Product / Service"": ""Switches, resistors and related products"", ""EV / Battery Relevant"": ""No"", ""Classification Method"": ""Supplier""}",False,"[{""type"": ""city_county_disagreement_with_local_reference"", ""provided_county"": ""Barrow"", ""local_reference_county"": ""Jackson"", ""action"": ""verify_external_source; do not overwrite seed""}]"
gnem_row_92,92,company_b7bd683c22b8b3f21d8e9f7d,Sheet1,"{""Company"": ""Jefferson Southern Corporation"", ""Category"": ""Tier 1"", ""Industry Group"": "" Transportation Equipment"", ""Location"": ""Commerce, Forsyth County"", ""Address"": ""1 Jefferson Southern Dr, Commerce, GA 30529"", ""Latitude"": 34.197573, ""Longitude"": -84.0452959, ""Primary Facility Type"": ""Manufacturing Plant"", ""EV Supply Chain Role"": ""General Automotive"", ""Primary OEMs"": ""Multiple OEMs"", ""Supplier or Affiliation Type"": ""Automotive supply chain participant"", ""Employment"": 900, ""Product / Service"": ""Stamped metal automobile body parts"", ""EV / Battery Relevant"": ""No"", ""Classification Method"": ""Supplier""}",False,"[{""type"": ""city_county_disagreement_with_local_reference"", ""provided_county"": ""Forsyth"", ""local_reference_county"": ""Jackson"", ""action"": ""verify_external_source; do not overwrite seed""}]"
gnem_row_93,93,company_933e96a9f78bb1d41d7089e0,Sheet1,"{""Company"": ""Joon Georgia, Inc."", ""Category"": ""Tier 1"", ""Industry Group"": "" Transportation Equipment"", ""Location"": ""West Point, Chattahoochee County"", ""Address"": ""100 Industrial Park Rd, West Point, GA 31833"", ""Latitude"": 32.314089, ""Longitude"": -84.78927, ""Primary Facility Type"": ""Manufacturing Plant"", ""EV Supply Chain Role"": ""General Automotive"", ""Primary OEMs"": ""Multiple OEMs"", ""Supplier or Affiliation Type"": ""Automotive supply chain participant"", ""Employment"": 900, ""Product / Service"": ""Seats and seat foam pads"", ""EV / Battery Relevant"": ""No"", ""Classification Method"": ""Supplier""}",False,"[{""type"": ""city_county_disagreement_with_local_reference"", ""provided_county"": ""Chattahoochee"", ""local_reference_county"": ""Harris/Troup"", ""action"": ""verify_external_source; do not overwrite seed""}]"
gnem_row_97,97,company_98ae8e7c06629f61cd42906f,Sheet1,"{""Company"": ""KTX America Corporation"", ""Category"": ""Tier 1"", ""Industry Group"": "" Transportation Equipment"", ""Location"": ""LaGrange, Meriwether County"", ""Address"": ""205 KTX Dr, LaGrange, GA 30240"", ""Latitude"": 33.163387, ""Longitude"": -84.766589, ""Primary Facility Type"": ""Manufacturing Plant"", ""EV Supply Chain Role"": ""General Automotive"", ""Primary OEMs"": ""Multiple OEMs"", ""Supplier or Affiliation Type"": ""Automotive supply chain participant"", ""Employment"": 740, ""Product / Service"": ""Stamped components and decorative trim"", ""EV / Battery Relevant"": ""No"", ""Classification Method"": ""Supplier""}",False,"[{""type"": ""city_county_disagreement_with_local_reference"", ""provided_county"": ""Meriwether"", ""local_reference_county"": ""Troup"", ""action"": ""verify_external_source; do not overwrite seed""}]"
gnem_row_102,102,company_ccca310b7ffd19ccc338c019,Sheet1,"{""Company"": ""Lehigh Technologies Inc."", ""Category"": ""Tier 1"", ""Industry Group"": "" Transportation Equipment"", ""Location"": ""Tucker, Gwinnett County"", ""Address"": ""1000 New Horizons Way, Tucker, GA 30084"", ""Latitude"": 33.760895, ""Longitude"": -83.862556, ""Primary Facility Type"": ""Manufacturing Plant"", ""EV Supply Chain Role"": ""General Automotive"", ""Primary OEMs"": ""Multiple OEMs"", ""Supplier or Affiliation Type"": ""Automotive supply chain participant"", ""Employment"": 520, ""Product / Service"": ""Suspension related functional components"", ""EV / Battery Relevant"": ""No"", ""Classification Method"": ""Supplier""}",False,"[{""type"": ""city_county_disagreement_with_local_reference"", ""provided_county"": ""Gwinnett"", ""local_reference_county"": ""DeKalb"", ""action"": ""verify_external_source; do not overwrite seed""}]"
gnem_row_104,104,company_90866fc8cf495eea5d2f62ee,Sheet1,"{""Company"": ""Decostar Industries"", ""Category"": ""Tier 2/3"", ""Industry Group"": "" Rubber and Miscellaneous Plastic Products"", ""Location"": ""Buchanan, Polk County"", ""Address"": ""219 Evans Dr, Buchanan, GA 30113"", ""Latitude"": 33.9059545, ""Longitude"": -85.1491682, ""Primary Facility Type"": ""Manufacturing Plant"", ""EV Supply Chain Role"": ""General Automotive"", ""Primary OEMs"": ""Multiple OEMs"", ""Supplier or Affiliation Type"": ""Automotive supply chain participant"", ""Employment"": 80, ""Product / Service"": ""Black and color elastomeric compounding"", ""EV / Battery Relevant"": ""No"", ""Classification Method"": ""Supplier""}",False,"[{""type"": ""city_county_disagreement_with_local_reference"", ""provided_county"": ""Polk"", ""local_reference_county"": ""Haralson"", ""action"": ""verify_external_source; do not overwrite seed""}]"
gnem_row_108,108,company_b7b4dc548795424b83c672ad,Sheet1,"{""Company"": ""Goodyear Tire & Rubber Co."", ""Category"": ""Tier 2/3"", ""Industry Group"": "" Fabricated Metal Products"", ""Location"": ""Atlanta, Clayton County"", ""Address"": ""1420 Phoenix Blvd, Suite 300, Atlanta, GA 30349"", ""Latitude"": 33.6143207, ""Longitude"": -84.4387649, ""Primary Facility Type"": ""Manufacturing Plant"", ""EV Supply Chain Role"": ""General Automotive"", ""Primary OEMs"": ""Multiple OEMs"", ""Supplier or Affiliation Type"": ""Automotive supply chain participant"", ""Employment"": 80, ""Product / Service"": ""Coiled and flat springs for power train, chassis and body applications"", ""EV / Battery Relevant"": ""No"", ""Classification Method"": ""Supplier""}",False,"[{""type"": ""city_county_disagreement_with_local_reference"", ""provided_county"": ""Clayton"", ""local_reference_county"": ""Fulton/DeKalb"", ""action"": ""verify_external_source; do not overwrite seed""}]"
gnem_row_113,113,company_04aa588dd09fd1f4ac08e185,Sheet1,"{""Company"": ""Maxxis International USA"", ""Category"": ""Tier 1"", ""Industry Group"": "" Transportation Equipment"", ""Location"": ""Suwanee, Clayton County"", ""Address"": ""100 International Pkwy, Suwanee, GA 30024"", ""Latitude"": 33.6352704, ""Longitude"": -84.3965777, ""Primary Facility Type"": ""Manufacturing Plant"", ""EV Supply Chain Role"": ""General Automotive"", ""Primary OEMs"": ""Multiple OEMs"", ""Supplier or Affiliation Type"": ""Automotive supply chain participant"", ""Employment"": 400, ""Product / Service"": ""Brake systems"", ""EV / Battery Relevant"": ""No"", ""Classification Method"": ""Supplier""}",False,"[{""type"": ""city_county_disagreement_with_local_reference"", ""provided_county"": ""Clayton"", ""local_reference_county"": ""Gwinnett"", ""action"": ""verify_external_source; do not overwrite seed""}]"
gnem_row_115,115,company_a67cb8fe187afc2e4991e639,Sheet1,"{""Company"": ""DeKalb Tool & Die Inc."", ""Category"": ""Tier 2/3"", ""Industry Group"": "" Rubber and Miscellaneous Plastic Products"", ""Location"": ""Tucker, Gwinnett County"", ""Address"": ""2220 Stephens Dr, Tucker, GA 30084"", ""Latitude"": 33.849158, ""Longitude"": -84.230399, ""Primary Facility Type"": ""Manufacturing Plant"", ""EV Supply Chain Role"": ""General Automotive"", ""Primary OEMs"": ""Multiple OEMs"", ""Supplier or Affiliation Type"": ""Automotive supply chain participant"", ""Employment"": 70, ""Product / Service"": ""Truck interior cab components and exterior lights to HVAC and under the hood engine parts"", ""EV / Battery Relevant"": ""No"", ""Classification Method"": ""Supplier""}",False,"[{""type"": ""city_county_disagreement_with_local_reference"", ""provided_county"": ""Gwinnett"", ""local_reference_county"": ""DeKalb"", ""action"": ""verify_external_source; do not overwrite seed""}]"
gnem_row_117,117,company_d4ec137cd59e7e026abc774c,Sheet1,"{""Company"": ""Minebea AccessSolutions USA Inc."", ""Category"": ""OEM"", ""Industry Group"": "" Transportation Equipment"", ""Location"": ""Gainesville, Cobb County"", ""Address"": ""200 Access Way, Gainesville, GA 30501"", ""Latitude"": 33.7654713, ""Longitude"": -84.4239872, ""Primary Facility Type"": ""Headquarters"", ""EV Supply Chain Role"": ""General Automotive"", ""Primary OEMs"": ""Porsche Cars North America Inc."", ""Supplier or Affiliation Type"": ""Original Equipment Manufacturer"", ""Employment"": 400, ""Product / Service"": ""Headquarters and distribution location"", ""EV / Battery Relevant"": ""No"", ""Classification Method"": ""Direct Manufacturer""}",False,"[{""type"": ""city_county_disagreement_with_local_reference"", ""provided_county"": ""Cobb"", ""local_reference_county"": ""Hall"", ""action"": ""verify_external_source; do not overwrite seed""}]"
gnem_row_119,119,company_10d15bbbe68ff2be14d6aec2,Sheet1,"{""Company"": ""MollerTech LLC"", ""Category"": ""Tier 1"", ""Industry Group"": "" Transportation Equipment"", ""Location"": ""Dalton, Murray County"", ""Address"": ""100 Mollertech Dr, Dalton, GA 30721"", ""Latitude"": 34.788493, ""Longitude"": -84.91381, ""Primary Facility Type"": ""Manufacturing Plant"", ""EV Supply Chain Role"": ""General Automotive"", ""Primary OEMs"": ""Multiple OEMs"", ""Supplier or Affiliation Type"": ""Automotive supply chain participant"", ""Employment"": 350, ""Product / Service"": ""Injection molded components"", ""EV / Battery Relevant"": ""No"", ""Classification Method"": ""Supplier""}",False,"[{""type"": ""city_county_disagreement_with_local_reference"", ""provided_county"": ""Murray"", ""local_reference_county"": ""Whitfield"", ""action"": ""verify_external_source; do not overwrite seed""}]"
gnem_row_121,121,company_83738a1fb07cdd4d4438490b,Sheet1,"{""Company"": ""HELLA Automotive Sales Inc."", ""Category"": ""Tier 2/3"", ""Industry Group"": "" Machinery Except Electrical"", ""Location"": ""Atlanta, Cobb County"", ""Address"": ""2018 Powers Ferry Rd SE, Suite 400, Atlanta, GA 30339"", ""Latitude"": 33.9022104, ""Longitude"": -84.4579122, ""Primary Facility Type"": ""Manufacturing Plant"", ""EV Supply Chain Role"": ""General Automotive"", ""Primary OEMs"": ""Multiple OEMs"", ""Supplier or Affiliation Type"": ""Automotive supply chain participant"", ""Employment"": 70, ""Product / Service"": ""Speed changers and drives"", ""EV / Battery Relevant"": ""No"", ""Classification Method"": ""Supplier""}",False,"[{""type"": ""city_county_disagreement_with_local_reference"", ""provided_county"": ""Cobb"", ""local_reference_county"": ""Fulton/DeKalb"", ""action"": ""verify_external_source; do not overwrite seed""}]"
gnem_row_123,123,company_88a2081314267701955f6546,Sheet1,"{""Company"": ""Nidec Elesys Americas Corp."", ""Category"": ""Tier 1"", ""Industry Group"": "" Transportation Equipment"", ""Location"": ""Suwanee, Forsyth County"", ""Address"": ""3900 Lakefield Ct, Suwanee, GA 30024"", ""Latitude"": 34.064876, ""Longitude"": -84.156737, ""Primary Facility Type"": ""Manufacturing Plant"", ""EV Supply Chain Role"": ""General Automotive"", ""Primary OEMs"": ""Multiple OEMs"", ""Supplier or Affiliation Type"": ""Automotive supply chain participant"", ""Employment"": 300, ""Product / Service"": ""Seating systems"", ""EV / Battery Relevant"": ""No"", ""Classification Method"": ""Supplier""}",False,"[{""type"": ""city_county_disagreement_with_local_reference"", ""provided_county"": ""Forsyth"", ""local_reference_county"": ""Gwinnett"", ""action"": ""verify_external_source; do not overwrite seed""}]"
gnem_row_124,124,company_7849dc05e9630d0106497b00,Sheet1,"{""Company"": ""NIFCO KTW America Corp."", ""Category"": ""Tier 1"", ""Industry Group"": "" Transportation Equipment"", ""Location"": ""Toccoa, Franklin County"", ""Address"": ""100 Nifco Way, Toccoa, GA 30577"", ""Latitude"": 34.5179964289089, ""Longitude"": -83.2222868993427, ""Primary Facility Type"": ""Manufacturing Plant"", ""EV Supply Chain Role"": ""General Automotive"", ""Primary OEMs"": ""Multiple OEMs"", ""Supplier or Affiliation Type"": ""Automotive supply chain participant"", ""Employment"": 300, ""Product / Service"": ""Inventory management for Kia"", ""EV / Battery Relevant"": ""No"", ""Classification Method"": ""Supplier""}",False,"[{""type"": ""city_county_disagreement_with_local_reference"", ""provided_county"": ""Franklin"", ""local_reference_county"": ""Stephens"", ""action"": ""verify_external_source; do not overwrite seed""}]"
gnem_row_128,128,company_3d4d0f99f4974152e5c9657d,Sheet1,"{""Company"": ""Propex Operating Co. LLC"", ""Category"": ""Tier 1"", ""Industry Group"": "" Transportation Equipment"", ""Location"": ""Pooler, Bryan County"", ""Address"": ""490 Chatham Pkwy, Pooler, GA 31322"", ""Latitude"": 32.0941218, ""Longitude"": -81.1629908, ""Primary Facility Type"": ""Manufacturing Plant"", ""EV Supply Chain Role"": ""General Automotive"", ""Primary OEMs"": ""Multiple OEMs"", ""Supplier or Affiliation Type"": ""Automotive supply chain participant"", ""Employment"": 120, ""Product / Service"": ""Ventvisors, hood shields, floor mats, automotive accessories"", ""EV / Battery Relevant"": ""Indirect"", ""Classification Method"": ""Supplier""}",False,"[{""type"": ""city_county_disagreement_with_local_reference"", ""provided_county"": ""Bryan"", ""local_reference_county"": ""Chatham"", ""action"": ""verify_external_source; do not overwrite seed""}]"
gnem_row_132,132,company_733f406bade7f8e2e5e1a4ac,Sheet1,"{""Company"": ""RealTruck"", ""Category"": ""Tier 1"", ""Industry Group"": "" Transportation Equipment"", ""Location"": ""Peachtree City, Walker County"", ""Address"": ""1656 Airport Rd N, Peachtree City, GA 30269"", ""Latitude"": 34.588242, ""Longitude"": -85.2883229, ""Primary Facility Type"": ""Manufacturing Plant"", ""EV Supply Chain Role"": ""General Automotive"", ""Primary OEMs"": ""Multiple OEMs"", ""Supplier or Affiliation Type"": ""Automotive supply chain participant"", ""Employment"": 110, ""Product / Service"": ""Automotive lighting and electronics"", ""EV / Battery Relevant"": ""Indirect"", ""Classification Method"": ""Supplier""}",False,"[{""type"": ""city_county_disagreement_with_local_reference"", ""provided_county"": ""Walker"", ""local_reference_county"": ""Fayette"", ""action"": ""verify_external_source; do not overwrite seed""}]"
gnem_row_143,143,company_2fc6813eb9f41f003204ef69,Sheet1,"{""Company"": ""PHA Body Systems LLC"", ""Category"": ""Tier 1"", ""Industry Group"": "" Transportation Equipment"", ""Location"": ""Bloomingdale, Bryan County"", ""Address"": ""300 Monahan Drive, Bloomingdale, GA 31302"", ""Latitude"": 32.1009741405683, ""Longitude"": -81.3560273906067, ""Primary Facility Type"": ""Manufacturing Plant"", ""EV Supply Chain Role"": ""Materials"", ""Primary OEMs"": ""Multiple OEMs"", ""Supplier or Affiliation Type"": ""Automotive supply chain participant"", ""Employment"": 145, ""Product / Service"": ""Plastic fuel tanks and sunroofs"", ""EV / Battery Relevant"": ""No"", ""Classification Method"": ""Supplier""}",False,"[{""type"": ""city_county_disagreement_with_local_reference"", ""provided_county"": ""Bryan"", ""local_reference_county"": ""Chatham"", ""action"": ""verify_external_source; do not overwrite seed""}]"
gnem_row_145,145,company_12e67d5ae5db170e67a50b2e,Sheet1,"{""Company"": ""Robert Bosch LLC"", ""Category"": ""Tier 1"", ""Industry Group"": "" Transportation Equipment"", ""Location"": ""Flowery Branch, Forsyth County"", ""Address"": ""6330 W Broad St, Flowery Branch, GA 30542"", ""Latitude"": 34.1062368, ""Longitude"": -84.0326857, ""Primary Facility Type"": ""Manufacturing Plant"", ""EV Supply Chain Role"": ""General Automotive"", ""Primary OEMs"": ""Multiple OEMs"", ""Supplier or Affiliation Type"": ""Automotive supply chain participant"", ""Employment"": 100, ""Product / Service"": ""Automotive powertrain systems"", ""EV / Battery Relevant"": ""Indirect"", ""Classification Method"": ""Supplier""}",False,"[{""type"": ""city_county_disagreement_with_local_reference"", ""provided_county"": ""Forsyth"", ""local_reference_county"": ""Hall"", ""action"": ""verify_external_source; do not overwrite seed""}]"
gnem_row_148,148,company_d52e9e16bbe521b4e9847297,Sheet1,"{""Company"": ""PPG Industries Inc."", ""Category"": ""Tier 1"", ""Industry Group"": "" Transportation Equipment"", ""Location"": ""Calhoun, Whitfield County"", ""Address"": ""500 Enterprise Dr, Calhoun, GA 30701"", ""Latitude"": 34.6994514, ""Longitude"": -84.948505, ""Primary Facility Type"": ""Manufacturing Plant"", ""EV Supply Chain Role"": ""General Automotive"", ""Primary OEMs"": ""Multiple OEMs"", ""Supplier or Affiliation Type"": ""Automotive supply chain participant"", ""Employment"": 120, ""Product / Service"": ""Muffler and exhaust systems"", ""EV / Battery Relevant"": ""No"", ""Classification Method"": ""Supplier""}",False,"[{""type"": ""city_county_disagreement_with_local_reference"", ""provided_county"": ""Whitfield"", ""local_reference_county"": ""Gordon"", ""action"": ""verify_external_source; do not overwrite seed""}]"
gnem_row_150,150,company_29f6309444ab2e1c3472c3a7,Sheet1,"{""Company"": ""QSR Inc."", ""Category"": ""Tier 1"", ""Industry Group"": "" Transportation Equipment"", ""Location"": ""LaGrange, Clayton County"", ""Address"": ""135 QSR Rd, LaGrange, GA 30240"", ""Latitude"": 33.555885, ""Longitude"": -84.443148, ""Primary Facility Type"": ""Manufacturing Plant"", ""EV Supply Chain Role"": ""General Automotive"", ""Primary OEMs"": ""Multiple OEMs"", ""Supplier or Affiliation Type"": ""Automotive supply chain participant"", ""Employment"": 120, ""Product / Service"": ""Functional aftermarket accessories for trucks and SUVs"", ""EV / Battery Relevant"": ""No"", ""Classification Method"": ""Supplier""}",False,"[{""type"": ""city_county_disagreement_with_local_reference"", ""provided_county"": ""Clayton"", ""local_reference_county"": ""Troup"", ""action"": ""verify_external_source; do not overwrite seed""}]"
gnem_row_154,154,company_0840ca72a880ea975df81150,Sheet1,"{""Company"": ""SHIROKI North America Inc"", ""Category"": ""Tier 1"", ""Industry Group"": "" Transportation Equipment"", ""Location"": ""LaGrange, Clayton County"", ""Address"": ""100 Shiroki Way, LaGrange, GA 30241"", ""Latitude"": 33.558724, ""Longitude"": -84.44865, ""Primary Facility Type"": ""Manufacturing Plant"", ""EV Supply Chain Role"": ""General Automotive"", ""Primary OEMs"": ""Blue Bird"", ""Supplier or Affiliation Type"": ""Automotive supply chain participant"", ""Employment"": 75, ""Product / Service"": ""Exhaust and emission systems for trucks, buses, vans and industrial vehicles"", ""EV / Battery Relevant"": ""Indirect"", ""Classification Method"": ""Supplier""}",False,"[{""type"": ""city_county_disagreement_with_local_reference"", ""provided_county"": ""Clayton"", ""local_reference_county"": ""Troup"", ""action"": ""verify_external_source; do not overwrite seed""}]"
gnem_row_156,156,company_e9fd0ec8b547bf4492af2a45,Sheet1,"{""Company"": ""Sejong Georgia LLC"", ""Category"": ""Tier 1"", ""Industry Group"": "" Transportation Equipment"", ""Location"": ""Jefferson, Barrow County"", ""Address"": ""100 Sejong Way, Jefferson, GA 30549"", ""Latitude"": 34.10601, ""Longitude"": -83.589021, ""Primary Facility Type"": ""Manufacturing Plant"", ""EV Supply Chain Role"": ""General Automotive"", ""Primary OEMs"": ""Multiple OEMs"", ""Supplier or Affiliation Type"": ""Automotive supply chain participant"", ""Employment"": 90, ""Product / Service"": ""NVH parts and interior components"", ""EV / Battery Relevant"": ""No"", ""Classification Method"": ""Supplier""}",False,"[{""type"": ""city_county_disagreement_with_local_reference"", ""provided_county"": ""Barrow"", ""local_reference_county"": ""Jackson"", ""action"": ""verify_external_source; do not overwrite seed""}]"
gnem_row_157,157,company_07bdb7c1d1dbfa2bc94f0282,Sheet1,"{""Company"": ""Seohan Auto USA"", ""Category"": ""Tier 1"", ""Industry Group"": "" Transportation Equipment"", ""Location"": ""LaGrange, Lamar County"", ""Address"": ""850 Lamar St, LaGrange, GA 30240"", ""Latitude"": 33.0528839, ""Longitude"": -84.1616017, ""Primary Facility Type"": ""Manufacturing Plant"", ""EV Supply Chain Role"": ""General Automotive"", ""Primary OEMs"": ""Multiple OEMs"", ""Supplier or Affiliation Type"": ""Automotive supply chain participant"", ""Employment"": 85, ""Product / Service"": ""Custom made cargo trailers Ben"", ""EV / Battery Relevant"": ""No"", ""Classification Method"": ""Supplier""}",False,"[{""type"": ""city_county_disagreement_with_local_reference"", ""provided_county"": ""Lamar"", ""local_reference_county"": ""Troup"", ""action"": ""verify_external_source; do not overwrite seed""}]"
gnem_row_160,160,company_2703f483acb6cc525b6a7848,Sheet1,"{""Company"": ""Solvay Specialty Polymers USA LLC"", ""Category"": ""Tier 1"", ""Industry Group"": "" Transportation Equipment"", ""Location"": ""Augusta, Elbert County"", ""Address"": ""600 Patterson Ave, Augusta, GA 30901"", ""Latitude"": 34.1033951, ""Longitude"": -82.8532769, ""Primary Facility Type"": ""Manufacturing Plant"", ""EV Supply Chain Role"": ""General Automotive"", ""Primary OEMs"": ""Multiple OEMs"", ""Supplier or Affiliation Type"": ""Automotive supply chain participant"", ""Employment"": 70, ""Product / Service"": ""Automotive wire harnesses"", ""EV / Battery Relevant"": ""Indirect"", ""Classification Method"": ""Supplier""}",False,"[{""type"": ""city_county_disagreement_with_local_reference"", ""provided_county"": ""Elbert"", ""local_reference_county"": ""Richmond"", ""action"": ""verify_external_source; do not overwrite seed""}]"
gnem_row_166,166,company_5e93b599969eccdd9ccfe0a3,Sheet1,"{""Company"": ""Jefferson Southern Corp."", ""Category"": ""Tier 1/2"", ""Industry Group"": "" Electronic and Other Electrical Equipment and Components"", ""Location"": ""Commerce, Forsyth County"", ""Address"": ""1 Jefferson Southern Dr, Commerce, GA 30529"", ""Latitude"": 34.197573, ""Longitude"": -84.0452959, ""Primary Facility Type"": ""Manufacturing Plant"", ""EV Supply Chain Role"": ""General Automotive"", ""Primary OEMs"": ""Multiple OEMs"", ""Supplier or Affiliation Type"": ""Automotive supply chain participant"", ""Employment"": 50, ""Product / Service"": ""High current switches and resistors for automotive HVAC systems"", ""EV / Battery Relevant"": ""Indirect"", ""Classification Method"": ""Supplier""}",False,"[{""type"": ""city_county_disagreement_with_local_reference"", ""provided_county"": ""Forsyth"", ""local_reference_county"": ""Jackson"", ""action"": ""verify_external_source; do not overwrite seed""}]"
gnem_row_167,167,company_897a9db8aebed83bd2799b36,Sheet1,"{""Company"": ""Southern Switches Corp."", ""Category"": ""Tier 1"", ""Industry Group"": "" Transportation Equipment"", ""Location"": ""Dahlonega, Dawson County"", ""Address"": ""715 Happy Hollow Rd, Dahlonega, GA 30533"", ""Latitude"": 34.5298911539072, ""Longitude"": -83.9984152634814, ""Primary Facility Type"": ""Manufacturing Plant"", ""EV Supply Chain Role"": ""General Automotive"", ""Primary OEMs"": ""Multiple OEMs"", ""Supplier or Affiliation Type"": ""Automotive supply chain participant"", ""Employment"": 68, ""Product / Service"": ""Commercial truck bodies"", ""EV / Battery Relevant"": ""No"", ""Classification Method"": ""Supplier""}",False,"[{""type"": ""city_county_disagreement_with_local_reference"", ""provided_county"": ""Dawson"", ""local_reference_county"": ""Lumpkin"", ""action"": ""verify_external_source; do not overwrite seed""}]"
gnem_row_169,169,company_01817ab985f63f3cc976a82f,Sheet1,"{""Company"": ""Stryten Energy"", ""Category"": ""Tier 1"", ""Industry Group"": "" Transportation Equipment"", ""Location"": ""Alpharetta, Forsyth County"", ""Address"": ""5925 Cabot Pkwy, Alpharetta, GA 30005"", ""Latitude"": 34.1187111, ""Longitude"": -84.2058867, ""Primary Facility Type"": ""Manufacturing Plant"", ""EV Supply Chain Role"": ""General Automotive"", ""Primary OEMs"": ""Multiple OEMs"", ""Supplier or Affiliation Type"": ""Automotive supply chain participant"", ""Employment"": 50, ""Product / Service"": ""Automotive fiber padding"", ""EV / Battery Relevant"": ""Indirect"", ""Classification Method"": ""Supplier""}",False,"[{""type"": ""city_county_disagreement_with_local_reference"", ""provided_county"": ""Forsyth"", ""local_reference_county"": ""Fulton"", ""action"": ""verify_external_source; do not overwrite seed""}]"
gnem_row_173,173,company_a70d2f26955acf1b5a0306e6,Sheet1,"{""Company"": ""Suzuki Manufacturing of America Corp."", ""Category"": ""OEM"", ""Industry Group"": ""Transportation Equipment"", ""Location"": ""Rome, Cobb County"", ""Address"": ""1000 McIntosh Trail SW, Rome, GA 30165"", ""Latitude"": 33.771861, ""Longitude"": -84.730029, ""Primary Facility Type"": ""Manufacturing Plant"", ""EV Supply Chain Role"": ""Vehicle Assembly"", ""Primary OEMs"": ""Rivian Automotive"", ""Supplier or Affiliation Type"": ""Original Equipment Manufacturer"", ""Employment"": 7500, ""Product / Service"": ""Electric vehicle assembly plant"", ""EV / Battery Relevant"": ""Yes"", ""Classification Method"": ""Direct Manufacturer""}",False,"[{""type"": ""city_county_disagreement_with_local_reference"", ""provided_county"": ""Cobb"", ""local_reference_county"": ""Floyd"", ""action"": ""verify_external_source; do not overwrite seed""}]"
gnem_row_179,179,company_102e1a25f7c6be28624dcef0,Sheet1,"{""Company"": ""Thermal Ceramics Inc."", ""Category"": ""OEM"", ""Industry Group"": ""Transportation Equipment"", ""Location"": ""Augusta, Columbia County"", ""Address"": ""2190 N Leg Rd, Augusta, GA 30909"", ""Latitude"": 33.4565319, ""Longitude"": -82.0665715, ""Primary Facility Type"": ""Manufacturing Plant"", ""EV Supply Chain Role"": ""Vehicle Assembly"", ""Primary OEMs"": ""SK Battery America"", ""Supplier or Affiliation Type"": ""Original Equipment Manufacturer"", ""Employment"": 3000, ""Product / Service"": ""Electric vehicle batteries"", ""EV / Battery Relevant"": ""Yes"", ""Classification Method"": ""Direct Manufacturer""}",False,"[{""type"": ""city_county_disagreement_with_local_reference"", ""provided_county"": ""Columbia"", ""local_reference_county"": ""Richmond"", ""action"": ""verify_external_source; do not overwrite seed""}]"
gnem_row_185,185,company_caacbd2dc0461ed785c2c708,Sheet1,"{""Company"": ""Toyota Industries Group (TACG-TICA)"", ""Category"": ""OEM (Footprint)"", ""Industry Group"": ""Commercial vehicles and powertrains"", ""Location"": ""Pendergrass, Hall County"", ""Address"": ""1000 Valentine Industrial Pkwy, Pendergrass, GA 30567"", ""Latitude"": 34.1799504745923, ""Longitude"": -83.6425814297935, ""Primary Facility Type"": ""Corporate operations"", ""EV Supply Chain Role"": ""OEM parent group footprint (electric truck strategy)"", ""Primary OEMs"": null, ""Supplier or Affiliation Type"": null, ""Employment"": 18100, ""Product / Service"": ""Commercial trucks (Freightliner/Western Star) & zero-emission truck programs"", ""EV / Battery Relevant"": ""Yes"", ""Classification Method"": ""Public OEM footprint / supplier listing""}",False,"[{""type"": ""city_county_disagreement_with_local_reference"", ""provided_county"": ""Hall"", ""local_reference_county"": ""Jackson"", ""action"": ""verify_external_source; do not overwrite seed""}]"
gnem_row_188,188,company_7150fb43251087a238bda4ce,Sheet1,"{""Company"": ""Valeo"", ""Category"": ""OEM Supply Chain"", ""Industry Group"": ""Automotive parts manufacturing"", ""Location"": null, ""Address"": null, ""Latitude"": null, ""Longitude"": null, ""Primary Facility Type"": ""Manufacturing plant"", ""EV Supply Chain Role"": ""Tier 1 automotive components"", ""Primary OEMs"": null, ""Supplier or Affiliation Type"": null, ""Employment"": 269, ""Product / Service"": ""Automotive body/stamped metal assemblies (Kia/Hyundai supply chain)"", ""EV / Battery Relevant"": ""Yes"", ""Classification Method"": ""Public OEM footprint / supplier listing""}",False,"[{""type"": ""missing_seed_location""}]"
gnem_row_193,193,company_1b71f48f9617b15b0e014979,Sheet1,"{""Company"": ""Volvo Cars USA"", ""Category"": ""OEM Supply Chain"", ""Industry Group"": ""Automotive plastics"", ""Location"": null, ""Address"": ""1800 Volvo Place, Mahwah, NJ 07430"", ""Latitude"": 41.0740427635951, ""Longitude"": -74.1712478395491, ""Primary Facility Type"": ""Manufacturing plant"", ""EV Supply Chain Role"": ""Plastic components for EV and ICE vehicles"", ""Primary OEMs"": null, ""Supplier or Affiliation Type"": null, ""Employment"": 456, ""Product / Service"": ""Automotive plastic parts manufacturing (interior/exterior components)"", ""EV / Battery Relevant"": ""Yes"", ""Classification Method"": ""Public OEM footprint / supplier listing""}",False,"[{""type"": ""missing_seed_location""}]"
gnem_row_194,194,company_7a96eea5ccf771c156845947,Sheet1,"{""Company"": ""Volvo Group North America"", ""Category"": ""OEM Supply Chain"", ""Industry Group"": ""Metal stamping and assemblies"", ""Location"": null, ""Address"": ""7900 National Service Rd, Greensboro, NC 27409"", ""Latitude"": 36.0818642621738, ""Longitude"": -79.9684288843386, ""Primary Facility Type"": ""Manufacturing plant"", ""EV Supply Chain Role"": ""Stamped metal components for OEMs"", ""Primary OEMs"": null, ""Supplier or Affiliation Type"": null, ""Employment"": 251, ""Product / Service"": ""Metal stamping/pressing for automotive components"", ""EV / Battery Relevant"": ""Yes"", ""Classification Method"": ""Public OEM footprint / supplier listing""}",False,"[{""type"": ""missing_seed_location""}]"
gnem_row_198,198,company_a61f2691b7ceb2228b2ccd4d,Sheet1,"{""Company"": ""Woodbridge Foam Corp."", ""Category"": ""OEM Supply Chain"", ""Industry Group"": ""Automotive electrical systems"", ""Location"": ""Lithonia, Rockdale County"", ""Address"": ""2399 S Stone Mountain Lithonia Rd, Lithonia, GA 30058"", ""Latitude"": 33.737555, ""Longitude"": -84.1198547, ""Primary Facility Type"": ""Manufacturing"", ""EV Supply Chain Role"": ""EV wiring harnesses and power distribution"", ""Primary OEMs"": null, ""Supplier or Affiliation Type"": null, ""Employment"": 1657, ""Product / Service"": ""Automotive wiring harnesses & electrical distribution systems"", ""EV / Battery Relevant"": ""Yes"", ""Classification Method"": ""Public OEM footprint / supplier listing""}",False,"[{""type"": ""city_county_disagreement_with_local_reference"", ""provided_county"": ""Rockdale"", ""local_reference_county"": ""DeKalb"", ""action"": ""verify_external_source; do not overwrite seed""}]"
gnem_row_199,199,company_aa1a5dfbbcb7e72c4fc98871,Sheet1,"{""Company"": ""Woory Industrial Co."", ""Category"": ""OEM Supply Chain"", ""Industry Group"": ""Electrical connectors and sensors"", ""Location"": ""Dublin, Johnson County"", ""Address"": ""404 Kellam Rd, Dublin, GA 31021"", ""Latitude"": 32.5286348559853, ""Longitude"": -82.9311657105471, ""Primary Facility Type"": ""Manufacturing / Engineering"", ""EV Supply Chain Role"": ""High‑voltage EV connectors and electronics"", ""Primary OEMs"": null, ""Supplier or Affiliation Type"": null, ""Employment"": 87000, ""Product / Service"": ""Automotive connectors, terminals, sensors, and power/data components"", ""EV / Battery Relevant"": ""Yes"", ""Classification Method"": ""Public OEM footprint / supplier listing""}",False,"[{""type"": ""city_county_disagreement_with_local_reference"", ""provided_county"": ""Johnson"", ""local_reference_county"": ""Laurens"", ""action"": ""verify_external_source; do not overwrite seed""}]"
